UEID,Title,Created On,IBase Status,Article Number/MLFB,Serial Number,Current Customer,Site,Product Group
IB-15897756-D4C5,6SR5502-2HB38-0BH2-Z-Z8-254251535-10C,29-10-2025 15:08,Active,6SR5502-2HB38-0BH2-Z,Z8-254251535-10C,ARCELORMITTAL NIPPON STEE,"IN-Hazira-27Km, Surat Hazira Rd., Surat","PH GH180, air cooled"
IB-15897757-Z5K4,6SR5502-2HB38-0BH2-Z-Z8-254251535-10D,29-10-2025 15:08,Active,6SR5502-2HB38-0BH2-Z,Z8-254251535-10D,ARCELORMITTAL NIPPON STEE,"IN-Hazira-27Km, Surat Hazira Rd., Surat","PH GH180, air cooled"
IB-15897758-L7T5,6SR5502-2HC41-0BH2-Z-Z8-254251540-10E,29-10-2025 15:08,Active,6SR5502-2HC41-0BH2-Z,Z8-254251540-10E,ARCELORMITTAL NIPPON STEE,"IN-Hazira-27Km, Surat Hazira Rd., Surat","PH GH180, air cooled"
IB-15897759-M8L8,6SR5502-2HC41-0BH2-Z-Z8-254251540-111,29-10-2025 15:08,Active,6SR5502-2HC41-0BH2-Z,Z8-254251540-111,ARCELORMITTAL NIPPON STEE,"IN-Hazira-27Km, Surat Hazira Rd., Surat","PH GH180, air cooled"
IB-15897760-B2M9,6SR5502-2HC41-0BH2-Z-Z8-254251540-114,29-10-2025 15:08,Active,6SR5502-2HC41-0BH2-Z,Z8-254251540-114,ARCELORMITTAL NIPPON STEE,"IN-Hazira-27Km, Surat Hazira Rd., Surat","PH GH180, air cooled"
IB-15897761-F0C7,6SR5502-2HC41-0BH2-Z-Z8-254251540-115,29-10-2025 15:08,Active,6SR5502-2HC41-0BH2-Z,Z8-254251540-115,ARCELORMITTAL NIPPON STEE,"IN-Hazira-27Km, Surat Hazira Rd., Surat","PH GH180, air cooled"
IB-15897762-N0Q2,6SR5502-2HC41-0BH2-Z-Z8-254251540-116,29-10-2025 15:08,Active,6SR5502-2HC41-0BH2-Z,Z8-254251540-116,ARCELORMITTAL NIPPON STEE,"IN-Hazira-27Km, Surat Hazira Rd., Surat","PH GH180, air cooled"
IB-15897764-S3B7,6SR5502-2HE42-0BH2-Z-Z8-254251548-394,29-10-2025 15:08,Active,6SR5502-2HE42-0BH2-Z,Z8-254251548-394,ARCELORMITTAL NIPPON STEE,"IN-Hazira-27Km, Surat Hazira Rd., Surat","PH GH180, air cooled"
IB-15897765-B6N7,6SR5502-2HE42-0BH2-Z-Z8-254251548-395,29-10-2025 15:08,Active,6SR5502-2HE42-0BH2-Z,Z8-254251548-395,ARCELORMITTAL NIPPON STEE,"IN-Hazira-27Km, Surat Hazira Rd., Surat","PH GH180, air cooled"
IB-15866429-H7Z1,6SR5502-5NE43-0BH2-Z-Z8-253851848-033,12-10-2025 14:54,Active,6SR5502-5NE43-0BH2-Z,Z8-253851848-033,Pacific Iron Mfg. Ltd.,"IN-Howrah-Nh 6, P. O. Mahishrekha, Madhabpur,","PH GH180, air cooled"
IB-15894613-B7S1,1RN65664HJ90-Z-DVY/17062651001,26-10-2025 00:54,Active,1RN65664HJ90-Z,DVY/17062651001,INNOMOTICS INDIA PRIVATE LIMITED  Simense Ltd. CS MumbaI SPC,"IN-Navi Mumbai-Plot C39, TTC Ind. Area Pawane",Motors HV Innomotics HV M (Non-Ex)
IB-16032143-V4Z7,6SR5502-2HA34-0BH2-Z-Z8-255151534-0A9,07-01-2026 14:41,Active,6SR5502-2HA34-0BH2-Z,Z8-255151534-0A9,THRIVENI SAINIK PBNW PVT,"IN-Howrah-Nh 6, P. O. Mahishrekha, Madhabpur,","PH GH180, air cooled"
IB-16032144-B7T0,6SR5502-2HA34-0BH2-Z-Z8-255151534-0AD,07-01-2026 14:41,Active,6SR5502-2HA34-0BH2-Z,Z8-255151534-0AD,THRIVENI SAINIK PBNW PVT,"IN-Howrah-Nh 6, P. O. Mahishrekha, Madhabpur,","PH GH180, air cooled"
IB-16032145-T4T5,6SR5502-2HB36-0BH2-Z-Z8-255151535-0A7,07-01-2026 14:41,Active,6SR5502-2HB36-0BH2-Z,Z8-255151535-0A7,THRIVENI SAINIK PBNW PVT,"IN-Howrah-Nh 6, P. O. Mahishrekha, Madhabpur,","PH GH180, air cooled"
IB-16032146-F9Q3,6SR5502-2HB36-0BH2-Z-Z8-255151535-0A8,07-01-2026 14:41,Active,6SR5502-2HB36-0BH2-Z,Z8-255151535-0A8,THRIVENI SAINIK PBNW PVT,"IN-Howrah-Nh 6, P. O. Mahishrekha, Madhabpur,","PH GH180, air cooled"
IB-15949744-Z1R6,6SR5502-2HF42-5BH2-Z-Z8-254651552-041,23-11-2025 14:44,Active,6SR5502-2HF42-5BH2-Z,Z8-254651552-041,INNOMOTICS INDIA PRIVATE,"IN-Navi Mumbai-Plot No C-39,TTC Industrial Area,Pa","PH GH180, air cooled"
IB-16002082-H7R8,1NB1502-4AT50-4AG0-Z-N-TD5046864010001,16-12-2025 01:53,Active,1NB1502-4AT50-4AG0-Z,N-TD5046864010001,INNOMOTICS INDIA PRIVATE LIMITED  Simense Ltd. CS MumbaI SPC,"IN-Navi Mumbai-Plot C39, TTC Ind. Area Pawane",Motors HV Innomotics HV C (flameproof)
IB-16003218-F2C6,6SR5502-0CF41-5BH2-Z-Z8-254851352-481,17-12-2025 14:47,Active,6SR5502-0CF41-5BH2-Z,Z8-254851352-481,YANTRA HARVEST ENERGY PVT,"IN-Pune-Office No.101-103, Bay Business,","PH GH180, air cooled"
IB-16003219-G0W1,6SR5502-0CF41-5BH2-Z-Z8-254851352-482,17-12-2025 14:47,Active,6SR5502-0CF41-5BH2-Z,Z8-254851352-482,YANTRA HARVEST ENERGY PVT,"IN-Pune-Office No.101-103, Bay Business,","PH GH180, air cooled"
IB-15877184-G4J0,6SR5502-2HA34-0BH2-Z-Z8-253951534-25E,19-10-2025 15:00,Active,6SR5502-2HA34-0BH2-Z,Z8-253951534-25E,ARCELORMITTAL NIPPON STEE,"IN-Hazira-27Km, Surat Hazira Rd., Surat","PH GH180, air cooled"
IB-15877185-Y6S3,6SR5502-2HA34-0BH2-Z-Z8-254051534-023,19-10-2025 15:00,Active,6SR5502-2HA34-0BH2-Z,Z8-254051534-023,ARCELORMITTAL NIPPON STEE,"IN-Hazira-27Km, Surat Hazira Rd., Surat","PH GH180, air cooled"
IB-15877186-S0R8,6SR5502-2HA34-0BH2-Z-Z8-254051534-024,19-10-2025 15:00,Active,6SR5502-2HA34-0BH2-Z,Z8-254051534-024,ARCELORMITTAL NIPPON STEE,"IN-Hazira-27Km, Surat Hazira Rd., Surat","PH GH180, air cooled"
IB-15877187-V7H0,6SR5502-2HA34-0BH2-Z-Z8-254051534-025,19-10-2025 15:00,Active,6SR5502-2HA34-0BH2-Z,Z8-254051534-025,ARCELORMITTAL NIPPON STEE,"IN-Hazira-27Km, Surat Hazira Rd., Surat","PH GH180, air cooled"
IB-15877188-S1G3,6SR5502-2HB36-0BH2-Z-Z8-253851535-083,19-10-2025 15:00,Active,6SR5502-2HB36-0BH2-Z,Z8-253851535-083,ARCELORMITTAL NIPPON STEE,"IN-Hazira-27Km, Surat Hazira Rd., Surat","PH GH180, air cooled"
IB-15877189-S9R1,6SR5502-2HB36-0BH2-Z-Z8-253851535-084,19-10-2025 15:00,Active,6SR5502-2HB36-0BH2-Z,Z8-253851535-084,ARCELORMITTAL NIPPON STEE,"IN-Hazira-27Km, Surat Hazira Rd., Surat","PH GH180, air cooled"
IB-15877190-F2G2,6SR5502-2HB36-0BH2-Z-Z8-253851535-085,19-10-2025 15:00,Active,6SR5502-2HB36-0BH2-Z,Z8-253851535-085,ARCELORMITTAL NIPPON STEE,"IN-Hazira-27Km, Surat Hazira Rd., Surat","PH GH180, air cooled"
IB-15877191-H1F1,6SR5502-2HB36-0BH2-Z-Z8-253951535-013,19-10-2025 15:00,Active,6SR5502-2HB36-0BH2-Z,Z8-253951535-013,ARCELORMITTAL NIPPON STEE,"IN-Hazira-27Km, Surat Hazira Rd., Surat","PH GH180, air cooled"
IB-15877192-V3X3,6SR5502-2HB36-0BH2-Z-Z8-253951535-014,19-10-2025 15:00,Active,6SR5502-2HB36-0BH2-Z,Z8-253951535-014,ARCELORMITTAL NIPPON STEE,"IN-Hazira-27Km, Surat Hazira Rd., Surat","PH GH180, air cooled"
IB-15877193-D7J0,6SR5502-2HB36-0BH2-Z-Z8-253951535-015,19-10-2025 15:00,Active,6SR5502-2HB36-0BH2-Z,Z8-253951535-015,ARCELORMITTAL NIPPON STEE,"IN-Hazira-27Km, Surat Hazira Rd., Surat","PH GH180, air cooled"
IB-15877194-N4X3,6SR5502-2HB36-0BH2-Z-Z8-253951535-016,19-10-2025 15:00,Active,6SR5502-2HB36-0BH2-Z,Z8-253951535-016,ARCELORMITTAL NIPPON STEE,"IN-Hazira-27Km, Surat Hazira Rd., Surat","PH GH180, air cooled"
IB-15877195-G9C2,6SR5502-2HB36-0BH2-Z-Z8-253951535-22E,19-10-2025 15:00,Active,6SR5502-2HB36-0BH2-Z,Z8-253951535-22E,ARCELORMITTAL NIPPON STEE,"IN-Hazira-27Km, Surat Hazira Rd., Surat","PH GH180, air cooled"
IB-15877196-Y3D5,6SR5502-2HB36-0BH2-Z-Z8-253951535-22F,19-10-2025 15:00,Active,6SR5502-2HB36-0BH2-Z,Z8-253951535-22F,ARCELORMITTAL NIPPON STEE,"IN-Hazira-27Km, Surat Hazira Rd., Surat","PH GH180, air cooled"
IB-15877197-L8S5,6SR5502-2HB36-0BH2-Z-Z8-253951535-230,19-10-2025 15:00,Active,6SR5502-2HB36-0BH2-Z,Z8-253951535-230,ARCELORMITTAL NIPPON STEE,"IN-Hazira-27Km, Surat Hazira Rd., Surat","PH GH180, air cooled"
IB-15877198-K8J7,6SR5502-2HB36-0BH2-Z-Z8-253951535-231,19-10-2025 15:00,Active,6SR5502-2HB36-0BH2-Z,Z8-253951535-231,ARCELORMITTAL NIPPON STEE,"IN-Hazira-27Km, Surat Hazira Rd., Surat","PH GH180, air cooled"
IB-15877199-M0K5,6SR5502-2HB36-0BH2-Z-Z8-253951535-232,19-10-2025 15:00,Active,6SR5502-2HB36-0BH2-Z,Z8-253951535-232,ARCELORMITTAL NIPPON STEE,"IN-Hazira-27Km, Surat Hazira Rd., Surat","PH GH180, air cooled"
IB-15877200-N0Y9,6SR5502-2HB36-0BH2-Z-Z8-253951535-233,19-10-2025 15:00,Active,6SR5502-2HB36-0BH2-Z,Z8-253951535-233,ARCELORMITTAL NIPPON STEE,"IN-Hazira-27Km, Surat Hazira Rd., Surat","PH GH180, air cooled"
IB-15877201-Y9N3,6SR5502-2HB36-0BH2-Z-Z8-253951535-25A,19-10-2025 15:00,Active,6SR5502-2HB36-0BH2-Z,Z8-253951535-25A,ARCELORMITTAL NIPPON STEE,"IN-Hazira-27Km, Surat Hazira Rd., Surat","PH GH180, air cooled"
IB-15877202-L8C8,6SR5502-2HB38-0BH2-Z-Z8-253951535-25D,19-10-2025 15:00,Active,6SR5502-2HB38-0BH2-Z,Z8-253951535-25D,ARCELORMITTAL NIPPON STEE,"IN-Hazira-27Km, Surat Hazira Rd., Surat","PH GH180, air cooled"
IB-15877209-B3B4,6SR5502-2HE42-0BH2-Z-Z8-254051548-02A,19-10-2025 15:00,Active,6SR5502-2HE42-0BH2-Z,Z8-254051548-02A,ARCELORMITTAL NIPPON STEE,"IN-Hazira-27Km, Surat Hazira Rd., Surat","PH GH180, air cooled"
IB-15877210-F1Z3,6SR5502-2HE42-0BH2-Z-Z8-254051548-02C,19-10-2025 15:00,Active,6SR5502-2HE42-0BH2-Z,Z8-254051548-02C,ARCELORMITTAL NIPPON STEE,"IN-Hazira-27Km, Surat Hazira Rd., Surat","PH GH180, air cooled"
IB-62676796,1LA52092AA99Z - E0706/506184901028,30-10-2023 21:37,Verified,1LA52092AA99Z,E0706/506184901028,Reliance Industries Ltd.,"IN-Ahmedabad-103/106, Naroda Indl. Estate",Motors HV Others
IB-63007144,6SR5502-5NA38-0BH2 - Z8-232850834-150,30-10-2023 22:33,Preliminary,6SR5802-5NA38-0BH2-Z,Z8-232850834-152-1023-002,SIEMENS Ltd. (MUMBAI OFFICE),"IN-MUMBAI-130, PANDURANG BUDHKAR MARG,","PH GH180, air cooled"
IB-63007145,6SR5502-5NA38-0BH2-Z8-232850834-151,30-10-2023 22:33,Preliminary,6SR5802-5NA38-0BH2-Z,Z8-232850834-151-1023-001,SIEMENS Ltd. (MUMBAI OFFICE),"IN-MUMBAI-130, PANDURANG BUDHKAR MARG,","PH GH180, air cooled"
IB-61264448,6SR4502-2HG43-5BH2 - Z8-231745507-015,30-10-2023 23:02,Verified,6SR4502-2HG43-5BH2,Z8-231745507-015,JSW Steel Ltd.,"IN-Bellary-P.O. Vidyanagar,","PH GH180, air cooled"
IB-61385170,1LA83574AB70Z - N8/65380747,30-10-2023 23:09,Active,1LA83574AB70Z,N8/65380747,"Kairali Steels & Alloys (P) Ltd.  Kanjikode,",IN-Palakkad-Kerala,N-Compact
IB-61408746,6SR5502-2HD41-2BH2 - Z8-231851544-0E8,30-10-2023 23:17,Verified,6SR5502-2HD41-2BH2,Z8-231851544-0E8,McNally Bharat Engineering Company Ltd.,"IN-Talcher-7TH AMALAPADA-IN-Angul, Talcher","PH GH180, air cooled"
IB-62185580,6SR5502-2HB36-0BH2 - Z8-232251535-0F2,31-10-2023 00:15,Active,6SR5502-2HB36-0BH2,Z8-232251535-0F2,SIEMENS LARGE DRIVES INDIA PVT LTD,"IN -Navi Mumbai, Thane","PH GH180, air cooled"
IB-62190898,6SR5502-2HB37-0BH2 - Z8-232251535-155,31-10-2023 00:25,Active,6SR5502-2HB37-0BH2,Z8-232251535-155,SIEMENS LARGE DRIVES INDIA PVT LTD,"IN -Navi Mumbai, Thane","PH GH180, air cooled"
IB-62193215,6SR5502-2HB35-0BH2 - Z8-232251535-008,31-10-2023 00:31,Verified,6SR5502-2HB35-0BH2,Z8-232251535-008,Northern Coalfields Ltd.,IN-Bina Project-District Sonbhadra,"PH GH180, air cooled"
IB-66333639,6SR5502-2HC41-2BH2 - Z8-234351540-5F9,25-01-2024 21:23,Verified,6SR5502-2HC41-2BH2,Z8-234351540-5F9,Deccan Cements Ltd.,"IN-Telangana-Telangana State, PIN - 508 218","PH GH180, air cooled"
IB-61046393,6SL3982-5CX10-0AA3 - N-R2173601-00015,02-12-2023 09:42,Active,6SL3982-5CX10-0AA3,N-R2173601-00015,Arcelormittal Nippon Steel India Ltd.,"IN-Hazira-27Km, Surat Hazira Rd., Surat",Miscellaneous
IB-3976961-V2Q7,LDX:DNGW315MN02A-3425811,19-07-2024 19:25,Active,LDX:DNGW315MN02A,3425811,Sulzer Pumps India Ltd. Digha,"IN-Navi Mumbai-9, M.I.D.C  Thane Belapur Road, Digha",LOHER LV flameproof
IB-3976987-J3B7,LDX:DNGW315MN02A-3425812,19-07-2024 19:25,Active,LDX:DNGW315MN02A,3425812,Sulzer Pumps India Ltd. Digha,"IN-Navi Mumbai-9, M.I.D.C  Thane Belapur Road, Digha",LOHER LV flameproof
IB-3977037-Z5C9,LDX:DNGW315MN02A-3425819,19-07-2024 19:25,Active,LDX:DNGW315MN02A,3425819,Sulzer Pumps India Ltd. Digha,"IN-Navi Mumbai-9, M.I.D.C  Thane Belapur Road, Digha",LOHER LV flameproof
IB-3977065-N4P3,LDX:DNGW315MN02A-3425820,19-07-2024 19:25,Active,LDX:DNGW315MN02A,3425820,Sulzer Pumps India Ltd. Digha,"IN-Navi Mumbai-9, M.I.D.C  Thane Belapur Road, Digha",LOHER LV flameproof
IB-3978162-N0F5,LDX:DNGW315MN04A-3408003,19-07-2024 19:25,Active,LDX:DNGW315MN04A,3408003,Neuman & Esser Engineering (India) Pvt. Ltd.,"IN-Pune-T-121, M.I.D.C., Bhosari",LOHER LV flameproof
IB-3978212-G0L9,LDX:DNGW315MN04A-3408004,19-07-2024 19:25,Active,LDX:DNGW315MN04A,3408004,Neuman & Esser Engineering (India) Pvt. Ltd.,"IN-Pune-T-121, M.I.D.C., Bhosari",LOHER LV flameproof
IB-3988612-V0V4,1NC1566-0AA74-4CG0-Z-N-R71665924010001,25-07-2024 06:55,Active,1NC1566-0AA74-4CG0-Z,N-R71665924010001,Bharat Petroleum Corporation Ltd.,"IN-Ernakulam-Kochi Refinery, Post Bag No.2,",Motors HV Innomotics HV C (flameproof)
IB-3989592-T5L0,1NN1318-4AA70-3AA0-Z-N-S55036508010001,25-07-2024 06:55,Active,1NN1318-4AA70-3AA0-Z,N-S55036508010001,Gail (India) Ltd.,"IN -Auraiya-""P.O.-Pata,""",Motors HV Innomotics HV C (Ex)
IB-9511872-K9F8,TYZ:AN_MOTOR_H_FA-200173-10-02,21-01-2025 18:15,Active,TYZ:AN_MOTOR_H_FA,200173-10-02,Ingersoll-Rand (India) Ltd.,IN-Mumbai-Solitare Park IV Unit 411/412 167,Motors HV ANEMA
IB-9511893-P3Y7,TYZ:AN_MOTOR_H_FA-200173-10-03,21-01-2025 18:15,Active,TYZ:AN_MOTOR_H_FA,200173-10-03,Ingersoll-Rand (India) Ltd.,IN-Mumbai-Solitare Park IV Unit 411/412 167,Motors HV ANEMA
IB-9512160-N0W1,TYZ:AN_MOTOR_H_FA-200173-10-01,21-01-2025 18:15,Active,TYZ:AN_MOTOR_H_FA,200173-10-01,Ingersoll-Rand (India) Ltd.,IN-Mumbai-Solitare Park IV Unit 411/412 167,Motors HV ANEMA
IB-7370328-X9W7,6SR4502-2NK47-0BH2-Z-Z8-243144510-4C7,26-12-2024 16:58,Active,6SR4502-2NK47-0BH2-Z,Z8-243144510-4C7,LLOYDS METALS AND ENERGY,"IN-Navi Mumbai-Plot No C-39,TTC Industrial Area,Pa","PH GH180, air cooled"
IB-7370376-C6K8,6SR4502-2NK47-0BH2-Z-Z8-243144510-60C,26-12-2024 16:58,Active,6SR4502-2NK47-0BH2-Z,Z8-243144510-60C,LLOYDS METALS AND ENERGY,"IN-Navi Mumbai-Plot No C-39,TTC Industrial Area,Pa","PH GH180, air cooled"
IB-7370528-K6F2,6SR5502-2HD41-4FH2-Z-Z8-243051544-00B,26-12-2024 16:58,Verified,6SR5502-2HD41-4FH2-Z,Z8-243051544-00B,Hindustan Zinc Ltd.,IN-Dariba Mines-Rajpura,"PH GH180, air cooled"
IB-7370559-Z9F4,6SR5502-2HD41-4FH2-Z-Z8-243051544-00D,26-12-2024 16:58,Verified,6SR5502-2HD41-4FH2-Z,Z8-243051544-00D,Hindustan Zinc Ltd.,IN-Dariba Mines-Rajpura,"PH GH180, air cooled"
IB-7370586-H7L2,6SR5502-2HD41-4FH2-Z-Z8-243051544-00F,26-12-2024 16:58,Verified,6SR5502-2HD41-4FH2-Z,Z8-243051544-00F,Hindustan Zinc Ltd.,IN-Dariba Mines-Rajpura,"PH GH180, air cooled"
IB-7370621-V6V0,6SR5502-2HD41-4FH2-Z-Z8-243051544-011,26-12-2024 16:58,Verified,6SR5502-2HD41-4FH2-Z,Z8-243051544-011,Hindustan Zinc Ltd.,IN-Dariba Mines-Rajpura,"PH GH180, air cooled"
IB-7370662-G3K7,6SR5502-2HD41-4FH2-Z-Z8-243051544-037,26-12-2024 16:58,Verified,6SR5502-2HD41-4FH2-Z,Z8-243051544-037,Hindustan Zinc Ltd.,IN-Dariba Mines-Rajpura,"PH GH180, air cooled"
IB-7371908-X7P4,6SR5502-5NE42-5BH2-Z-Z8-244551848-271,26-12-2024 16:58,Verified,6SR5502-5NE42-5BH2-Z,Z8-244551848-271,J. K. Cement Ltd.,"IN-Panna-Village Harduwaken, Tehsil Amanganj, Pin - 488441,  Distt. Panna (M.P.","PH GH180, air cooled"
IB-7371941-T4H2,6SR5502-5NE42-5BH2-Z-Z8-244551848-273,26-12-2024 16:58,Verified,6SR5502-5NE42-5BH2-Z,Z8-244551848-273,J. K. Cement Ltd.,"IN-Panna-Village Harduwaken, Tehsil Amanganj, Pin - 488441,  Distt. Panna (M.P.","PH GH180, air cooled"
IB-15985215-V9R9,6SR5502-5NC41-7BH2-Z-Z8-254851840-3D3,10-12-2025 14:24,Active,6SR5502-5NC41-7BH2-Z,Z8-254851840-3D3,INNOMOTICS INDIA PRIVATE,"IN-Navi Mumbai-Plot No C-39,TTC Industrial Area,Pa","PH GH180, air cooled"
IB-15985216-J1K0,6SR5502-5NC41-7BH2-Z-Z8-254851840-3D4,10-12-2025 14:24,Active,6SR5502-5NC41-7BH2-Z,Z8-254851840-3D4,INNOMOTICS INDIA PRIVATE,"IN-Navi Mumbai-Plot No C-39,TTC Industrial Area,Pa","PH GH180, air cooled"
IB-15985217-S7P2,6SR5502-5NC41-7BH2-Z-Z8-254851840-3D7,10-12-2025 14:24,Active,6SR5502-5NC41-7BH2-Z,Z8-254851840-3D7,INNOMOTICS INDIA PRIVATE,"IN-Navi Mumbai-Plot No C-39,TTC Industrial Area,Pa","PH GH180, air cooled"
IB-15985218-B6Y9,6SR5502-5ND42-5BH2-Z-Z8-254851844-3CB,10-12-2025 14:24,Active,6SR5502-5ND42-5BH2-Z,Z8-254851844-3CB,INNOMOTICS INDIA PRIVATE,"IN-Navi Mumbai-Plot No C-39,TTC Industrial Area,Pa","PH GH180, air cooled"
IB-15985219-S6Z3,6SR5502-5ND42-5BH2-Z-Z8-254851844-3CE,10-12-2025 14:24,Active,6SR5502-5ND42-5BH2-Z,Z8-254851844-3CE,INNOMOTICS INDIA PRIVATE,"IN-Navi Mumbai-Plot No C-39,TTC Industrial Area,Pa","PH GH180, air cooled"
IB-15985220-F9W5,6SR5502-5ND42-5BH2-Z-Z8-254851844-3CF,10-12-2025 14:24,Active,6SR5502-5ND42-5BH2-Z,Z8-254851844-3CF,INNOMOTICS INDIA PRIVATE,"IN-Navi Mumbai-Plot No C-39,TTC Industrial Area,Pa","PH GH180, air cooled"
IB-15897594-D8Q4,6SR5502-2HA34-0BH2-Z-Z8-254251534-10A,29-10-2025 15:08,Active,6SR5502-2HA34-0BH2-Z,Z8-254251534-10A,ARCELORMITTAL NIPPON STEE,"IN-Hazira-27Km, Surat Hazira Rd., Surat","PH GH180, air cooled"
IB-15897595-G5D1,6SR5502-2HA34-0BH2-Z-Z8-254251534-10B,29-10-2025 15:08,Active,6SR5502-2HA34-0BH2-Z,Z8-254251534-10B,AMNS Power Hazira Ltd.,"IN-Hazira-27Km, Surat Hazira Rd., Surat","PH GH180, air cooled"
IB-15897596-G2J0,6SR5502-2HA34-0BH2-Z-Z8-254251534-113,29-10-2025 15:08,Active,6SR5502-2HA34-0BH2-Z,Z8-254251534-113,ARCELORMITTAL NIPPON STEE,"IN-Hazira-27Km, Surat Hazira Rd., Surat","PH GH180, air cooled"
IB-15897597-F7X6,6SR5502-2HB36-0BH2-Z-Z8-254251535-00A,29-10-2025 15:08,Active,6SR5502-2HB36-0BH2-Z,Z8-254251535-00A,ARCELORMITTAL NIPPON STEE,"IN-Hazira-27Km, Surat Hazira Rd., Surat","PH GH180, air cooled"
IB-15897598-M7B3,6SR5502-2HB36-0BH2-Z-Z8-254251535-00B,29-10-2025 15:08,Active,6SR5502-2HB36-0BH2-Z,Z8-254251535-00B,ARCELORMITTAL NIPPON STEE,"IN-Hazira-27Km, Surat Hazira Rd., Surat","PH GH180, air cooled"
IB-15897599-S6Y5,6SR5502-2HB36-0BH2-Z-Z8-254251535-00E,29-10-2025 15:08,Active,6SR5502-2HB36-0BH2-Z,Z8-254251535-00E,ARCELORMITTAL NIPPON STEE,"IN-Hazira-27Km, Surat Hazira Rd., Surat","PH GH180, air cooled"
IB-15897600-B0H9,6SR5502-2HB36-0BH2-Z-Z8-254251535-00F,29-10-2025 15:08,Active,6SR5502-2HB36-0BH2-Z,Z8-254251535-00F,ARCELORMITTAL NIPPON STEE,"IN-Hazira-27Km, Surat Hazira Rd., Surat","PH GH180, air cooled"
IB-15897601-S3H9,6SR5502-2HB36-0BH2-Z-Z8-254251535-011,29-10-2025 15:08,Active,6SR5502-2HB36-0BH2-Z,Z8-254251535-011,ARCELORMITTAL NIPPON STEE,"IN-Hazira-27Km, Surat Hazira Rd., Surat","PH GH180, air cooled"
IB-15897602-F1Z2,6SR5502-2HB36-0BH2-Z-Z8-254251535-012,29-10-2025 15:08,Active,6SR5502-2HB36-0BH2-Z,Z8-254251535-012,ARCELORMITTAL NIPPON STEE,"IN-Hazira-27Km, Surat Hazira Rd., Surat","PH GH180, air cooled"
IB-15897603-Z5G7,6SR5502-2HB36-0BH2-Z-Z8-254251535-013,29-10-2025 15:08,Active,6SR5502-2HB36-0BH2-Z,Z8-254251535-013,ARCELORMITTAL NIPPON STEE,"IN-Hazira-27Km, Surat Hazira Rd., Surat","PH GH180, air cooled"
IB-15897604-K1X0,6SR5502-2HB36-0BH2-Z-Z8-254251535-015,29-10-2025 15:08,Active,6SR5502-2HB36-0BH2-Z,Z8-254251535-015,ARCELORMITTAL NIPPON STEE,"IN-Hazira-27Km, Surat Hazira Rd., Surat","PH GH180, air cooled"
IB-15897605-P9Y4,6SR5502-2HB36-0BH2-Z-Z8-254251535-016,29-10-2025 15:08,Active,6SR5502-2HB36-0BH2-Z,Z8-254251535-016,ARCELORMITTAL NIPPON STEE,"IN-Hazira-27Km, Surat Hazira Rd., Surat","PH GH180, air cooled"
IB-15897606-H5M4,6SR5502-2HB36-0BH2-Z-Z8-254251535-017,29-10-2025 15:08,Active,6SR5502-2HB36-0BH2-Z,Z8-254251535-017,ARCELORMITTAL NIPPON STEE,"IN-Hazira-27Km, Surat Hazira Rd., Surat","PH GH180, air cooled"
IB-15897607-S8J2,6SR5502-2HB36-0BH2-Z-Z8-254251535-018,29-10-2025 15:08,Active,6SR5502-2HB36-0BH2-Z,Z8-254251535-018,ARCELORMITTAL NIPPON STEE,"IN-Hazira-27Km, Surat Hazira Rd., Surat","PH GH180, air cooled"
IB-15913239-M7V8,6SR5502-2HA34-0BH2-Z-Z8-254351534-21A,05-11-2025 15:03,Active,6SR5502-2HA34-0BH2-Z,Z8-254351534-21A,ARCELORMITTAL NIPPON STEE,"IN-Hazira-27Km, Surat Hazira Rd., Surat","PH GH180, air cooled"
IB-15913240-S0Z5,6SR5502-2HB36-0BH2-Z-Z8-254251535-396,05-11-2025 15:03,Active,6SR5502-2HB36-0BH2-Z,Z8-254251535-396,ARCELORMITTAL NIPPON STEE,"IN-Hazira-27Km, Surat Hazira Rd., Surat","PH GH180, air cooled"
IB-15913241-J6W5,6SR5502-2HB36-0BH2-Z-Z8-254251535-397,05-11-2025 15:03,Active,6SR5502-2HB36-0BH2-Z,Z8-254251535-397,ARCELORMITTAL NIPPON STEE,"IN-Hazira-27Km, Surat Hazira Rd., Surat","PH GH180, air cooled"
IB-15913242-G9B9,6SR5502-2HB36-0BH2-Z-Z8-254251535-398,05-11-2025 15:03,Active,6SR5502-2HB36-0BH2-Z,Z8-254251535-398,ARCELORMITTAL NIPPON STEE,"IN-Hazira-27Km, Surat Hazira Rd., Surat","PH GH180, air cooled"
IB-15913243-G1R4,6SR5502-2HB36-0BH2-Z-Z8-254251535-399,05-11-2025 15:03,Active,6SR5502-2HB36-0BH2-Z,Z8-254251535-399,ARCELORMITTAL NIPPON STEE,"IN-Hazira-27Km, Surat Hazira Rd., Surat","PH GH180, air cooled"
IB-15913244-K2M3,6SR5502-2HB36-0BH2-Z-Z8-254251535-39A,05-11-2025 15:03,Active,6SR5502-2HB36-0BH2-Z,Z8-254251535-39A,ARCELORMITTAL NIPPON STEE,"IN-Hazira-27Km, Surat Hazira Rd., Surat","PH GH180, air cooled"
IB-15913245-K5T7,6SR5502-2HB36-0BH2-Z-Z8-254251535-39B,05-11-2025 15:03,Active,6SR5502-2HB36-0BH2-Z,Z8-254251535-39B,ARCELORMITTAL NIPPON STEE,"IN-Hazira-27Km, Surat Hazira Rd., Surat","PH GH180, air cooled"
IB-15913246-V6J4,6SR5502-2HB36-0BH2-Z-Z8-254351535-217,05-11-2025 15:03,Active,6SR5502-2HB36-0BH2-Z,Z8-254351535-217,ARCELORMITTAL NIPPON STEE,"IN-Hazira-27Km, Surat Hazira Rd., Surat","PH GH180, air cooled"
IB-15913247-Q4H5,6SR5502-2HB36-0BH2-Z-Z8-254351535-218,05-11-2025 15:03,Active,6SR5502-2HB36-0BH2-Z,Z8-254351535-218,ARCELORMITTAL NIPPON STEE,"IN-Hazira-27Km, Surat Hazira Rd., Surat","PH GH180, air cooled"
IB-15913248-W3K7,6SR5502-2HB38-0BH2-Z-Z8-254351535-22A,05-11-2025 15:03,Active,6SR5502-2HB38-0BH2-Z,Z8-254351535-22A,ARCELORMITTAL NIPPON STEE,"IN-Hazira-27Km, Surat Hazira Rd., Surat","PH GH180, air cooled"
IB-15913249-X4F8,6SR5502-2HB38-0BH2-Z-Z8-254351535-22B,05-11-2025 15:03,Active,6SR5502-2HB38-0BH2-Z,Z8-254351535-22B,ARCELORMITTAL NIPPON STEE,"IN-Hazira-27Km, Surat Hazira Rd., Surat","PH GH180, air cooled"
IB-15913252-K7F9,6SR5502-2HC41-0BH2-Z-Z8-254351540-226,05-11-2025 15:03,Active,6SR5502-2HC41-0BH2-Z,Z8-254351540-226,ARCELORMITTAL NIPPON STEE,"IN-Hazira-27Km, Surat Hazira Rd., Surat","PH GH180, air cooled"
IB-15913254-M7J0,6SR5502-2HC41-0BH2-Z-Z8-254351540-22C,05-11-2025 15:03,Active,6SR5502-2HC41-0BH2-Z,Z8-254351540-22C,ARCELORMITTAL NIPPON STEE,"IN-Hazira-27Km, Surat Hazira Rd., Surat","PH GH180, air cooled"
IB-15913257-H5M1,6SR5502-2HE42-0BH2-Z-Z8-254351548-21B,05-11-2025 15:03,Active,6SR5502-2HE42-0BH2-Z,Z8-254351548-21B,ARCELORMITTAL NIPPON STEE,"IN-Hazira-27Km, Surat Hazira Rd., Surat","PH GH180, air cooled"
IB-15913258-B6L4,6SR5502-2HE42-0BH2-Z-Z8-254351548-21C,05-11-2025 15:03,Active,6SR5502-2HE42-0BH2-Z,Z8-254351548-21C,ARCELORMITTAL NIPPON STEE,"IN-Hazira-27Km, Surat Hazira Rd., Surat","PH GH180, air cooled"
IB-15913259-H6Q8,6SR5502-2HE42-0BH2-Z-Z8-254351548-21D,05-11-2025 15:03,Active,6SR5502-2HE42-0BH2-Z,Z8-254351548-21D,ARCELORMITTAL NIPPON STEE,"IN-Hazira-27Km, Surat Hazira Rd., Surat","PH GH180, air cooled"
IB-15913260-Q0N4,6SR5502-2HE42-0BH2-Z-Z8-254351548-21E,05-11-2025 15:03,Active,6SR5502-2HE42-0BH2-Z,Z8-254351548-21E,ARCELORMITTAL NIPPON STEE,"IN-Hazira-27Km, Surat Hazira Rd., Surat","PH GH180, air cooled"
IB-15913261-M0N4,6SR5502-2HE42-0BH2-Z-Z8-254351548-21F,05-11-2025 15:03,Active,6SR5502-2HE42-0BH2-Z,Z8-254351548-21F,ARCELORMITTAL NIPPON STEE,"IN-Hazira-27Km, Surat Hazira Rd., Surat","PH GH180, air cooled"
IB-15913262-W2L5,6SR5502-2HE42-0BH2-Z-Z8-254351548-223,05-11-2025 15:03,Active,6SR5502-2HE42-0BH2-Z,Z8-254351548-223,ARCELORMITTAL NIPPON STEE,"IN-Hazira-27Km, Surat Hazira Rd., Surat","PH GH180, air cooled"
IB-3970137-K4Q5,LDX:AMGK315SL04A-3409766,19-07-2024 19:24,Active,LDX:AMGK315SL04A,3409766,Sulzer Pumps India Ltd. SULZER PUMPS INDIA LTD,"IN-Navi Mumbai-9, M.I.D.C  Thane Belapur Road, Digha",LOHER LV non flameproof
IB-15969138-M4W7,6SR5502-2HC41-0BH2-Z-Z8-254751540-031,03-12-2025 14:57,Active,6SR5502-2HC41-0BH2-Z,Z8-254751540-031,INNOMOTICS INDIA PRIVATE,"IN-Navi Mumbai-Plot No C-39,TTC Industrial Area,Pa","PH GH180, air cooled"
IB-15969139-K9B8,6SR5502-2HC41-0BH2-Z-Z8-254751540-033,03-12-2025 14:57,Active,6SR5502-2HC41-0BH2-Z,Z8-254751540-033,INNOMOTICS INDIA PRIVATE,"IN-Navi Mumbai-Plot No C-39,TTC Industrial Area,Pa","PH GH180, air cooled"
IB-15969140-Z9H5,6SR5502-2HC41-0BH2-Z-Z8-254751540-034,03-12-2025 14:57,Active,6SR5502-2HC41-0BH2-Z,Z8-254751540-034,INNOMOTICS INDIA PRIVATE,"IN-Navi Mumbai-Plot No C-39,TTC Industrial Area,Pa","PH GH180, air cooled"
IB-15969141-S9K0,6SR5502-2HC41-0BH2-Z-Z8-254751540-035,03-12-2025 14:57,Active,6SR5502-2HC41-0BH2-Z,Z8-254751540-035,INNOMOTICS INDIA PRIVATE,"IN-Navi Mumbai-Plot No C-39,TTC Industrial Area,Pa","PH GH180, air cooled"
IB-15969142-G4N9,6SR5502-2HC41-0BH2-Z-Z8-254751540-036,03-12-2025 14:57,Active,6SR5502-2HC41-0BH2-Z,Z8-254751540-036,INNOMOTICS INDIA PRIVATE,"IN-Navi Mumbai-Plot No C-39,TTC Industrial Area,Pa","PH GH180, air cooled"
IB-3937519-L6Y4,1PS5071-0BD64-4BA0-Z-2350082,19-07-2024 19:21,Active,1PS5071-0BD64-4BA0-Z,2350082,Flowserve Sanmar Ltd.,"IN-Chennai-147, Karapakkam Village",LOHER LV flameproof
IB-3937567-Y5P8,1PS5071-0BD64-4BA0-Z-2350083,19-07-2024 19:21,Active,1PS5071-0BD64-4BA0-Z,2350083,Flowserve Sanmar Ltd.,"IN-Chennai-147, Karapakkam Village",LOHER LV flameproof
IB-3937606-G1V1,1PS5071-0BD64-4BA0-Z-2350084,19-07-2024 19:21,Active,1PS5071-0BD64-4BA0-Z,2350084,Flowserve Sanmar Ltd.,"IN-Chennai-147, Karapakkam Village",LOHER LV flameproof
IB-3937643-Z2J4,1PS5071-0BD64-4BA0-Z-2350085,19-07-2024 19:21,Active,1PS5071-0BD64-4BA0-Z,2350085,Flowserve Sanmar Ltd.,"IN-Chennai-147, Karapakkam Village",LOHER LV flameproof
IB-3960338-L1Q8,LDX:DNGW132SL02A-2341303,19-07-2024 19:23,Active,LDX:DNGW132SL02A,2341303,Flowserve India Controls Pvt. Ltd.,IN-Coimbatore-SF No.136/3 & 137 Myleripalayam Rd.,LOHER LV flameproof
IB-3960378-S1N8,LDX:DNGW132SL02A-2341304,19-07-2024 19:23,Active,LDX:DNGW132SL02A,2341304,Flowserve India Controls Pvt. Ltd.,IN-Coimbatore-SF No.136/3 & 137 Myleripalayam Rd.,LOHER LV flameproof
IB-3960411-C7P5,LDX:DNGW132SL02A-2341305,19-07-2024 19:23,Active,LDX:DNGW132SL02A,2341305,Flowserve India Controls Pvt. Ltd.,IN-Coimbatore-SF No.136/3 & 137 Myleripalayam Rd.,LOHER LV flameproof
IB-3960458-W2R2,LDX:DNGW132SL02A-2341306,19-07-2024 19:23,Active,LDX:DNGW132SL02A,2341306,Flowserve India Controls Pvt. Ltd.,IN-Coimbatore-SF No.136/3 & 137 Myleripalayam Rd.,LOHER LV flameproof
IB-3960497-V2D6,LDX:DNGW132SL02A-2341307,19-07-2024 19:23,Active,LDX:DNGW132SL02A,2341307,Flowserve India Controls Pvt. Ltd.,IN-Coimbatore-SF No.136/3 & 137 Myleripalayam Rd.,LOHER LV flameproof
IB-3960533-T1T9,LDX:DNGW132SL02A-2341308,19-07-2024 19:23,Active,LDX:DNGW132SL02A,2341308,Flowserve India Controls Pvt. Ltd.,IN-Coimbatore-SF No.136/3 & 137 Myleripalayam Rd.,LOHER LV flameproof
IB-3960573-Y3C4,LDX:DNGW132SL02A-2341309,19-07-2024 19:23,Active,LDX:DNGW132SL02A,2341309,Flowserve India Controls Pvt. Ltd.,IN-Coimbatore-SF No.136/3 & 137 Myleripalayam Rd.,LOHER LV flameproof
IB-3960615-Y7Q9,LDX:DNGW132SL02A-2341310,19-07-2024 19:23,Active,LDX:DNGW132SL02A,2341310,Flowserve India Controls Pvt. Ltd.,IN-Coimbatore-SF No.136/3 & 137 Myleripalayam Rd.,LOHER LV flameproof
IB-3960658-Z8V1,LDX:DNGW132SL02A-2341311,19-07-2024 19:23,Active,LDX:DNGW132SL02A,2341311,Flowserve India Controls Pvt. Ltd.,IN-Coimbatore-SF No.136/3 & 137 Myleripalayam Rd.,LOHER LV flameproof
IB-3960683-J6P9,LDX:DNGW132SL02A-2341312,19-07-2024 19:23,Active,LDX:DNGW132SL02A,2341312,Flowserve India Controls Pvt. Ltd.,IN-Coimbatore-SF No.136/3 & 137 Myleripalayam Rd.,LOHER LV flameproof
IB-3960718-H1B5,LDX:DNGW132SL02A-2341313,19-07-2024 19:23,Active,LDX:DNGW132SL02A,2341313,Flowserve India Controls Pvt. Ltd.,IN-Coimbatore-SF No.136/3 & 137 Myleripalayam Rd.,LOHER LV flameproof
IB-3960757-L5F6,LDX:DNGW132SL02A-2341314,19-07-2024 19:23,Active,LDX:DNGW132SL02A,2341314,Flowserve India Controls Pvt. Ltd.,IN-Coimbatore-SF No.136/3 & 137 Myleripalayam Rd.,LOHER LV flameproof
IB-3960847-V6B6,LDX:DNGW132SL02A-2341315,19-07-2024 19:23,Active,LDX:DNGW132SL02A,2341315,Flowserve India Controls Pvt. Ltd.,IN-Coimbatore-SF No.136/3 & 137 Myleripalayam Rd.,LOHER LV flameproof
IB-3960920-N6B6,LDX:DNGW132SL02A-2341316,19-07-2024 19:23,Active,LDX:DNGW132SL02A,2341316,Flowserve India Controls Pvt. Ltd.,IN-Coimbatore-SF No.136/3 & 137 Myleripalayam Rd.,LOHER LV flameproof
IB-3960990-M9F6,LDX:DNGW132SL02A-2341317,19-07-2024 19:23,Active,LDX:DNGW132SL02A,2341317,Flowserve India Controls Pvt. Ltd.,IN-Coimbatore-SF No.136/3 & 137 Myleripalayam Rd.,LOHER LV flameproof
IB-3961034-G9T4,LDX:DNGW132SL02A-2341318,19-07-2024 19:23,Active,LDX:DNGW132SL02A,2341318,Flowserve India Controls Pvt. Ltd.,IN-Coimbatore-SF No.136/3 & 137 Myleripalayam Rd.,LOHER LV flameproof
IB-3963285-F5T7,LDX:DNGW132SL02A-2354387,19-07-2024 19:23,Active,LDX:DNGW132SL02A,2354387,Dresser Rand India Pvt Ltd,"IN-Ahmedabad-187, GIDC Estate, Naroda",LOHER LV flameproof
IB-3963326-P6Y7,LDX:DNGW132SL02A-2354388,19-07-2024 19:23,Active,LDX:DNGW132SL02A,2354388,Dresser Rand India Pvt Ltd,"IN-Ahmedabad-187, GIDC Estate, Naroda",LOHER LV flameproof
IB-3963366-N0C9,LDX:DNGW132SL02A-2354389,19-07-2024 19:23,Active,LDX:DNGW132SL02A,2354389,Dresser Rand India Pvt Ltd,"IN-Ahmedabad-187, GIDC Estate, Naroda",LOHER LV flameproof
IB-3963403-R9W3,LDX:DNGW132SL02A-2354390,19-07-2024 19:23,Active,LDX:DNGW132SL02A,2354390,Dresser Rand India Pvt Ltd,"IN-Ahmedabad-187, GIDC Estate, Naroda",LOHER LV flameproof
IB-3963442-Q9G7,LDX:DNGW132SL02A-2354391,19-07-2024 19:23,Active,LDX:DNGW132SL02A,2354391,Dresser Rand India Pvt Ltd,"IN-Ahmedabad-187, GIDC Estate, Naroda",LOHER LV flameproof
IB-3963488-Q7V7,LDX:DNGW132SL02A-2354392,19-07-2024 19:23,Active,LDX:DNGW132SL02A,2354392,Dresser Rand India Pvt Ltd,"IN-Ahmedabad-187, GIDC Estate, Naroda",LOHER LV flameproof
IB-3979389-K1M0,LDX:DNGW180MB02A-3411206,19-07-2024 19:25,Active,LDX:DNGW180MB02A,3411206,Flowserve India Controls Pvt. Ltd.,IN-Coimbatore-SF No.136/3 & 137 Myleripalayam Rd.,LOHER LV flameproof
IB-3979430-D1J1,LDX:DNGW180MB02A-3411207,19-07-2024 19:25,Active,LDX:DNGW180MB02A,3411207,Flowserve India Controls Pvt. Ltd.,IN-Coimbatore-SF No.136/3 & 137 Myleripalayam Rd.,LOHER LV flameproof
IB-3979459-X9C5,LDX:DNGW180MB02A-3411208,19-07-2024 19:25,Active,LDX:DNGW180MB02A,3411208,Flowserve India Controls Pvt. Ltd.,IN-Coimbatore-SF No.136/3 & 137 Myleripalayam Rd.,LOHER LV flameproof
IB-3979491-J5C9,LDX:DNGW180MB02A-3411209,19-07-2024 19:25,Active,LDX:DNGW180MB02A,3411209,Flowserve India Controls Pvt. Ltd.,IN-Coimbatore-SF No.136/3 & 137 Myleripalayam Rd.,LOHER LV flameproof
IB-3979518-M9S6,LDX:DNGW180MB02A-3411210,19-07-2024 19:25,Active,LDX:DNGW180MB02A,3411210,Flowserve India Controls Pvt. Ltd.,IN-Coimbatore-SF No.136/3 & 137 Myleripalayam Rd.,LOHER LV flameproof
IB-3979556-C3X6,LDX:DNGW180MB02A-3411211,19-07-2024 19:25,Active,LDX:DNGW180MB02A,3411211,Flowserve India Controls Pvt. Ltd.,IN-Coimbatore-SF No.136/3 & 137 Myleripalayam Rd.,LOHER LV flameproof
IB-3979580-J9Z0,LDX:DNGW180MB02A-3411212,19-07-2024 19:25,Active,LDX:DNGW180MB02A,3411212,Flowserve India Controls Pvt. Ltd.,IN-Coimbatore-SF No.136/3 & 137 Myleripalayam Rd.,LOHER LV flameproof
IB-3979619-V7W7,LDX:DNGW180MB02A-3411213,19-07-2024 19:25,Active,LDX:DNGW180MB02A,3411213,Flowserve India Controls Pvt. Ltd.,IN-Coimbatore-SF No.136/3 & 137 Myleripalayam Rd.,LOHER LV flameproof
IB-3979647-R5P5,LDX:DNGW180MB02A-3411218,19-07-2024 19:25,Active,LDX:DNGW180MB02A,3411218,Flowserve India Controls Pvt. Ltd.,IN-Coimbatore-SF No.136/3 & 137 Myleripalayam Rd.,LOHER LV flameproof
IB-3979678-S5X3,LDX:DNGW180MB02A-3411219,19-07-2024 19:25,Active,LDX:DNGW180MB02A,3411219,Flowserve India Controls Pvt. Ltd.,IN-Coimbatore-SF No.136/3 & 137 Myleripalayam Rd.,LOHER LV flameproof
IB-4140776-V9R2,1RQ4566-8FM90-Z-N-C11338212010001,25-07-2024 07:08,Active,1RQ4566-8FM90-Z,N-C11338212010001,Bhushan Steel Ltd.,"IN -New Delhi-""F Block, 1st Floor, Nehru Place,""",Motors HV H-compact+ (Non-Ex)
IB-4140825-Q6F6,1RQ4566-8FM90-Z-N-C11338212020001,25-07-2024 07:08,Active,1RQ4566-8FM90-Z,N-C11338212020001,Bhushan Steel Ltd.,"IN -New Delhi-""F Block, 1st Floor, Nehru Place,""",Motors HV H-compact+ (Non-Ex)
IB-4140876-K4C2,1RQ4566-8FM90-Z-N-C71351439010001,25-07-2024 07:08,Active,1RQ4566-8FM90-Z,N-C71351439010001,Bhushan Steel Ltd.,"IN -New Delhi-""F Block, 1st Floor, Nehru Place,""",Motors HV H-compact+ (Non-Ex)
IB-4152816-L0D6,6SL3810-2LP36-0AA0-Z-N-D91392192050001,25-07-2024 07:09,Verified,6SL3810-2LP36-0AA0-Z,N-D91392192050001,NMDC Ltd,IN -INDIEN-StraSSe fehlt,"GM150 IGBT, air cooled"
IB-16027629-M8K9,6SR5502-2HE42-0BH2-Z-Z8-255051548-00D,24-12-2025 15:05,Active,6SR5502-2HE42-0BH2-Z,Z8-255051548-00D,INNOMOTICS INDIA PRIVATE,"IN-Navi Mumbai-Plot No C-39,TTC Industrial Area,Pa","PH GH180, air cooled"
IB-16027630-S3H1,6SR5502-2HE42-0BH2-Z-Z8-255051548-010,24-12-2025 15:05,Active,6SR5502-2HE42-0BH2-Z,Z8-255051548-010,INNOMOTICS INDIA PRIVATE,"IN-Navi Mumbai-Plot No C-39,TTC Industrial Area,Pa","PH GH180, air cooled"
IB-16027656-M0K7,6SR5502-5NB41-2BH2-Z8-255051835-00C,24-12-2025 15:05,Active,6SR5502-5NB41-2BH2,Z8-255051835-00C,BALAJI ACTION-INDIA,IN -INDIA-...,"PH GH180, air cooled"
IB-15926815-G2F7,,10-11-2025 09:15,Verified,6SR3802-6NB38-0BH0,STB08W0133-PH-MVD,Oil India Ltd. ,IN-Moran-Pump Station 2,"PH GH180, air cooled"
IB-3954299-Z8C1,1PS5131-1BD91-4BA2-Z-2349736,19-07-2024 19:22,Active,1PS5131-1BD91-4BA2-Z,2349736,Siemens Ltd-Logistics Centre Sudeep LCCR,"IN -Navi Mumbai-""Thane Belapur Raod,""",LOHER LV flameproof
IB-3954682-F6R3,1PS5131-1BD94-4BA2-Z-2349316,19-07-2024 19:22,Active,1PS5131-1BD94-4BA2-Z,2349316,Siemens Ltd-Logistics Centre Sudeep LCCR,"IN -Navi Mumbai-""Thane Belapur Raod,""",LOHER LV flameproof
IB-3977016-G3M9,LDX:DNGW180LB04R-3421751,19-07-2024 19:25,Active,LDX:DNGW180LB04R,3421751,BGR Energy Systems Ltd. AFC Factory - Panjetty,"IN-Thiruvallur District-9 GNT Road, Panjetty Village",LOHER LV flameproof
IB-3977049-N8L9,LDX:DNGW180LB04R-3421752,19-07-2024 19:25,Active,LDX:DNGW180LB04R,3421752,BGR Energy Systems Ltd. AFC Factory - Panjetty,"IN-Thiruvallur District-9 GNT Road, Panjetty Village",LOHER LV flameproof
IB-3977077-H0M4,LDX:DNGW180LB04R-3421753,19-07-2024 19:25,Active,LDX:DNGW180LB04R,3421753,BGR Energy Systems Ltd. AFC Factory - Panjetty,"IN-Thiruvallur District-9 GNT Road, Panjetty Village",LOHER LV flameproof
IB-4042308-P7N9,1NB1354-2AA74-4CA0-Z-N-R91666786010001,25-07-2024 06:59,Active,1NB1354-2AA74-4CA0-Z,N-R91666786010001,Indian Oil Corporation Ltd.,IN-Cuttack-Paradip Refinery Project,Motors HV Innomotics HV C (flameproof)
IB-3957589-S3Y0,LDX:DNGW132ML04R-2351748,19-07-2024 19:23,Active,LDX:DNGW132ML04R,2351748,"BGR Energy Systems Ltd. Teynam Pet,","IN-Chennai-443, Anna Salai",LOHER LV flameproof
IB-3957614-D6B5,LDX:DNGW132ML04R-2351749,19-07-2024 19:23,Active,LDX:DNGW132ML04R,2351749,"BGR Energy Systems Ltd. Teynam Pet,","IN-Chennai-443, Anna Salai",LOHER LV flameproof
IB-3961538-M5Y3,LDX:DNGW160ML04R-3421754,19-07-2024 19:23,Active,LDX:DNGW160ML04R,3421754,BGR Energy Systems Ltd. AFC Factory - Panjetty,"IN-Thiruvallur District-9 GNT Road, Panjetty Village",LOHER LV flameproof
IB-3961564-F1J4,LDX:DNGW160ML04R-3421755,19-07-2024 19:23,Active,LDX:DNGW160ML04R,3421755,BGR Energy Systems Ltd. AFC Factory - Panjetty,"IN-Thiruvallur District-9 GNT Road, Panjetty Village",LOHER LV flameproof
IB-3961596-S0P2,LDX:DNGW160ML04R-3421756,19-07-2024 19:23,Active,LDX:DNGW160ML04R,3421756,BGR Energy Systems Ltd. AFC Factory - Panjetty,"IN-Thiruvallur District-9 GNT Road, Panjetty Village",LOHER LV flameproof
IB-59855191,6SR5502-2HC41-0BH2 - Z8-230751540-1D0,15-06-2023 16:39,Verified,6SR5502-2HC41-0BH2,Z8-230751540-1D0,Reliance Industries Ltd.,IN-Jamnagar-Village Meghpar/Padana,"PH GH180, air cooled"
IB-60137135,6SL3982-5CX10-0AA3 - N-R2083601-00005,15-06-2023 18:22,To be verified,6SL3982-5CX10-0AA3,N-R2083601-00005,ArcelorMittal Nippon Steel India Li,"IN -Gujarat-27th KM, Hazira Rd",Miscellaneous
IB-60137140,6SL3982-5CX10-0AA3 - N-R2083601-00006,15-06-2023 18:22,Active,6SL3982-5CX10-0AA3,N-R2083601-00006,Arcelormittal Nippon Steel India Ltd.,"IN-Hazira-27Km, Surat Hazira Rd., Surat",Miscellaneous
IB-60137169,6SL3982-5CX10-0AA3 - N-R2083601-00007,15-06-2023 18:22,Active,6SL3982-5CX10-0AA3,N-R2083601-00007,Arcelormittal Nippon Steel India Ltd.,"IN-Hazira-27Km, Surat Hazira Rd., Surat",Miscellaneous
IB-57241914,6SR5502-2NF42-7BH2 - Z8-225151552-1CB,03-04-2023 12:34,Active,6SR5502-2NF42-7BH2,Z8-225151552-1CB,Siemens Ltd.,"IN-Navi Mumbai-Thane Belapur Rd., Airoli","PH GH180, air cooled"
IB-57713057,6SR4802-2HD41-2BH1 - Z8-181744504-046,03-04-2023 13:04,Active,6SR4802-2HD41-2BH1,Z8-181744504-046,Hindustan Petroleum,"IN-Vijayawada-Kattubadipalem, Kondapalli","PH GH180, air cooled"
IB-57957145,6SR4802-2HF42-2BH1 - STB4K0395PHG42250,03-04-2023 13:04,Active,6SR4802-2HF42-2BH1,STB4K0395PHG42250,Ultratech Cement Ltd.,"IN-Solan-Village Baga, Post Kandhar","PH GH180, air cooled"
IB-53508912,1LA43162AN70Z - N8/65276909,21-01-2023 16:16,Verified,1LA43162AN70Z,N8/65276909,VA Tech Wabag Ltd.,"IN-Chennai-Wabag House, No.17, 200 Feet Thoraipakkam, Pallavaram Main R",Motors HV H-compact (Non-Ex)
IB-26131611,6SL3845-7NN41-8AC2-Z - N-KO5020303010001,07-10-2022 01:08,Verified,6SL3845-7NN41-8AC2-Z,N-KO5020303010001,Jindal Stainless Ltd.,IN-Jajapur-Kalinga Nagar Indl. Complex,"SM150 IGCT, water cooled"
IB-47125779,6SR5502-5NF45-2BH2 - Z8-212850852-602,07-10-2022 03:12,Verified,6SR5502-5NF45-2BH2,Z8-212850852-602,Welspun Metallics Ltd.,"IN-Anjar-Survey No. 650, Welspun City,","PH GH180, air cooled"
IB-47508295,6SR5502-2HF43-0BH2 - Z8-213251552-172,07-10-2022 03:13,Verified,6SR5502-2HF43-0BH2,Z8-213251552-172,Hindustan Zinc Ltd.,IN-Bhilwara-Rampura Agucha Mines,"PH GH180, air cooled"
IB-47101826,6SL3855-5UN11-3KA0 - SN-D4163603-00002,07-10-2022 03:13,Verified,6SL3855-5UN11-3KA0,N-D4163603-00002,NMDC Steel Ltd.,IN-Jagdalpur-Post: Nagarnar,"GL150, water cooled"
IB-47101827,6SL3855-5UN11-3KA0 - SN-D4163603-00001,07-10-2022 03:13,Verified,6SL3855-5UN11-3KA0,N-D4163603-00001,NMDC Steel Ltd.,IN-Jagdalpur-Post: Nagarnar,"GL150, water cooled"
IB-20158790,6SR4802-2HB37-0BH1 - STB8J0316PHG4700,07-10-2022 07:19,Verified,6SR4802-2HB37-0BH1,STB8J0316PHG4700,Lubrizol Advanced Materials India Pvt. Ltd.,"IN-Bharuch-Plot No. D 2 / 11, B / 1 Dahej 2, G.I.D.C","PH GH180, air cooled"
IB-51530566,6SR4502-2HJ46-0BH2 - Z8-221045509-1B3,07-10-2022 12:16,Verified,6SR4502-2HJ46-0BH2,Z8-221045509-1B3,Reco Process Pumps,"IN-Coimbatore-208/3-B, Idigarai Road, NGGO Colony","PH GH180, air cooled"
IB-38506242,A5E34487970 - STB11W0152-PH-MVD,07-10-2022 13:55,Verified,A5E34487970,STB11W0152-PH-MVD,Oil India Ltd.,IN-Jorhat-Changeligaon Nh-37 Qtr No. Bx-1/2 Pump Station No.3,"PH GH180, air cooled"
IB-38603549,6SR5502-2HD41-7BH1 - Z8-195051544-641,07-10-2022 13:55,Verified,6SR5502-2HD41-7BH1,Z8-195051544-641,The India Cements Ltd.,"IN-Chilamkur-Main Rd., Kadapa Dist","PH GH180, air cooled"
IB-38603707,6SR5502-2HD41-7BH1 - Z8-195051544-642,07-10-2022 13:55,Verified,6SR5502-2HD41-7BH1,Z8-195051544-642,The India Cements Ltd.,"IN-Chilamkur-Main Rd., Kadapa Dist","PH GH180, air cooled"
IB-38608657,6SR5502-2HD41-7BH1 - Z8-195151544-025,07-10-2022 13:55,Verified,6SR5502-2HD41-7BH1,Z8-195151544-025,The India Cements Ltd.,"IN-Chilamkur-Main Rd., Kadapa Dist","PH GH180, air cooled"
IB-38608810,6SR5502-2HD41-7BH1 - Z8-195151544-026,07-10-2022 13:55,Verified,6SR5502-2HD41-7BH1,Z8-195151544-026,The India Cements Ltd.,"IN-Chilamkur-Main Rd., Kadapa Dist","PH GH180, air cooled"
IB-38608963,6SR5502-2HD41-7BH1 - Z8-195151544-062,07-10-2022 13:55,Verified,6SR5502-2HD41-7BH1,Z8-195151544-062,The India Cements Ltd.,"IN-Chilamkur-Main Rd., Kadapa Dist","PH GH180, air cooled"
IB-13182023,6SR4802-2HE42-2BH1 - STB9H0238PHG42250,08-10-2022 12:01,Verified,6SR4802-2HE42-2BH1,STB9H0238PHG42250,Nirma Ltd.,IN-Bhavnagar-Survet No-478-P,"PH GH180, air cooled"
IB-16928274,6SR4802-2HE42-2BH1 - STB2J0268PHG42250,08-10-2022 12:01,Verified,6SR4802-2HE42-2BH1,STB2J0268PHG42250,ITC Ltd.,"IN-Bhadrachalam-PO. No.4, Sarapaka Village","PH GH180, air cooled"
IB-12164230,ANGA355LB04P - 5149633,08-10-2022 12:01,Verified,ANGA355LB04P,5149633,Asian Paints Ltd.,"IN-Rohtak-Plot No 1, Phase 1 Sector - 30 B",Motors HV Loher Vario (Non-Ex)
IB-13980134,1LA44526AM00Z - N83004884550,08-10-2022 12:01,Verified,1LA44526AM00Z,N83004884550,Ultratech Cement Ltd.,IN-Patna-Village Po Ps Shajahnapur Next To Sigariyawan Station,Motors HV H-compact (Non-Ex)
IB-10511229,6SL3951-0RC10-0BA0-Z - N-F6223603-00002,08-10-2022 12:19,Verified,6SL3951-0RC10-0BA0-Z,N-F6223603-00002,Hindustan Petroleum Corporation Ltd.,"IN-Visakhapatnam-HPCL, Viskha Refinery, PB # 15,",GL150 CU
IB-589449,6SL3850-5UP20-9AA0 - N-VN054143-00002,08-10-2022 13:35,Verified,6SL3850-5UP20-9AA0,N-VN054143-00002,Arcelormittal Nippon Steel India Ltd.,"IN-Hazira-27Km, Surat Hazira Rd., Surat","GL150, air cooled"
IB-588328,6SL3850-5UN10-9EA0 - N-W3264143-00008,08-10-2022 13:35,Verified,6SL3850-5UN10-9EA0,N-W3264143-00008,Jindal Steel And Power Ltd.,"IN-Ramgarh-Balkudra, Patratu","GL150, air cooled"
IB-588342,6SL3850-5UN10-9EA0 - SN-VO1641143-00002,08-10-2022 13:35,Verified,6SL3850-5UN10-9EA0,SN-VO1641143-00002,JSW Steel Ltd.,"IN-Bellary-P.O. Vidyanagar,","GL150, air cooled"
IB-6163994,1LA4354-6AN70-Z - AAL/ELM/MOT/017,08-10-2022 13:37,Verified,1LA4354-6AN70-Z,AAL/ELM/MOT/017,Anrak Aluminium Ltd.,"IN-Visakhapatnam-Apiic Indl. Park, Gkoduru",Motors HV H-compact (Non-Ex)
IB-6120648,1LA4354-6AN70-Z - BAN_WCPM_1LA4_2,08-10-2022 13:37,Verified,1LA4354-6AN70-Z,BAN_WCPM_1LA4_2,West Coast Paper Mills Ltd.,IN-Dandeli-P B No. 5 Bangur Nagar,Motors HV H-compact (Non-Ex)
IB-6120649,1LA4354-6AN70-Z - BAN_WCPM_1LA4_1,08-10-2022 13:37,Verified,1LA4354-6AN70-Z,BAN_WCPM_1LA4_1,West Coast Paper Mills Ltd.,IN-Dandeli-P B No. 5 Bangur Nagar,Motors HV H-compact (Non-Ex)
IB-6120512,1LA4354-6AN70-Z - BAN_WCPM_1LA4_9,08-10-2022 13:37,Verified,1LA4354-6AN70-Z,BAN_WCPM_1LA4_9,West Coast Paper Mills Ltd.,IN-Dandeli-P B No. 5 Bangur Nagar,Motors HV H-compact (Non-Ex)
IB-6120635,1LA4354-6AN79-Z - BAN_WCPM_1LA4_6,08-10-2022 13:37,Verified,1LA4354-6AN79-Z,BAN_WCPM_1LA4_6,West Coast Paper Mills Ltd.,IN-Dandeli-P B No. 5 Bangur Nagar,Motors HV H-compact (Non-Ex)
IB-6120647,1LA4316-4AN70-Z - BAN_WCPM_1LA4_3,08-10-2022 13:37,Verified,1LA4316-4AN70-Z,BAN_WCPM_1LA4_3,West Coast Paper Mills Ltd.,IN-Dandeli-P B No. 5 Bangur Nagar,Motors HV H-compact (Non-Ex)
IB-6120630,1LA4316-4AN70-Z - BAN_WCPM_1LA4_7,08-10-2022 13:37,Verified,1LA4316-4AN70-Z,BAN_WCPM_1LA4_7,West Coast Paper Mills Ltd.,IN-Dandeli-P B No. 5 Bangur Nagar,Motors HV H-compact (Non-Ex)
IB-6163995,1LA4316-4AN70-Z - AAL/ELM/MOT/005,08-10-2022 13:37,Verified,1LA4316-4AN70-Z,AAL/ELM/MOT/005,Anrak Aluminium Ltd.,"IN-Visakhapatnam-Apiic Indl. Park, Gkoduru",Motors HV H-compact (Non-Ex)
IB-6163996,1LA4316-4AN70-Z - AAL/ELM/MOT/004,08-10-2022 13:37,Verified,1LA4316-4AN70-Z,AAL/ELM/MOT/004,Anrak Aluminium Ltd.,"IN-Visakhapatnam-Apiic Indl. Park, Gkoduru",Motors HV H-compact (Non-Ex)
IB-6164000,1LA4316-4AN70-Z - AAL/ELM/MOT/003,08-10-2022 13:37,Verified,1LA4316-4AN70-Z,AAL/ELM/MOT/003,Anrak Aluminium Ltd.,"IN-Visakhapatnam-Apiic Indl. Park, Gkoduru",Motors HV H-compact (Non-Ex)
IB-6164001,1LA4316-4AN70-Z - AAL/ELM/MOT/002,08-10-2022 13:37,Verified,1LA4316-4AN70-Z,AAL/ELM/MOT/002,Anrak Aluminium Ltd.,"IN-Visakhapatnam-Apiic Indl. Park, Gkoduru",Motors HV H-compact (Non-Ex)
IB-6164005,1LA4316-4AN70-Z - AAL/ELM/MOT/001,08-10-2022 13:37,Verified,1LA4316-4AN70-Z,AAL/ELM/MOT/001,Anrak Aluminium Ltd.,"IN-Visakhapatnam-Apiic Indl. Park, Gkoduru",Motors HV H-compact (Non-Ex)
IB-6445466,1PQ4560-6CM90-Z - N-DD1399040030003,08-10-2022 13:37,Verified,1PQ4560-6CM90-Z,N-DD1399040030003,JSW Steel Ltd.,"IN-Bellary-P.O. Vidyanagar,",Motors HV H-compact (Non-Ex)
IB-6445467,1PQ4560-6CM90-Z - N-DD1399040030002,08-10-2022 13:37,Verified,1PQ4560-6CM90-Z,N-DD1399040030002,JSW Steel Ltd.,"IN-Bellary-P.O. Vidyanagar,",Motors HV H-compact (Non-Ex)
IB-6445468,1PQ4560-6CM90-Z - N-DD1399040030001,08-10-2022 13:37,Verified,1PQ4560-6CM90-Z,N-DD1399040030001,JSW Steel Ltd.,"IN-Bellary-P.O. Vidyanagar,",Motors HV H-compact (Non-Ex)
IB-6239961,A5E31831832 - STB08V0053-PH-MVD,08-10-2022 13:37,Verified,A5E31831832,STB08V0053-PH-MVD,ACC Ltd.,IN-Bilaspur-Gagal Cement Works P O Barmana,"PH GH180, air cooled"
IB-6479018,6SL3845-7NN41-8AA0 - N-E31400389011001,08-10-2022 13:37,Verified,6SL3845-7NN41-8AA0,N-E31400389011001,JSW Steel Ltd.,"IN-Bellary-P.O. Vidyanagar,","SM150 IGCT, water cooled"
IB-6473338,6SL3845-7NN41-8AA0-N-E31400389010001,08-10-2022 13:37,Verified,6SL3845-7NN41-8AA0,N-E31400389010001,JSW Steel Ltd.,"IN-Bellary-P.O. Vidyanagar,","SM150 IGCT, water cooled"
IB-6157317,6SR3502-0HF41-2BH0 - 31501001051,08-10-2022 13:37,Verified,6SR3502-0HF41-2BH0,31501001051,TATA STEEL LTD,IN-Orissa --Kalinga Nagar,"PH GH180, air cooled"
IB-6237874,6SR3102-6NE41-7FH0 - 12311,08-10-2022 13:37,Verified,6SR3102-6NE41-7FH0,12311,ACC Ltd.,IN-Chandrapur-Chanda Cement Works Po Cement Nagar,"PH GH180, air cooled"
IB-6237871,6SR3102-6NE42-5FH0 - 12314,08-10-2022 13:37,Verified,6SR3102-6NE42-5FH0,12314,ACC Ltd.,IN-Chandrapur-Chanda Cement Works Po Cement Nagar,"PH GH180, air cooled"
IB-6237873,6SR3102-6NE42-5FH0 - 12309,08-10-2022 13:37,Verified,6SR3102-6NE42-5FH0,12309,ACC Ltd.,IN-Chandrapur-Chanda Cement Works Po Cement Nagar,"PH GH180, air cooled"
IB-6237872,6SR3102-6NF42-5FH0 - 12308,08-10-2022 13:37,Verified,6SR3102-6NF42-5FH0,12308,ACC Ltd.,IN-Chandrapur-Chanda Cement Works Po Cement Nagar,"PH GH180, air cooled"
IB-6364374,6SR3802-7HG43-0BH0 - STB07V0042-PH-MVD,08-10-2022 13:37,Verified,6SR3802-7HG43-0BH0,STB07V0042-PH-MVD,Ambuja Cements Ltd.,"IN-Howrah-Jaladhulagori Village, PO Dhulagori P.S Sankrail","PH GH180, air cooled"
IB-6364375,6SR3802-7HG43-0BH0-STB07V0041-PH-MVD,08-10-2022 13:37,Verified,6SR3802-7HG43-0BH0,STB07V0041-PH-MVD,Ambuja Cements Ltd.,"IN-Howrah-Jaladhulagori Village, PO Dhulagori P.S Sankrail","PH GH180, air cooled"
IB-6239856,6SR3802-6HD41-2BH0 - STB08V0057-PH-MVD,08-10-2022 13:37,Verified,6SR3802-6HD41-2BH0,STB08V0057-PH-MVD,Tata Steel Long Products Ltd.,"IN-Seraikela-PO Gamharia, Kharsawan","PH GH180, air cooled"
IB-6239857,6SR3802-6HD41-2BH0 - STB07V0044-PH-MVD,08-10-2022 13:37,Verified,6SR3802-6HD41-2BH0,STB07V0044-PH-MVD,Tata Steel Long Products Ltd.,"IN-Seraikela-PO Gamharia, Kharsawan","PH GH180, air cooled"
IB-6239863,6SR3802-6HB37-0BH0 - STB07V0045-PH-MVD,08-10-2022 13:37,Verified,6SR3802-6HB37-0BH0,STB07V0045-PH-MVD,Tata Steel Long Products Ltd.,"IN-Seraikela-PO Gamharia, Kharsawan","PH GH180, air cooled"
IB-6239860,6SR3802-6HB36-0BH0 - STB07V0048-PH-MVD,08-10-2022 13:37,Verified,6SR3802-6HB36-0BH0,STB07V0048-PH-MVD,Tata Steel Long Products Ltd.,"IN-Seraikela-PO Gamharia, Kharsawan","PH GH180, air cooled"
IB-6239861,6SR3802-6HB36-0BH0 - STB07V0046-PH-MVD,08-10-2022 13:37,Verified,6SR3802-6HB36-0BH0,STB07V0046-PH-MVD,Tata Steel Long Products Ltd.,"IN-Seraikela-PO Gamharia, Kharsawan","PH GH180, air cooled"
IB-6239862,6SR3802-6HF43-5BH0 - STB07V0043-PH-MVD,08-10-2022 13:37,Verified,6SR3802-6HF43-5BH0,STB07V0043-PH-MVD,Tata Steel Long Products Ltd.,"IN-Seraikela-PO Gamharia, Kharsawan","PH GH180, air cooled"
IB-6157015,1LA5508-4 - 85399,08-10-2022 13:37,Verified,1LA5508-4,85399,The Durgapur Projects Ltd.Mr. P. K. Samanta D G M (Stores & Purchase),IN-Durgapur-New Administrative Bldg.Durgapur Express Highway,Motors HV Others
IB-6157016,1LA5508-4 - 85397,08-10-2022 13:37,Verified,1LA5508-4,85397,The Durgapur Projects Ltd.Mr. P. K. Samanta D G M (Stores & Purchase),IN-Durgapur-New Administrative Bldg.Durgapur Express Highway,Motors HV Others
IB-6157017,1LA5508-4 - 85398,08-10-2022 13:37,Verified,1LA5508-4,85398,The Durgapur Projects Ltd.Mr. P. K. Samanta D G M (Stores & Purchase),IN-Durgapur-New Administrative Bldg.Durgapur Express Highway,Motors HV Others
IB-588616,6SR3802-6HC37-0BH0 - STB04T0012-PH-MVD,08-10-2022 13:44,To be verified,6SR3802-6HB37-0BH0-Z,STB05T0012-PH-MVD,ITC Limited - Paperboards & Specialty Papers Division,IN-Khammam District-Sarapaka Village,"PH GH180, air cooled"
IB-594623,A5E02651280 - 31501000182,08-10-2022 13:44,Verified,A5E02651280,31501000182,Electrosteel Steels Ltd.,"IN-Bokaro-Village Siyaljori, P.O. Jogidih, P.S. Chandankyari","PH GH180, air cooled"
IB-387724,DNSL355LN04M - 5145865,08-10-2022 13:57,Verified,DNSL355LN04M,5145865,Indian Oil Corporation Ltd.,"IN-Panipat-Panipat Marketing Complex, Village",Motors HV Loher Vario (Ex flameproof)
IB-401025,1DX1553-8AS03-Z - D0931702501,08-10-2022 13:57,Verified,1DX1553-8AS03-Z,D0931702501,Jindal Power Ltd.,"IN-New Delhi-Jindal Centre, 12 Bhikaji Cama","Motors HV H-modyn (sync., cylindrical)"
IB-466472,1DX1553-8AS03-Z - D1031703401,08-10-2022 13:57,Verified,1DX1553-8AS03-Z,D1031703401,Jindal Power Ltd.,"IN-New Delhi-Jindal Centre, 12 Bhikaji Cama","Motors HV H-modyn (sync., cylindrical)"
IB-387827,DHSL400LM04A - 5146798,08-10-2022 13:58,Verified,DHSL400LM04A,5146798,Indian Oil Corporation Ltd.,"IN-Panipat-Panipat Marketing Complex, Village",Motors HV Loher Vario (Ex flameproof)
IB-562853,DHSL400LM04A - 5146799,08-10-2022 13:58,Verified,DHSL400LM04A,5146799,Indian Oil Corporation Ltd.,"IN-Panipat-Panipat Marketing Complex, Village",Motors HV Loher Vario (Ex flameproof)
IB-562854,DHSL400LM04A - 5146800,08-10-2022 13:58,Verified,DHSL400LM04A,5146800,Indian Oil Corporation Ltd.,"IN-Panipat-Panipat Marketing Complex, Village",Motors HV Loher Vario (Ex flameproof)
IB-562855,DHSL400LM04A - 5146801,08-10-2022 13:58,Verified,DHSL400LM04A,5146801,Indian Oil Corporation Ltd.,"IN-Panipat-Panipat Marketing Complex, Village",Motors HV Loher Vario (Ex flameproof)
IB-388012,DNSW560LL06A - 5145816,08-10-2022 13:58,Verified,DNSW560LL06A,5145816,Haldia Petrochemicals Ltd.,"IN-Midnapore-Haldia Petrochemical Complex, P.O.-Durgachalk, Haldia",Motors HV Loher Vario (Ex flameproof)
IB-387723,DHSL355LM06A - 5147235,08-10-2022 13:58,Verified,DHSL355LM06A,5147235,Indian Oil Corporation Ltd.,"IN-Panipat-Panipat Marketing Complex, Village",Motors HV Loher Vario (Ex flameproof)
IB-543348,1TQ3836-8TA03 - D1150249601,08-10-2022 14:00,Verified,1TQ3836-8TA03,D1150249601,Tata Steel BSL Ltd.,"IN-Ghaziabad-23, Site IV, Sahibabad Indl. Area",Motors HV Milling Motors (async.)
IB-42894519,6SR5502-2HE42-0BH1 - Z8-204551548-122,08-10-2022 14:06,Verified,6SR5502-2HE42-0BH1,Z8-204551548-122,JINDAL STEEL LIMITED,"IN-Angul-Jindal Nagar, Village-Nisha, State","PH GH180, air cooled"
IB-43278987,AE01511750 - STB01R0003-DCC-295HD,08-10-2022 14:29,Verified,AE01511750,STB01R0003-DCC-295HD,BEML Ltd.,"IN-Singrauli-Singrauli PB No.5,","PH GH180, air cooled"
IB-43352186,(KADS68)-LE90SM4P-L8GHA,08-10-2022 14:29,To be verified,(KADS68)-LE90SM4P-L8GHA,,Tata Steel Ltd.,IN-Jamshedpur-New Link Rd.,Miscellaneous
IB-43449384,1SB6504-2JJ70-Z - N-M51587981010001,08-10-2022 14:30,Verified,1SB6504-2JJ70-Z,N-M51587981010001,KAESER KOMPRESSOREN AG,IN -Paradip-P.O. Paradip At. Po. Jhimani -,Motors HV Innomotics HV M (Ex)
IB-43457766,1NN1506-4AA70-7AA0-Z - N-N11596048010001,08-10-2022 14:31,Verified,1NN1506-4AA70-7AA0-Z,N-N11596048010001,Agrana Fruit India Pvt. Ltd.,"IN-Pune-206, Konark Icon,",Motors HV Innomotics HV C (Ex)
IB-41820454,6SR4802-0CF41-5BH1 - STB-5K0416-PHG41500,08-10-2022 15:02,Verified,6SR4802-0CF41-5BH1,STB-5K0416-PHG41500,DCM SHRIRAM,"IN-Gujarat-749, Jhagadia GIDC, Fulwadi , BHARUCH","PH GH180, air cooled"
IB-41862480,1MV4716-6BS90-4AD0-Z - LDX/50002601,08-10-2022 15:02,Verified,1MV4716-6BS90-4AD0-Z,LDX/50002601,Flowserve India Controls Pvt. Ltd.,IN-Coimbatore-SF No.136/3 & 137 Myleripalayam Rd.,Motors HV Loher Tube Cooled (Ex flameproof)
IB-41862481,1MV4716-6BS90-4AD0-Z - LDX/50002602,08-10-2022 15:02,Verified,1MV4716-6BS90-4AD0-Z,LDX/50002602,Flowserve India Controls Pvt. Ltd.,IN-Coimbatore-SF No.136/3 & 137 Myleripalayam Rd.,Motors HV Loher Tube Cooled (Ex flameproof)
IB-41864775,6SL3845-7NN41-8AB2-Z - N-MO1606109010001,08-10-2022 15:03,Verified,6SL3845-7NN41-8AB2-Z,N-MO1606109010001,JSW Steel Ltd.,"IN-Raigarh-Survey No. 96/1, 96/2 97/0 Village Khar Karavi, Taluka Pen","SM150 IGCT, water cooled"
IB-40086543,A5E02631359 - 31501000150,08-10-2022 15:29,Verified,A5E02631359,31501000150,Dalmia Cement (Bharat) Ltd.,"IN-Guwahati-3rd & 4th Floor, G. S. Rd., Anil Plaza-II, A B C,","PH GH180, cooling method unknown"
IB-40152535,1PQ4504-8DM90-Z - N-M41569460010001,08-10-2022 15:29,Verified,1PQ4504-8DM90-Z,N-M41569460010001,Steel Authority of India Ltd.,"IN-Bokaro Steel City-Ispat Bhavan, CMO Complex,",Motors HV H-compact (Non-Ex)
IB-33754634,VIN RHF HV3 50002088 - DVY/15678421001,08-10-2022 21:01,Verified,VIN RHF HV3 50002088,DVY/15678421001,TKIL Industries PVT Ltd.,IN-Pune-Station Rd. Pimpri,Miscellaneous (F)
IB-33927774,6SR5502-5NE43-0BH1 - Z8-192250848-673,08-10-2022 21:02,Verified,6SR5502-5NE43-0BH1,Z8-192250848-673,Hindustan Urvarak & Rasayan Ltd.,IN-Gorakhpur-Administrative Bldg. Hurl Campus,"PH GH180, air cooled"
IB-23280536,6SL3845-7NN43-6AA0-N-V8294121-00001,08-10-2022 21:36,Verified,6SL3845-7NN43-6AA0,N-V8294121-00001,Tata Steel BSL Ltd.,"IN-Dhenkanal-Narendra Pur. P.O Shibapur,","SM150 IGCT, water cooled"
IB-23342650,6SL3845-7NN43-6AA0-N-BN1332774020001,08-10-2022 21:36,Verified,6SL3845-7NN43-6AA0,N-BN1332774020001,Tata Steel BSL Ltd.,"IN-Dhenkanal-Narendra Pur. P.O Shibapur,","SM150 IGCT, water cooled"
IB-23342651,6SL3845-7NN43-6AA0-N-BN13327740100001,08-10-2022 21:36,Verified,6SL3845-7NN43-6AA0,N-BN1332774010001,Tata Steel BSL Ltd.,"IN-Dhenkanal-Narendra Pur. P.O Shibapur,","SM150 IGCT, water cooled"
IB-29728921,1LA43544AN78Z - N8/65078706,08-10-2022 21:43,Verified,1LA43544AN78Z,N8/65078706,Megha Engineering & Infrastructures Ltd.,"IN-Hyderabad-S-2 Technocrat Indl. Estate,",Motors HV H-compact (Non-Ex)
IB-29728919,1RQ135221A70Z - N8/64725543,08-10-2022 21:43,Verified,1RQ135221A70Z,N8/64725543,UPL Ltd.,"IN-Jhagadia-Plot no.750, G.I.D.C","Motors HV H-modul (async., Non-Ex)"
IB-23045147,1MS4560-6FV90-Z - N-K75019667010001,08-10-2022 21:48,Verified,1MS4560-6FV90-Z,N-K75019667010001,Brahmaputra Cracker And Polymer Ltd.,"IN-Dibrugarh-BCPL Project Site, Lepetkata",Motors HV H-compact (Ex)
IB-23189841,1LA4500-4AN70-Z - N-K65019765010001,08-10-2022 21:48,Verified,1LA4500-4AN70-Z,N-K65019765010001,Indian Oil Corporation Ltd.,IN-Paradip-P.O. Paradip At. Po. Jhimani - Via Kujang Dist. Jagatsinghpur,Motors HV H-compact (Non-Ex)
IB-23042982,1DE5906-6FF90-Z - N-5019089020001,08-10-2022 21:49,Active,1DE5906-6FF90-Z,N-5019089020001,JSW Steel Ltd.,"IN-Bellary-P.O. Vidyanagar,","Motors HV VEM (Siemens labeled, sync.)"
IB-28877776,6SL3845-7NN43-6AA2-Z - N-KO1529994032001,08-10-2022 22:08,Verified,6SL3845-7NN43-6AA2-Z,N-KO1529994032001,JSW Steel Ltd.,"IN-Raigarh-Survey No. 96/1, 96/2 97/0 Village Khar Karavi, Taluka Pen","SM150 IGCT, water cooled"
IB-28941337,1PQ4504-6CM00Z - N8/65120939,08-10-2022 22:08,Verified,1PQ4504-6CM00Z,N8/65120939,Shri Sai Priya Sugars Ltd.,"IN-Jamakhandi-Hipparagi - Maigur, Taluka Jamakhandi, Post Box No.10",Motors HV H-compact (Non-Ex)
IB-21596616,1LA45622FD90Z - U21172746010001,08-10-2022 23:52,Verified,1LA45622FD90Z,U21172746010001,Welspun India Ltd.,"IN-Anjar-Welspun City, Village Versamedi",Motors HV H-compact (Non-Ex)
IB-21613349,6SR4802-2HD41-5BH1 - STB8J0311PHG41500,08-10-2022 23:52,Verified,6SR4802-2HD41-5BH1,STB8J0311PHG41500,Gail (India) Ltd.,"IN-Samakhiali, KM Stone-270 ,NH-15-VPO-Lakadia","PH GH180, air cooled"
IB-21613509,6SR3802-7HJ46-0BH0 - STB2H0214PHG3E600,08-10-2022 23:52,Verified,6SR3802-7HJ46-0BH0,STB2H0214PHG3E600,Birla Corporation Ltd.,IN-Satna-Post Office Birla Vikas,"PH GH180, air cooled"
IB-21664319,1LL3400-4NF71-Z - 271693,08-10-2022 23:52,Verified,1LL3400-4NF71-Z,271693,AYM Syntex Ltd.,"IN-Silvassa-Survey No.394P, Village Saily",Motors HV H-compact (Atlas Copco)
IB-18163839,6SR4802-2HC41-2BH1 - STB9H0243PHG41250,09-10-2022 00:14,Verified,6SR4802-2HC41-2BH1,STB9H0243PHG41250,Numaligarh Refinery Ltd.,"IN-Numaligarh-NRL Complex, Dist : Golaghat","PH GH180, air cooled"
IB-61987615,6SR5502-2HC41-2BH2-Z8-232151540-021,30-10-2023 20:03,Verified,6SR5502-2HC41-2BH2,Z8-232151540-021,JSW Vijayanagar Metallics Ltd.,"IN-Bellary-P.O. Vidyanagar,","PH GH180, air cooled"
IB-59874787,6SR5502-2HB37-5BH2 - Z8-230751535-1D5,15-06-2023 16:56,Verified,6SR5502-2HB37-5BH2,Z8-230751535-1D5,Reliance Industries Ltd.,IN-Jamnagar-Village Meghpar/Padana,"PH GH180, air cooled"
IB-59889790,6SR5502-2HB37-5BH2 - Z8-230751535-1CC,15-06-2023 17:34,Verified,6SR5502-2HB37-5BH2,Z8-230751535-1CC,Reliance Industries Ltd.,IN-Jamnagar-Village Meghpar/Padana,"PH GH180, air cooled"
IB-59896372,6SR5502-2HB37-5BH2 - Z8-230751535-1D6,15-06-2023 17:52,Verified,6SR5502-2HB37-5BH2,Z8-230751535-1D6,Reliance Industries Ltd.,IN-Jamnagar-Village Meghpar/Padana,"PH GH180, air cooled"
IB-66837457,6SR5502-2HB36-0BH2 - Z8-234651535-48E,25-01-2024 21:13,Active,6SR5502-2HB36-0BH2,Z8-234651535-48E,SIEMENS Ltd. (MUMBAI OFFICE),"IN-MUMBAI-130, PANDURANG BUDHKAR MARG,","PH GH180, air cooled"
IB-66837791,6SR5502-2HB36-0BH2 - Z8-234651535-48F,25-01-2024 21:13,Active,6SR5502-2HB36-0BH2,Z8-234651535-48F,SIEMENS Ltd. (MUMBAI OFFICE),"IN-MUMBAI-130, PANDURANG BUDHKAR MARG,","PH GH180, air cooled"
IB-55687122,6SR5502-2HE41-7BH2 - Z8-224051548-410,20-01-2023 19:08,Verified,6SR5502-2HE41-7BH2,Z8-224051548-410,Bengal Energy Ltd.,"IN-Kharagpur-Mouza Dauka, P.O. Tentulmuri Kharagpur, S. Narayangarh,","PH GH180, air cooled"
IB-8060915,1RQ4562-6FW70-Z - N-C41349106010001,08-10-2022 12:01,Verified,1RQ4562-6FW70-Z,N-C41349106010001,Ambuja Cements Ltd.,"IN-Raipur-Unit Bhatapara, Tehsil Baloda Bazar Dist Raipur",Motors HV H-compact+ (Non-Ex)
IB-12731060,1LA44006AN70Z - 64916030,08-10-2022 12:05,Verified,1LA44006AN70Z,64916030,Hindustan Zinc Ltd.,"IN-Rajsamand-Dariba Smelter Complex, Rajpura Dariba Mines",Motors HV H-compact (Non-Ex)
IB-12732218,1LA1634LA80 - SDF/160530091927,08-10-2022 12:05,Verified,1LA1634LA80,SDF/160530091927,OM SHIV SHAKTI ENTERPRISES PVT.LTD.,"IN-Jaipur-G-445(H),ROADNO.12,V.K.I.AREA JAIPUR (RAJ.)",Motors HV H-compact (Non-Ex)
IB-12757110,1RQ14022IA90Z - N8/3004648040,08-10-2022 12:05,Verified,1RQ14022IA90Z,N8/3004648040,Mohan Spintex India Ltd.,"IN-Krishna-Plot No 16,","Motors HV H-modul (async., Non-Ex)"
IB-12764935,6SR3802-7HG43-2BH-STB9H0241PHG3E3250,08-10-2022 12:05,Verified,6SR3802-7HG43-2BH,STB9H0241PHG3E3250,Nirma Ltd.,"IN-Bhavnagar-Survey No 480, Kalatalav","PH GH180, air cooled"
IB-7787221,1LA4500-6CM00-Z - N-F11438440010001,08-10-2022 12:13,Verified,1LA4500-6CM00-Z,N-F11438440010001,OCL Iron and Steel Ltd.,"IN-Rajgangpur-Village, Lamloi, P.O. Garvana",Motors HV H-compact (Non-Ex)
IB-7787222,1LA4500-6CM00-Z - N-F11438440020001,08-10-2022 12:13,Verified,1LA4500-6CM00-Z,N-F11438440020001,OCL Iron and Steel Ltd.,"IN-Rajgangpur-Village, Lamloi, P.O. Garvana",Motors HV H-compact (Non-Ex)
IB-7785469,1LA4500-6CM00-Z - N-ED1438438020001,08-10-2022 12:13,Verified,1LA4500-6CM00-Z,N-ED1438438020001,OCL Iron and Steel Ltd.,"IN-Rajgangpur-Village, Lamloi, P.O. Garvana",Motors HV H-compact (Non-Ex)
IB-7785470,1LA4500-6CM00-Z - N-ED1438438010001,08-10-2022 12:13,Verified,1LA4500-6CM00-Z,N-ED1438438010001,OCL Iron and Steel Ltd.,"IN-Rajgangpur-Village, Lamloi, P.O. Garvana",Motors HV H-compact (Non-Ex)
IB-7793696,1LA4500-6CM00-Z - N-F11438438030001,08-10-2022 12:13,Verified,1LA4500-6CM00-Z,N-F11438438030001,OCL Iron and Steel Ltd.,"IN-Rajgangpur-Village, Lamloi, P.O. Garvana",Motors HV H-compact (Non-Ex)
IB-7829567,1LA4500-6CM00-Z - N-ED1438437010001,08-10-2022 12:13,Verified,1LA4500-6CM00-Z,N-ED1438437010001,OCL Iron and Steel Ltd.,"IN-Rajgangpur-Village, Lamloi, P.O. Garvana",Motors HV H-compact (Non-Ex)
IB-7486530,1RN4450-4FM90-Z - N-E61418306020001,08-10-2022 12:16,Verified,1RN4450-4FM90-Z,N-E61418306020001,JSW Steel Ltd.,"IN-Mumbai-Pandurang Budhkar Marg,",Motors HV H-compact+ (Non-Ex)
IB-7486525,1RN4450-4FM90-Z - N-E61418306010001,08-10-2022 12:16,Verified,1RN4450-4FM90-Z,N-E61418306010001,JSW Steel Ltd.,"IN-Mumbai-Pandurang Budhkar Marg,",Motors HV H-compact+ (Non-Ex)
IB-7668086,1DQ3644-8AT03-Z - D0650234201,08-10-2022 12:17,Verified,1DQ3644-8AT03-Z,D0650234201,Tata Steel BSL Ltd.,"IN-Ghaziabad-23, Site IV, Sahibabad Indl. Area","Motors HV Milling Motors (sync., small)"
IB-7465006,1PQ4560-6CM90-Z - N-E61418307040001,08-10-2022 12:17,Verified,1PQ4560-6CM90-Z,N-E61418307040001,JSW Steel Ltd.,"IN-Bellary-P.O. Vidyanagar,",Motors HV H-compact (Non-Ex)
IB-7662960,1DW5438-7FE62-Z - D8325108804,08-10-2022 12:19,Verified,1DW5438-7FE62-Z,D8325108804,Oil And Natural Gas Corporation Ltd.,IN-Mumbai-Plot No. C 69 A & B G Block,Motors HV Others
IB-637142,1DX1741-8AS03 - D1231704201,08-10-2022 13:32,To be verified,1DX1741-8AS03-Z,D1231704201,NMDC Ltd.,IN-Dantewada-Bailadila Iron Ore Mines,"Motors HV H-modyn (sync., cylindrical)"
IB-6513685,1RQ4562-4JV90-Z - N-DN1392191020001,08-10-2022 13:39,Verified,1RQ4562-4JV90-Z,N-DN1392191020001,NMDC Ltd.,"IN-Bellary-Donimalai Iron Ore Mine,",Motors HV H-compact+ (Non-Ex)
IB-6513684,1RQ4562-4JV90-Z - N-DN1392191010001,08-10-2022 13:39,Verified,1RQ4562-4JV90-Z,N-DN1392191010001,NMDC Ltd.,"IN-Bellary-Donimalai Iron Ore Mine,",Motors HV H-compact+ (Non-Ex)
IB-6513686,1RQ4564-8JV90-Z - N-DN1392191040001,08-10-2022 13:39,Verified,1RQ4564-8JV90-Z,N-DN1392191040001,NMDC Ltd.,"IN-Bellary-Donimalai Iron Ore Mine,",Motors HV H-compact+ (Non-Ex)
IB-6481312,1LA4316-2AA70 - N8/64671408,08-10-2022 13:40,Verified,1LA4316-2AA70,N8/64671408,Century Enka Ltd.,IN-Pune-Bhosari,Motors HV H-compact (Non-Ex)
IB-6536715,1PS4405-2BJ90-4BA0-Z - 5154037,08-10-2022 13:40,Verified,1PS4405-2BJ90-4BA0-Z,5154037,Reliance Petroleum Ltd.,IN-Jamanagar-Unit At Jamanagar SEZ Village Meghapar/Padana,Motors HV Loher Vario (Ex flameproof)
IB-251899,1RN4636-4HX90 - N-V41189768040001,08-10-2022 13:55,Verified,1RN4636-4HX90,N-V41189768040001,Inox Air Products Pvt. Ltd.,"IN-Bokaro-Near HSCL, CEZ, Bokaro Steel City",Motors HV H-compact+ (Non-Ex)
IB-251900,1RN4636-4HX90 - N-V51189768045001,08-10-2022 13:55,Verified,1RN4636-4HX90,N-V51189768045001,Inox Air Products Pvt. Ltd.,"IN-Bokaro-Near HSCL, CEZ, Bokaro Steel City",Motors HV H-compact+ (Non-Ex)
IB-453590,1LA77144X-Z90-Z - 464326,08-10-2022 14:00,Verified,1LA77144X-Z90-Z,464326,Reliance Industries Ltd.,"IN-Surat-Surat-Hazira Rd., Village Mora","Motors HV Tube Cooled (async., Non-Ex)"
IB-471705,1TZ1746-8AU03-Z - D1031419201,08-10-2022 14:02,Verified,1TZ1746-8AU03-Z,D1031419201,JSW Steel Ltd.,"IN-Boisar-B/6, Tarapur MIDC Ind.Area Navapur Rd., Boisar",Motors HV H-modyn (async.)
IB-292045,1PQ4564-6CM00 - N-VO1205832040001,08-10-2022 14:03,Verified,1PQ4564-6CM00,N-VO1205832040001,JSW Steel Ltd.,"IN-Bellary-P.O. Vidyanagar,",Motors HV H-compact (Non-Ex)
IB-289483,1PQ4564-6CM00 - N-VO1205832030001,08-10-2022 14:03,Verified,1PQ4564-6CM00,N-VO1205832030001,JSW Steel Ltd.,"IN-Bellary-P.O. Vidyanagar,",Motors HV H-compact (Non-Ex)
IB-486635,6SL3810-2LP35-3AA1 - N-AN1292212050001,08-10-2022 14:03,Verified,6SL3810-2LP35-3AA1,N-AN1292212050001,Steel Authority of India Ltd.,IN-Bhilai-Bhilai Steel Plant District,"GM150 IGBT, air cooled"
IB-486636,6SL3810-2LP35-3AA1 - N-AN1292212060001,08-10-2022 14:03,Verified,6SL3810-2LP35-3AA1,N-AN1292212060001,Steel Authority of India Ltd.,IN-Bhilai-Bhilai Steel Plant District,"GM150 IGBT, air cooled"
IB-486637,6SL3810-2LP35-3AA1 - N-AN1292212040001,08-10-2022 14:03,Verified,6SL3810-2LP35-3AA1,N-AN1292212040001,Steel Authority of India Ltd.,IN-Bhilai-Bhilai Steel Plant District,"GM150 IGBT, air cooled"
IB-372649,6SL3835-2LN43-6AA0 - N-X55003977020001,08-10-2022 14:03,Verified,6SL3835-2LN43-6AA0,N-X55003977020001,HPCL-Mittal Energy Ltd.,IN-Bathinda-Phullokari Village Talwandi Saboo,"GM150 IGCT, water cooled"
IB-311388,6SL3845-7NN42-0AA0 - N-WN144121-00004,08-10-2022 14:03,Verified,6SL3845-7NN42-0AA0,N-WN144121-00004,Steel Authority of India Ltd.,IN -Burnpur-Burnpur Indl. Area,"SM150 IGCT, water cooled"
IB-311389,6SL3845-7NN42-0AA0 - N-WN144121-00010,08-10-2022 14:03,To be verified,6SL3845-7NN42-0AA0,N-WN144121-00010,Steel Authority of India Ltd.,"IN-Burnpur-Burnpur, West Bengal, India-713325","SM150 IGCT, water cooled"
IB-311390,6SL3845-7NN42-0AA0 - N-WN144121-00016,08-10-2022 14:03,Verified,6SL3845-7NN42-0AA0,N-WN144121-00016,Steel Authority of India Ltd.,"IN-Burnpur-IISCO Steel Plant, 7 The Ridge","SM150 IGCT, water cooled"
IB-382209,6SL3845-7NN42-0AA0 - N-A45005194030001,08-10-2022 14:03,Verified,6SL3845-7NN42-0AA0,N-A45005194030001,Bhushan Power & Steel Ltd.,"IN-Sambalpur-Village Thelkoloi PO Lapanga Tehshill Rengali, District","SM150 IGCT, water cooled"
IB-390781,6SL3845-7NN42-2AA0 - N-W7294121-00022,08-10-2022 14:03,Verified,6SL3845-7NN42-2AA0,N-W7294121-00022,Jindal Stainless Ltd.,IN-Jajapur-Kalinga Nagar Indl. Complex,"SM150 IGCT, water cooled"
IB-390785,6SL3845-7NN43-6AA0 - N-W7294121-00013,08-10-2022 14:03,Verified,6SL3845-7NN43-6AA0,N-W7294121-00013,Jindal Stainless Ltd.,IN-Jajapur-Kalinga Nagar Indl. Complex,"SM150 IGCT, water cooled"
IB-390711,6SL3845-7NN43-6AA0 - N-V6264121-00005,08-10-2022 14:03,Verified,6SL3845-7NN43-6AA0,N-V6264121-00005,Tata Steel BSL Ltd.,"IN-Dhenkanal-Narendra Pur. P.O Shibapur,","SM150 IGCT, water cooled"
IB-390712,6SL3845-7NN43-6AA0-N-V6264121-00024,08-10-2022 14:03,Verified,6SL3845-7NN43-6AA0,N-V6264121-00024,Tata Steel BSL Ltd.,"IN-Dhenkanal-Narendra Pur. P.O Shibapur,","SM150 IGCT, water cooled"
IB-390713,6SL3845-7NN43-6AA0-N-V7094121-00001,08-10-2022 14:03,Verified,6SL3845-7NN43-6AA0,N-V7094121-00001,Tata Steel BSL Ltd.,"IN-Dhenkanal-Narendra Pur. P.O Shibapur,","SM150 IGCT, water cooled"
IB-390714,6SL3845-7NN43-6AA0-N-V7234121-00001,08-10-2022 14:03,Verified,6SL3845-7NN43-6AA0,N-V7234121-00001,Tata Steel BSL Ltd.,"IN-Dhenkanal-Narendra Pur. P.O Shibapur,","SM150 IGCT, water cooled"
IB-390715,6SL3845-7NN43-6AA0-N-V7234121-00020,08-10-2022 14:03,Verified,6SL3845-7NN43-6AA0,N-V7234121-00020,Tata Steel BSL Ltd.,"IN-Dhenkanal-Narendra Pur. P.O Shibapur,","SM150 IGCT, water cooled"
IB-390716,6SL3845-7NN43-6AA0-N-V7254121-00001,08-10-2022 14:03,Verified,6SL3845-7NN43-6AA0,N-V7254121-00001,Tata Steel BSL Ltd.,"IN-Dhenkanal-Narendra Pur. P.O Shibapur,","SM150 IGCT, water cooled"
IB-391133,6SL3845-7NN45-4AA0 - N-V313412100001,08-10-2022 14:03,Verified,6SL3845-7NN45-4AA0,N-V313412100001,JINDAL STEEL LIMITED,"IN-Angul-Jindal Nagar, Village-Nisha, State","SM150 IGCT, water cooled"
IB-43566161,6SR5502-2HC38-7BH2 - NA,08-10-2022 14:29,Verified,6SR5502-2HC38-7BH2,NA,The Ramco Cements Ltd.,IN-Krishna-Kumarasamy Raja Nagar,"PH GH180, air cooled"
IB-43782554,1NB1406-2AA70-4CC0-Z - LDX/50002913,08-10-2022 14:29,Verified,1NB1406-2AA70-4CC0-Z,LDX/50002913,Sulzer Pumps India Pvt. Ltd.,"IN-Thane-Plot No. 9, Moirvali - M I D C,",Motors HV Innomotics HV C (flameproof)
IB-43782555,1NB1406-2AA70-4CC0-Z - LDX/50002914,08-10-2022 14:29,Verified,1NB1406-2AA70-4CC0-Z,LDX/50002914,Sulzer Pumps India Pvt. Ltd.,"IN-Thane-Plot No. 9, Moirvali - M I D C,",Motors HV Innomotics HV C (flameproof)
IB-43919441,6SL3982-5FX00-0AA1 - N-N2173601-00004,08-10-2022 14:29,Active,6SL3982-5FX00-0AA1,N-N2173601-00004,Siemens Ltd,"IN-Thandalam Post,Chennai-309/2, 'A' Block 100, Chettipedu Village",Miscellaneous
IB-43919959,6SL3845-7NN41-8AB3-Z - N-N45027262020001,08-10-2022 14:29,Active,6SL3845-7NN41-8AB3-Z,N-N45027262020001,Siemens Ltd,"IN-Thandalam Post,Chennai-309/2, 'A' Block 100, Chettipedu Village","SM150 IGCT, water cooled"
IB-44464359,6SR5502-2HE42-0BH2-Z8-211551548-030,08-10-2022 14:30,To be verified,6SR5502-2HE42-0BH2,Z8-211551548-030,Siemens Ltd.,IN-Kalwa-Thane Belapur Road,"PH GH180, air cooled"
IB-41754774,6SR3802-6HD41-7BH0 - STB-2H0213-PHG31750,08-10-2022 15:01,Verified,6SR3802-6HD41-7BH0,STB-2H0213-PHG31750,GMR Kamalanga Energy Ltd.,"IN-Dhenkanal-Po: Kamalanga, Via Meramundali, Opp. Bhushan Steel","PH GH180, air cooled"
IB-24749066,6SR4502-2HB38-0BH1 - Z8-183544502-391,08-10-2022 20:46,Verified,6SR4502-2HB38-0BH1,Z8-183544502-391,Ultratech Cement Ltd.,"IN-Durgapur-Epip Plot, Muchipara","PH GH180, air cooled"
IB-24481413,1DQ4847-8AT05-Z - D1750259502,08-10-2022 21:25,Verified,1DQ4847-8AT05-Z,D1750259502,JSW Steel Ltd.,"IN-Raigarh-Survey No. 96/1, 96/2 97/0 Village Khar Karavi, Taluka Pen","Motors HV Milling Motors (sync., large)"
IB-31800672,6SR4502-2HD41-7BG0 - Z8-190840504-008,08-10-2022 22:02,Active,6SR4502-2HD41-7BG0,Z8-190840504-008,Roy Hill Iron Ore Pty Ltd,IN - Roy Hill,"PH GH180, air cooled"
IB-22158642,AHSA-450LK-04A - 5145275,08-10-2022 23:07,Verified,AHSA-450LK-04A,5145275,Nayara Energy Ltd.,"IN-Jamnagar-39 km, Jamnagar-okha highway, Vadinar",Motors HV Loher Vario (Non-Ex)
IB-22313058,1LA4350-6AN70-Z - 64473387,08-10-2022 23:07,Verified,1LA4350-6AN70-Z,64473387,Grasim Industries Ltd.,"IN-Haveri-Kumarapatman, Harihar",Motors HV H-compact (Non-Ex)
IB-22313069,1LA4350-6AN70-Z - 64473388,08-10-2022 23:07,Verified,1LA4350-6AN70-Z,64473388,Grasim Industries Ltd.,"IN-Haveri-Kumarapatman, Harihar",Motors HV H-compact (Non-Ex)
IB-22313070,1LA4350-6AN70-Z - 64473384,08-10-2022 23:07,Verified,1LA4350-6AN70-Z,64473384,Grasim Industries Ltd.,"IN-Haveri-Kumarapatman, Harihar",Motors HV H-compact (Non-Ex)
IB-22313071,1LA4350-6AN70-Z - 64473389,08-10-2022 23:07,Verified,1LA4350-6AN70-Z,64473389,Grasim Industries Ltd.,"IN-Haveri-Kumarapatman, Harihar",Motors HV H-compact (Non-Ex)
IB-22313082,1LA4350-6AN70-Z - 64473386,08-10-2022 23:07,Verified,1LA4350-6AN70-Z,64473386,Grasim Industries Ltd.,"IN-Haveri-Kumarapatman, Harihar",Motors HV H-compact (Non-Ex)
IB-22158643,AHTA-500LK-02A - 5145276,08-10-2022 23:07,Verified,AHTA-500LK-02A,5145276,Nayara Energy Ltd.,"IN-Jamnagar-39 km, Jamnagar-okha highway, Vadinar",Motors HV Loher Vario (Non-Ex)
IB-22126566,6SR3802-7NG43-5BH0 - STB09V0058-PH-MVD,08-10-2022 23:07,Verified,6SR3802-7NG43-5BH0,STB09V0058-PH-MVD,RCCPL Pvt. Ltd.,"IN-Satna-Village Bharauli, Post Itahara Tehsil - Maihar","PH GH180, air cooled"
IB-21352864,1SG4564-4JW70-Z - N-K55019635010001,09-10-2022 01:10,Active,1SG4564-4JW70-Z,N-K55019635010001,JSW Projects Ltd.,IN-Toranagallu-Po Vidyanagar,Motors HV H-compact+ (Ex)
IB-21392302,6SR4502-2HD41-2BH1 - Z8-181744504-045,09-10-2022 01:10,Verified,6SR4502-2HD41-2BH1,Z8-181744504-045,Hindustan Petroleum Corpn. Ltd.,IN-Kondapalli-Indl. Development Area,"PH GH180, air cooled"
IB-21392904,6SR4502-2HD41-2BH1 - Z8-181744504-046,09-10-2022 01:10,Verified,6SR4502-2HD41-2BH1,Z8-181744504-046,Hindustan Petroleum Corpn. Ltd.,IN-Kondapalli-Indl. Development Area,"PH GH180, air cooled"
IB-21452237,6SR4802-2HB36-0BH1 - STB8J0313PHG4600,09-10-2022 01:10,Verified,6SR4802-2HB36-0BH1,STB8J0313PHG4600,ITC Limited - Paperboards & Specialty Papers Division,IN-Khammam District-Sarapaka Village,"PH GH180, air cooled"
IB-21494860,6SR3802-6HE42-7BH0 - STB6H0222-PHG32750,09-10-2022 01:10,Verified,6SR3802-6HE42-7BH0,STB6H0222-PHG32750,Indian Oil Corporation Ltd.,"IN-Kachchh-Western Region Pipelines Old Port Rd., P.O.","PH GH180, air cooled"
IB-21494862,6SR3802-6HE42-7BH0 - STB6H0223-PHG32750,09-10-2022 01:10,Verified,6SR3802-6HE42-7BH0,STB6H0223-PHG32750,Indian Oil Corporation Ltd.,"IN-Kachchh-Western Region Pipelines Old Port Rd., P.O.","PH GH180, air cooled"
IB-21495221,6SR4802-7HG43-2BH - STB9H0239PHG3E3250,09-10-2022 01:10,Verified,6SR4802-7HG43-2BH,STB9H0239PHG3E3250,Nirma Ltd.,"IN-Bhavnagar-Survey No 480, Kalatalav","PH GH180, air cooled"
IB-21495185,6SR4802-7HG43-2BH - STB9H0240PHG3E3250,09-10-2022 01:10,Verified,6SR4802-7HG43-2BH,STB9H0240PHG3E3250,Nirma Ltd.,IN-Bhavnagar-Survet No-478-P,"PH GH180, air cooled"
IB-21495340,6SR4802-2EH42-2BH1 - STB9H0235PHG42250,09-10-2022 01:10,Verified,6SR4802-2EH42-2BH1,STB9H0235PHG42250,Nirma Ltd.,"IN-Bhavnagar-Survey No 480, Kalatalav","PH GH180, air cooled"
IB-21495338,6SR4802-2EH42-2BH1 - STB9H0236PHG42250,09-10-2022 01:10,Verified,6SR4802-2EH42-2BH1,STB9H0236PHG42250,Nirma Ltd.,"IN-Bhavnagar-Survey No 480, Kalatalav","PH GH180, air cooled"
IB-21495327,6SR4802-2EH42-2BH1 - STB9H0237PHG42250,09-10-2022 01:10,Verified,6SR4802-2EH42-2BH1,STB9H0237PHG42250,Nirma Ltd.,"IN-Bhavnagar-Survey No 480, Kalatalav","PH GH180, air cooled"
IB-21499071,6SR4502-2HE42-2BH1 - Z8-181744505-443,09-10-2022 01:10,Verified,6SR4502-2HE42-2BH1,Z8-181744505-443,Hindustan Petroleum Corporation Limited,"IN -West Godavari-CP station-115/ IPS-2 , Guntupalli, Kamavarapukota","PH GH180, air cooled"
IB-21498260,6SR4502-2HE42-2BH1 - Z8-181744505-447,09-10-2022 01:10,Verified,6SR4502-2HE42-2BH1,Z8-181744505-447,Hindustan Petroleum Corporation Limited,"IN-Gummaladoddi-Rajahmundry booster station,Korukonda-Gokavaran Highway,","PH GH180, air cooled"
IB-21497855,6SR4502-2HE42-2BH1 - Z8-181744505-446,09-10-2022 01:10,Verified,6SR4502-2HE42-2BH1,Z8-181744505-446,Hindustan Petroleum Corporation Limited,"IN-Visakhapatnam-Intermediate Pigging Station-1M.B.Patnam (V),Nathavaram (M), Narsipatna","PH GH180, air cooled"
IB-21497450,6SR4502-2HE42-2BH1 - Z8-181744505-445,09-10-2022 01:10,Verified,6SR4502-2HE42-2BH1,Z8-181744505-445,Hindustan Petroleum Corporation Limited,"IN-Visakhapatnam-Intermediate Pigging Station-1M.B.Patnam (V),Nathavaram (M), Narsipatna","PH GH180, air cooled"
IB-21499477,6SR4502-2HE42-2BH1 - Z8-181744505-444,09-10-2022 01:10,Verified,6SR4502-2HE42-2BH1,Z8-181744505-444,Hindustan Petroleum Corporation Limited,"IN-Visakhapatnam-Intermediate Pigging Station-1M.B.Patnam (V),Nathavaram (M), Narsipatna","PH GH180, air cooled"
IB-21510082,6SR4502-2HE42-2BH1 - Z8-181744505-442,09-10-2022 01:10,Verified,6SR4502-2HE42-2BH1,Z8-181744505-442,Hindustan Petroleum Corporation Limited,"IN -West Godavari-CP station-115/ IPS-2 , Guntupalli, Kamavarapukota","PH GH180, air cooled"
IB-21509677,6SR4502-2HE42-2BH1 - Z8-181744505-441,09-10-2022 01:10,Verified,6SR4502-2HE42-2BH1,Z8-181744505-441,Hindustan Petroleum Corporation Limited,"IN -West Godavari-CP station-115/ IPS-2 , Guntupalli, Kamavarapukota","PH GH180, air cooled"
IB-21506683,6SR4502-2HF42-7BH1 - Z8-181744506-440,09-10-2022 01:10,Verified,6SR4502-2HF42-7BH1,Z8-181744506-440,Hindustan Petroleum Corporation Ltd.,"IN-Visakhapatnam-Visakha New Tml, Visakha Terminal,","PH GH180, air cooled"
IB-21499883,6SR4502-2HF42-7BH1 - Z8-181744506-439,09-10-2022 01:10,Verified,6SR4502-2HF42-7BH1,Z8-181744506-439,Hindustan Petroleum Corporation Limited,"IN-Nalgonda-Sectionalizing valve station, 17Bogaram Village, Ramanapeta Mandal","PH GH180, air cooled"
IB-21498665,6SR4502-2HF42-7BH1 - Z8-181744506-438,09-10-2022 01:10,Verified,6SR4502-2HF42-7BH1,Z8-181744506-438,Hindustan Petroleum Corporation Limited,"IN-Nalgonda-Sectionalizing valve station, 17Bogaram Village, Ramanapeta Mandal","PH GH180, air cooled"
IB-21506128,6SR4502-2HD41-5BH1 - Z8-181744504-436,09-10-2022 01:10,Verified,6SR4502-2HD41-5BH1,Z8-181744504-436,Hindustan Petroleum Corporation Limited,"IN-Nalgonda-Suryapet booster station, Imampet village, Suryapet,","PH GH180, air cooled"
IB-21509122,6SR4502-2HD41-5BH1 - Z8-181744504-437,09-10-2022 01:10,Verified,6SR4502-2HD41-5BH1,Z8-181744504-437,Hindustan Petroleum Corporation Limited,"IN-Nalgonda-Suryapet booster station, Imampet village, Suryapet,","PH GH180, air cooled"
IB-20996749,HRIDEL NBG 1530399/10 - DVY/15418561001,09-10-2022 01:11,Verified,HRIDEL NBG 1530399/10,DVY/15418561001,OCL Iron and Steel Ltd.,"IN-Rajgangpur-Village, Lamloi, P.O. Garvana",Miscellaneous (F)
IB-20908926,6SR4602-0CC35-0AJ0-Z - S-JHD021041980400001,09-10-2022 01:11,Verified,6SR4602-0CC35-0AJ0-Z,S-JHD021041980400001,Gujarat State Fertilizers & Chemicals Ltd.,IN-Vadodara-P.O. Fertilizernagar,"PH GH180, air cooled"
IB-21494864,\6SR3802-6HE42-7BH0 - STB6H0224-PHG32750,09-10-2022 01:11,Verified,\6SR3802-6HE42-7BH0,STB6H0224-PHG32750,Indian Oil Corporation Ltd.,"IN-Kachchh-Western Region Pipelines Old Port Rd., P.O.","PH GH180, air cooled"
IB-61990693,6SR5502-2HC41-2BH2-Z8-232151540-022,30-10-2023 20:05,Verified,6SR5502-2HC41-2BH2,Z8-232151540-022,JSW Vijayanagar Metallics Ltd.,"IN-Bellary-P.O. Vidyanagar,","PH GH180, air cooled"
IB-56613183,1DE5909-6FC90-Z - N/5010030030002/2013,21-01-2023 16:10,Verified,1DE5909-6FC90-Z,N/5010030030002/2013,Tata Steel Ltd.,"IN-Jajpur-Block-2, General Admin Office Kalinga Nagar Indl. Complex","Motors HV VEM (Siemens labeled, sync.)"
IB-11662101,6SE8020-1EA01-Z - N-6801413600001,08-10-2022 11:53,Verified,6SE8020-1EA01-Z,N-6801413600001,Gail (India) Ltd.,IN-Auraiya-P.O.-Pata,SIMOVERT MV
IB-12682038,1TV1255-8CU03-Z - 178838,08-10-2022 12:04,Verified,1TV1255-8CU03-Z,178838,Brahmaputra Cracker And Polymer Ltd.,"IN-Dibrugarh-BCPL Project Site, Lepetkata","Motors HV A-modyn  (async., Non-Ex)"
IB-7148797,6SL3815-2LP41-4AA0 - N-E91404156010001,08-10-2022 12:11,Verified,6SL3815-2LP41-4AA0,N-E91404156010001,Reliance Petroleum Ltd.,IN-Jamanagar-Unit At Jamanagar SEZ Village Meghapar/Padana,"GM150 IGBT, water cooled"
IB-7175525,6SR3502-2NB33-2BH0 - 31501002226,08-10-2022 12:12,Verified,6SR3502-2NB33-2BH0,31501002226,Oil And Natural Gas Corporation Ltd.,IN-Mumbai-Vasundhara Bhawan Bandra (East),"PH GH180, air cooled"
IB-7175526,6SR3502-2NB33-2BH0 - 31501002227,08-10-2022 12:12,Verified,6SR3502-2NB33-2BH0,31501002227,Oil And Natural Gas Corporation Ltd.,IN-Mumbai-Vasundhara Bhawan Bandra (East),"PH GH180, air cooled"
IB-9145595,1LA4352-2FD70-Z - Screw Compressor-1,08-10-2022 12:20,Verified,1LA4352-2FD70-Z,Screw Compressor-1,Atlas Copco (India) Ltd.,"IN-Pune-S. No. 65/2 B, Gat No.1134/1,",Motors HV H-compact (Non-Ex)
IB-8696107,1PS4916-6BS70-4JD0-Z - 5155105,08-10-2022 12:20,Verified,1PS4916-6BS70-4JD0-Z,5155105,GSPC LNG Ltd.,IN-Kutch-South Port Mundra,Motors HV Loher Vario (Ex flameproof)
IB-8705447,1PS4916-6BS70-4JD0-Z - 5155106,08-10-2022 12:20,Verified,1PS4916-6BS70-4JD0-Z,5155106,GSPC LNG Ltd.,IN-Kutch-South Port Mundra,Motors HV Loher Vario (Ex flameproof)
IB-9144418,HG4608CD-140 - HG3904576,08-10-2022 12:20,Verified,HG4608CD-140,HG3904576,Hindustan Petroleum Corporation Ltd.,IN-Ajmer-Opp. Rupali Midway Dhaba,Miscellaneous (F)
IB-9145588,1LA4500-2FD90 - Screw Compressor-1,08-10-2022 12:20,Verified,1LA4500-2FD90,Screw Compressor-1,Atlas Copco (India) Ltd.,"IN-Pune-S. No. 65/2 B, Gat No.1134/1,",Motors HV H-compact (Non-Ex)
IB-9145589,1LA4500-2FD90 - Screw Compressor-2,08-10-2022 12:20,Verified,1LA4500-2FD90,Screw Compressor-2,Atlas Copco (India) Ltd.,"IN-Pune-S. No. 65/2 B, Gat No.1134/1,",Motors HV H-compact (Non-Ex)
IB-9145590,1LA4500-2FD90 - Screw Compressor-3,08-10-2022 12:20,Verified,1LA4500-2FD90,Screw Compressor-3,Atlas Copco (India) Ltd.,"IN-Pune-S. No. 65/2 B, Gat No.1134/1,",Motors HV H-compact (Non-Ex)
IB-9145591,1LA4500-2FD90 - Screw Compressor-4,08-10-2022 12:20,Verified,1LA4500-2FD90,Screw Compressor-4,Atlas Copco (India) Ltd.,"IN-Pune-S. No. 65/2 B, Gat No.1134/1,",Motors HV H-compact (Non-Ex)
IB-9151189,SUB-STATION#3,08-10-2022 12:20,Verified,6SR38026HF425BHO,STB01V0027PH-MVD,Tata Steel Ltd.,"IN-Jajpur-Block-2, General Admin Office Kalinga Nagar Indl. Complex","PH GH180, air cooled"
IB-9211535,6SR3802-6HF43-0BH0 - STB02T0008-PH-MVD,08-10-2022 12:20,Verified,6SR3802-6HF43-0BH0,STB02T0008-PH-MVD,Bharat Petroleum Corpn. Ltd.  Intermediate Pumping Station,IN-Khargone-Tehsil - Maheswari,"PH GH180, air cooled"
IB-8859294,6SR3802-6HF43-0BH0 - STB6F-0192-PHG33000,08-10-2022 12:20,Verified,6SR3802-6HF43-0BH0,STB6F-0192-PHG33000,Reliance Industries Ltd.,IN-Jamnagar-Village Meghpar/Padana,"PH GH180, air cooled"
IB-8859295,6SR3802-6HF43-0BH0 - STB6F-0193-PHG33000,08-10-2022 12:20,Verified,6SR3802-6HF43-0BH0,STB6F-0193-PHG33000,Reliance Industries Ltd.,IN-Jamnagar-Village Meghpar/Padana,"PH GH180, air cooled"
IB-8859296,6SR3802-6HF43-0BH0 - STB6F-0194-PHG33000,08-10-2022 12:20,Verified,6SR3802-6HF43-0BH0,STB6F-0194-PHG33000,Reliance Industries Ltd.,IN-Jamnagar-Village Meghpar/Padana,"PH GH180, air cooled"
IB-8859297,6SR3802-6HF43-0BH0 - STB6F-0195-PHG33000,08-10-2022 12:20,Verified,6SR3802-6HF43-0BH0,STB6F-0195-PHG33000,Reliance Industries Ltd.,IN-Jamnagar-Village Meghpar/Padana,"PH GH180, air cooled"
IB-8859286,6SR3802-6NE42-5BH0 - STB-08W0144-PH-MVD,08-10-2022 12:20,Verified,6SR3802-6NE42-5BH0,STB-08W0144-PH-MVD,Nuvoco Vistas Corporation Ltd.,IN-Pali-Nimbol Taluka Jaitaran,"PH GH180, air cooled"
IB-588623,6SR3802-6HE42-5BH0 - STB02T0009-PH-MVD,08-10-2022 13:34,Verified,6SR3802-6HE42-5BH0,STB02T0009-PH-MVD,"Bharat Petroleum Corpn. Ltd.  MMPL, Receipt & Dispatch",IN-Nashik-Panewadi,"PH GH180, air cooled"
IB-589345,6SL3855-5UM11-1KA0 - NA225414300004,08-10-2022 13:34,Verified,6SL3855-5UM11-1KA0,N-A2254143-00004,Steel Authority of India Ltd.,"IN-Rourkela-Mm Projects Bldg. Sail,","GL150, water cooled"
IB-589368,6SL3855-5UM11-1KA0 - NA225414300008,08-10-2022 13:34,Verified,6SL3855-5UM11-1KA0,N-A2254143-00008,Steel Authority of India Ltd.,"IN-Rourkela-Mm Projects Bldg. Sail,","GL150, water cooled"
IB-588589,31800002 - HG804686,08-10-2022 13:34,Verified,31800002,HG804686,Hindustan Petroleum Corporation Ltd.,IN-Jaipur-D-7 Lal Bahadur Nagar(E) JLN Marg.,"PH GH180, air cooled"
IB-588590,31800002 - HG804681,08-10-2022 13:34,Verified,31800002,HG804681,Hindustan Petroleum Corporation Ltd.,IN-Jaipur-D-7 Lal Bahadur Nagar(E) JLN Marg.,"PH GH180, air cooled"
IB-241813,1RN4562-2HE90 - N-T95000329010001,08-10-2022 13:49,Verified,1RN4562-2HE90,N-T95000329010001,Praxair India Pvt. Ltd.,IN-Bangalore-8 Ulsoor Rd.  Praxair House,Motors HV H-compact+ (Non-Ex)
IB-354229,6SL3855-5UM11-1KA0 - N-X2104143-00002,08-10-2022 13:49,Verified,6SL3855-5UM11-1KA0,N-X2104143-00002,Steel Authority of India Ltd.,"IN-Burnpur-IISCO Steel Plant, 7 The Ridge","GL150, water cooled"
IB-354230,6SL3855-5UM11-1KA0 - N-X2104143-00007,08-10-2022 13:49,Verified,6SL3855-5UM11-1KA0,N-X2104143-00007,Steel Authority of India Ltd.,"IN-Burnpur-IISCO Steel Plant, 7 The Ridge","GL150, water cooled"
IB-317416,1RN4504-8FM90 - N-WO1225975020001,08-10-2022 13:51,Verified,1RN4504-8FM90,N-WO1225975020001,Jindal Stainless Ltd.,IN-Jajapur-Kalinga Nagar Indl. Complex,Motors HV H-compact+ (Non-Ex)
IB-484218,6SL3810-2LP37-0AA1 - N-AN1292212020001,08-10-2022 13:52,Verified,6SL3810-2LP37-0AA1,N-AN1292212020001,Steel Authority of India Ltd.,IN-Bhilai-Bhilai Steel Plant District,"GM150 IGBT, air cooled"
IB-486634,6SL3810-2LP37-0AA1 - N-AN1292212030001,08-10-2022 13:52,Verified,6SL3810-2LP37-0AA1,N-AN1292212030001,Steel Authority of India Ltd.,IN-Bhilai-Bhilai Steel Plant District,"GM150 IGBT, air cooled"
IB-528165,6SL3855-5UN10-9KA0-Z - N-C3093603-00013,08-10-2022 13:54,Active,6SL3855-5UN10-9KA0-Z,N-C3093603-00013,JSW Steel Ltd.,"IN-Bellary-P.O. Vidyanagar,","GL150, water cooled"
IB-223754,1LA4314-2AN70-Z - N-T41156982020002,08-10-2022 13:55,Verified,1LA4314-2AN70-Z,N-T41156982020002,Reliance Hazira,"IN-Mumbai-130 P. B. Marg, Worli",Motors HV H-compact (Non-Ex)
IB-224644,1LA4314-2AN70-Z - N-T41156982020001,08-10-2022 13:55,Verified,1LA4314-2AN70-Z,N-T41156982020001,Reliance Hazira,"IN-Mumbai-130 P. B. Marg, Worli",Motors HV H-compact (Non-Ex)
IB-271779,1LA4500-2FD90-Z - N-UN1187825010001,08-10-2022 13:56,Verified,1LA4500-2FD90-Z,N-UN1187825010001,JSW Steel Ltd.,"IN-Salem-Mecheri, Pottaneri Post M Kalipatti Village Mettur Taluk",Motors HV H-compact (Non-Ex)
IB-254427,1SQ4504-4FM00 - N-UD5001267045001,08-10-2022 13:56,Verified,1SQ4504-4FM00,N-UD5001267045001,Reliance Industries Ltd.,IN-Jamnagar-Reliance Green Towen Ship,Motors HV H-compact+ (Ex)
IB-539003,1DX1742-8BS02 - D1131703901,08-10-2022 14:02,Verified,1DX1742-8BS02,D1131703901,Jindal Power Ltd.,"IN-New Delhi-Jindal Centre, 12 Bhikaji Cama","Motors HV H-modyn (sync., cylindrical)"
IB-539290,1DX1742-8BS02 - D1131703903,08-10-2022 14:02,Verified,1DX1742-8BS02,D1131703903,Jindal Power Ltd.,"IN-New Delhi-Jindal Centre, 12 Bhikaji Cama","Motors HV H-modyn (sync., cylindrical)"
IB-539553,1DX1742-8BS02 - D1131703902,08-10-2022 14:02,Verified,1DX1742-8BS02,D1131703902,Jindal Power Ltd.,"IN-New Delhi-Jindal Centre, 12 Bhikaji Cama","Motors HV H-modyn (sync., cylindrical)"
IB-273542,1RN4506-2HE70-Z - N-V91191797010004,08-10-2022 14:02,Verified,1RN4506-2HE70-Z,N-V91191797010004,Tata Steel BSL Ltd.,"IN-Ghaziabad-23, Site IV, Sahibabad Indl. Area",Motors HV H-compact+ (Non-Ex)
IB-273543,1RN4506-2HE70-Z - N-V91191797010003,08-10-2022 14:02,Verified,1RN4506-2HE70-Z,N-V91191797010003,Tata Steel BSL Ltd.,"IN-Ghaziabad-23, Site IV, Sahibabad Indl. Area",Motors HV H-compact+ (Non-Ex)
IB-273544,1RN4506-2HE70-Z - N-V91191797010002,08-10-2022 14:02,Verified,1RN4506-2HE70-Z,N-V91191797010002,Tata Steel BSL Ltd.,"IN-Ghaziabad-23, Site IV, Sahibabad Indl. Area",Motors HV H-compact+ (Non-Ex)
IB-273545,1RN4506-2HE70-Z - N-V91191797010001,08-10-2022 14:02,Verified,1RN4506-2HE70-Z,N-V91191797010001,Tata Steel BSL Ltd.,"IN-Ghaziabad-23, Site IV, Sahibabad Indl. Area",Motors HV H-compact+ (Non-Ex)
IB-307158,1RN4506-2HE70-Z - N-W51226724020001,08-10-2022 14:02,Verified,1RN4506-2HE70-Z,N-W51226724020001,Tata Steel BSL Ltd.,"IN-Ghaziabad-23, Site IV, Sahibabad Indl. Area",Motors HV H-compact+ (Non-Ex)
IB-43174560,6SR5502-2HE41-6BH1 - Z8-205351548-230,08-10-2022 14:30,Verified,6SR5502-2HE41-6BH1,Z8-205351548-230,NTPC Ltd.,"IN-Hazaribagh-1040 Pakri Barwadih, Chat Bariatu &","PH GH180, air cooled"
IB-43174322,6SR5502-2HE41-6BH1 - Z8-205251548-674,08-10-2022 14:30,Verified,6SR5502-2HE41-6BH1,Z8-205251548-674,NTPC Ltd.,"IN-Hazaribagh-1040 Pakri Barwadih, Chat Bariatu &","PH GH180, air cooled"
IB-43174910,6SR5502-2HE41-6BH1 - Z8-205351548-011,08-10-2022 14:30,Verified,6SR5502-2HE41-6BH1,Z8-205351548-011,NTPC Ltd.,"IN-Hazaribagh-1040 Pakri Barwadih, Chat Bariatu &","PH GH180, air cooled"
IB-43175209,6SR5502-2HE41-6BH1 - Z8-205351548-335,08-10-2022 14:30,Verified,6SR5502-2HE41-6BH1,Z8-205351548-335,NTPC Ltd.,"IN-Hazaribagh-1040 Pakri Barwadih, Chat Bariatu &","PH GH180, air cooled"
IB-43171159,6SR5502-2HE41-6BH1 - Z8-205351548-132,08-10-2022 14:30,Verified,6SR5502-2HE41-6BH1,Z8-205351548-132,NTPC Ltd.,"IN-Hazaribagh-1040 Pakri Barwadih, Chat Bariatu &","PH GH180, air cooled"
IB-43212648,1RN6456-8FP00-Z - N-N21607106010001,08-10-2022 14:30,Verified,1RN6456-8FP00-Z,N-N21607106010001,Endkunde,IN -.-.,Motors HV Innomotics HV M (Non-Ex)
IB-42809683,6SR4502-2HG43-0BH1 - Z8-184844507-524,08-10-2022 14:43,Active,6SR4502-2HG43-0BH1,Z8-184844507-524,Siemens Limited,IN-Kalwa-Thane Belapur Road,"PH GH180, air cooled"
IB-39132026,1RN15622KJ90Z - N8/65209353,08-10-2022 15:07,Verified,1RN15622KJ90Z,N8/65209353,Siemens Energy Industrial Turbomachinery India Pvt. Ltd.,"IN-Ahmedabad-Plot 187, GIDC Estate Naroda","Motors HV A-compact+ (async., Non-Ex)"
IB-40831120,1NA1454-4AC00-0AA0-Z - N-LO1577675050001,08-10-2022 15:27,Active,1NA1454-4AC00-0AA0-Z,N-LO1577675050001,Kaeser Compressors,"IN -Pune-Plot No. 1&2 Survey No. 297, 298,",Motors HV Innomotics HV C (Non-Ex)
IB-39995830,1DQ4041-8AT03-Z - DVY/15694531001,08-10-2022 15:30,Verified,1DQ4041-8AT03-Z,DVY/15694531001,Steel Authority of India Ltd.,"IN-Bokaro Steel City-Ispat Bhavan, CMO Complex,","Motors HV Milling Motors (sync., small)"
IB-22926138,1LA45642FD90Z - ZY-A13000830792001000001/2010,08-10-2022 21:47,Verified,1LA45642FD90Z,ZY-A13000830792001000001/2010,Arcelormittal Nippon Steel India Ltd.,"IN-Paradip-Musadia, Near IFFCO Plant,","Motors HV H-compact (async., Non-Ex, SEDL)"
IB-24025214,1LA4564-6CN70-Z - ZY-V73000304040002000001,08-10-2022 22:21,Verified,1LA4564-6CN70-Z,ZY-V73000304040002000001,Vedanta Ltd.,IN -Jharsuguda-Smelter1,"Motors HV H-compact (async., Non-Ex, SEDL)"
IB-17993212,1RN15663RJ74Z - 65054389,09-10-2022 00:59,Verified,1RN15663RJ74Z,65054389,Kirloskar Brothers Ltd.,"IN-Sangli-SMPD & LPD Mfg. Kirloskarva,","Motors HV A-compact+ (async., Non-Ex)"
IB-17974905,6SR4502-5NF45-0BH0 - Z8-152340806-198,09-10-2022 00:59,Verified,6SR4502-5NF45-0BH0,Z8-152340806-198,Nu Vista Ltd.,"IN-Baloda Bazar-Village & Post Risda,","PH GH180, air cooled"
IB-61794071,6SR4802-2HB35-0BH1 - STB9J0321PHG4500,30-10-2023 19:40,Active,6SR4802-2HB35-0BH1,STB9J0321PHG4500,Tata Steel Ltd.,IN-Jamshedpur-General Office Bldg. Near Bistupur,"PH GH180, air cooled"
IB-61987996,6SR5502-2HC41-2BH2-Z8-232151540-02A,30-10-2023 20:04,Verified,6SR5502-2HC41-2BH2,Z8-232151540-02A,JSW Vijayanagar Metallics Ltd.,"IN-Bellary-P.O. Vidyanagar,","PH GH180, air cooled"
IB-61994162,6SR5502-2HC41-2BH2-Z8-232151540-023,30-10-2023 20:12,Verified,6SR5502-2HC41-2BH2,Z8-232151540-023,JSW Vijayanagar Metallics Ltd.,"IN-Bellary-P.O. Vidyanagar,","PH GH180, air cooled"
IB-62349525,6SR5502-2HG43-7BH2 - Z8-232351590-021,30-10-2023 20:51,Active,6SR5502-2HG43-7BH2,Z8-232351590-021,Siemens Ltd.,"IN-Navi Mumbai-Thane Belapur Rd., Airoli","PH GH180, air cooled"
IB-61262767,6SR5502-2HE42-2BH2 - Z8-231651548-0EA,30-10-2023 22:58,Verified,6SR5502-2HE42-2BH2,Z8-231651548-0EA,JSW Steel Ltd.,"IN-Bellary-P.O. Vidyanagar,","PH GH180, air cooled"
IB-59874010,6SR5502-2HC41-0BH2 - Z8-230751540-1C8,15-06-2023 16:54,Verified,6SR5502-2HC41-0BH2,Z8-230751540-1C8,Reliance Industries Ltd.,IN-Jamnagar-Village Meghpar/Padana,"PH GH180, air cooled"
IB-60571668,6SL3982-5CX10-0AA3 - N-R2083601-00017,15-06-2023 19:25,Active,6SL3982-5CX10-0AA3,N-R2083601-00017,Arcelormittal Nippon Steel India Ltd.,"IN-Hazira-27Km, Surat Hazira Rd., Surat",Miscellaneous
IB-60571698,6SL3982-5CX10-0AA3 - N-R2083601-00018,15-06-2023 19:25,Active,6SL3982-5CX10-0AA3,N-R2083601-00018,Arcelormittal Nippon Steel India Ltd.,"IN-Hazira-27Km, Surat Hazira Rd., Surat",Miscellaneous
IB-60571751,6SL3982-5CX10-0AA3 - N-R2083601-00019,15-06-2023 19:25,Active,6SL3982-5CX10-0AA3,N-R2083601-00019,Arcelormittal Nippon Steel India Ltd.,"IN-Hazira-27Km, Surat Hazira Rd., Surat",Miscellaneous
IB-60571788,6SL3845-7NN43-6BA3-Z - N-R21657387020001,15-06-2023 19:25,Verified,6SL3845-7NN43-6BA3-Z,N-R21657387020001,Arcelormittal Nippon Steel India Ltd.,"IN-Hazira-27Km, Surat Hazira Rd., Surat","SM150 IGCT, water cooled"
IB-55261228,6SR3802-6HB37-0BH0 - STB04T0011-PH-MVD,20-01-2023 20:27,Active,6SR3802-6HB37-0BH0,STB04T0011-PH-MVD,ITC Limited - Paperboards & Specialty Papers Division,IN-Khammam District-Sarapaka Village,"PH GH180, air cooled"
IB-54980903,6SR3802-6HB38-0BH0-Z - STB09T0020-PH-MVD,20-01-2023 20:27,Active,6SR3802-6HB38-0BH0-Z,STB09T0020-PH-MVD,Brahmaputra Cracker And Polymer Ltd.,"IN-Dibrugarh-BCPL Project Site, Lepetkata","PH GH180, air cooled"
IB-55791391,6SR3802-6HD41-0BH0 - STB-1F0165-PH-MVD,20-01-2023 20:27,Active,6SR3802-6HD41-0BH0,STB-1F0165-PH-MVD,Reliance Industries Ltd.,IN-Bharuch-Dahej Manufacturing Division,"PH GH180, air cooled"
IB-54568561,6SR3802-6HB37-0BH0 - STB07T0017-PH-MVD,21-01-2023 16:09,Verified,6SR3802-6HB37-0BH0,STB07T0017-PH-MVD,"ITC Limited-PSPD-BCM UNIT: BHADRACHALAM, SARAPAKA",IN-Bhadrachalam-Bhadradri-Kothagudem Dist,"PH GH180, air cooled"
IB-42253170,1RQ14542JA90Z - N8/64467672,06-10-2022 22:13,Verified,1RQ14542JA90Z,N8/64467672,Wellknown Polyesters Ltd.,"IN-Daman-Plot No.210 / 3, 213 / 2 To 213/4, Dabhel Indl. Co-Op Society, Nani","Motors HV A-compact+ (async., Non-Ex)"
IB-36518608,6SR4502-2HB38-0BH1 - Z8-193744502-193,07-10-2022 05:46,Verified,6SR4502-2HB38-0BH1,Z8-193744502-193,Hindalco Industries Ltd.,"IN-Sambalpur-Hirakud, Dist. - Sambalpur, Odisha","PH GH180, air cooled"
IB-36520151,6SR4502-2HB38-0BH1 - Z8-193744502-194,07-10-2022 05:46,Verified,6SR4502-2HB38-0BH1,Z8-193744502-194,Hindalco Industries Ltd.,"IN-Sambalpur-Hirakud, Dist. - Sambalpur, Odisha","PH GH180, air cooled"
IB-36508339,6SR4502-2HB38-0BH1 - Z8-193744502-192,07-10-2022 05:46,Verified,6SR4502-2HB38-0BH1,Z8-193744502-192,Hindalco Industries Ltd.,"IN-Sambalpur-Hirakud, Dist. - Sambalpur, Odisha","PH GH180, air cooled"
IB-36194439,6SR4502-2HF43-0BH1 - Z8-193544506-568,07-10-2022 05:47,Verified,6SR4502-2HF43-0BH1,Z8-193544506-568,JSW Steel Ltd.,"IN-Raigad-Dolvi Geetapuram, Taluka Pen","PH GH180, air cooled"
IB-36199411,6SR4502-2HF43-0BH1-Z8-193644506-018,07-10-2022 05:47,Verified,6SR4502-2HF43-0BH1,Z8-193644506-018,JSW Steel Ltd.,"IN-Raigad-Dolvi Geetapuram, Taluka Pen","PH GH180, air cooled"
IB-36199024,6SR4502-2HF43-0BH1 - Z8-193644506-017,07-10-2022 05:47,Verified,6SR4502-2HF43-0BH1,Z8-193644506-017,JSW Steel Ltd.,"IN-Raigad-Dolvi Geetapuram, Taluka Pen","PH GH180, air cooled"
IB-49372576,6SR5502-2FB36-0BF0 - Z8-214951535-1D3,07-10-2022 06:44,Active,6SR5502-2FB36-0BF0,Z8-214951535-1D3,"Reitz India Limited 116 & 117, Pashamyla",IN -Hyderabad,"PH GH180, air cooled"
IB-49398552,1PS0717-8BA00-0BA0-Z - LDX/50003181,07-10-2022 06:44,Active,1PS0717-8BA00-0BA0-Z,LDX/50003181,Eickhoff Wind Asia Private Limited,"IN -Chennai-471, Vatika Business Centre",Motors HV Loher Vario (Non-Ex)
IB-49398553,1PS0717-8BA00-0BA0-Z - LDX/50003182,07-10-2022 06:44,Active,1PS0717-8BA00-0BA0-Z,LDX/50003182,Eickhoff Wind Asia Private Limited,"IN -Chennai-471, Vatika Business Centre",Motors HV Loher Vario (Non-Ex)
IB-49410293,1DL23378KD02Z - D9233401101,07-10-2022 06:44,Verified,1DL23378KD02Z,D9233401101,Arcelormittal Nippon Steel India Ltd.,"IN-Hazira-27Km, Surat Hazira Rd., Surat","Motors HV H-moflex (sync., salient pole and cylindrical)"
IB-37686242,6SR3502-7HG43-7BH0 - Z8-133731107-057,07-10-2022 08:27,Verified,6SR3502-7HG43-7BH0,Z8-133731107-057,Nuvoco Vistas Corporation Ltd.,"IN-Chittorgarh-Bhawalia, Nimbahera","PH GH180, air cooled"
IB-12485085,6SR3802-6HB38-0BH0 - STB4F0191PHMVD,08-10-2022 12:00,Verified,6SR3802-6HB38-0BH0,STB4F0191PHMVD,Adani Power (Mundra) Ltd.,"IN-Mundra-Mundra Thermal Power Project, Adani Power SEZ","PH GH180, air cooled"
IB-12202036,6SR3802-6HB38-0BH0 - STB3F0180PHMVD,08-10-2022 12:00,Verified,6SR3802-6HB38-0BH0,STB3F0180PHMVD,Crescent Power Ltd.,"IN-Bardhaman-P S Barabani, Asansol","PH GH180, air cooled"
IB-17091531,6SR4802-0CD38-0BH1 - STB5J0281PHG4800,08-10-2022 12:05,Verified,6SR4802-0CD38-0BH1,STB5J0281PHG4800,Prayagraj Power Generation Company Ltd.,"IN-Allahabad-Bara Power Plant, Village - Bara Post & Tehsil -Bara","PH GH180, air cooled"
IB-17091548,6SR4802-0CD38-0BH1 - STB5J0282PHG4800,08-10-2022 12:05,Verified,6SR4802-0CD38-0BH1,STB5J0282PHG4800,Prayagraj Power Generation Company Ltd.,"IN-Allahabad-Bara Power Plant, Village - Bara Post & Tehsil -Bara","PH GH180, air cooled"
IB-15270933,6SR4502-5NF45-5BH0 - Z8-152540806-369,08-10-2022 12:05,Verified,6SR4502-5NF45-5BH0,Z8-152540806-369,NTPC Ltd.,IN-Angul-Talcher Super Thermal Power Station,"PH GH180, air cooled"
IB-16862763,6SR3502-0HF41-4BH0 - S/N -31501000950,08-10-2022 12:05,Verified,6SR3502-0HF41-4BH0,31501000950,Tata Steel Ltd.,IN-Jamshedpur-General Office Bldg. Near Bistupur,"PH GH180, air cooled"
IB-14794446,1PS4637-6BJ70-4CA0-Z - LDX/50001058,08-10-2022 12:06,Verified,1PS4637-6BJ70-4CA0-Z,LDX/50001058,HPCL-Mittal Energy Ltd.,IN-Bathinda-Phullokari Village Talwandi Saboo,Motors HV Loher Vario (Ex flameproof)
IB-7667338,1DQ3441-6BA02-Z - D0050215401,08-10-2022 12:17,Verified,1DQ3441-6BA02-Z,D0050215401,JSW Ispat Steel Ltd.,"IN-Raigad-Dolvi Geetapuram, Taluka Pen","Motors HV Milling Motors (sync., small)"
IB-7666908,1FJ1904-4HC88-Z - D9565101601,08-10-2022 12:22,Verified,1FJ1904-4HC88-Z,D9565101601,Thiru Arooran Sugars Ltd.,"IN-Virudhachalam-A. Chittur, Keerambur Village,",Generators HV Small Industry Generators
IB-7667268,1SN1716-4HE70-Z - D9741146401,08-10-2022 12:23,Verified,1SN1716-4HE70-Z,D9741146401,Reliance Industries Ltd.,"IN-Surat-Surat-Hazira Rd., Village Mora","Motors HV H-modul (async., Ex)"
IB-7667269,1SN1716-4HE70-Z - D9741146402,08-10-2022 12:23,Verified,1SN1716-4HE70-Z,D9741146402,Reliance Industries Ltd.,"IN-Surat-Surat-Hazira Rd., Village Mora","Motors HV H-modul (async., Ex)"
IB-7667453,1SN1716-4HE70-Z - D9841150201,08-10-2022 12:23,Verified,1SN1716-4HE70-Z,D9841150201,Reliance Industries Ltd.,"IN-Surat-Surat-Hazira Rd., Village Mora","Motors HV H-modul (async., Ex)"
IB-6681408,ILAO-186-4YA81-Z - SDF/1402 2671 359,08-10-2022 12:23,Verified,ILAO-186-4YA81-Z,SDF/1402 2671 359,Aulia Readymix Pvt Ltd,"IN -Bhuvaneshwar-Rudrapur,Backside of Kalimandhir,Near Utkal heights,PO Pagal,",Motors HV H-compact (Non-Ex)
IB-7666770,1SJ1635-4JN70-Z - D9541128701,08-10-2022 12:23,Verified,1SJ1635-4JN70-Z,D9541128701,Larsen and Toubro Ltd.,"IN-Surat-Hazira Works, Surat-Hazira Rd. Mora Choryasi P.O. Bhatha","Motors HV H-modul (async., Ex)"
IB-5766075,1TZ1249-8AF02-Z - D0631412602,08-10-2022 13:34,Verified,1TZ1249-8AF02-Z,D0631412602,Linde India Ltd.,"IN-Ahmedabad-Unit No. 102 & 103, Rembrandt Bldg., C. G. Rd.",Motors HV H-modyn (async.)
IB-5766076,1TZ1249-8AF02-Z - D0631412601,08-10-2022 13:34,Verified,1TZ1249-8AF02-Z,D0631412601,Linde India Ltd.,"IN-Ahmedabad-Unit No. 102 & 103, Rembrandt Bldg., C. G. Rd.",Motors HV H-modyn (async.)
IB-5766094,GBA1000LK - 8266005,08-10-2022 13:34,Verified,GBA1000LK,8266005,Linde India Ltd.,"IN-Jamshedpur-Tonnage plant (2,250 tpd & 1,290)",Non-Innomotics HV Motors
IB-5766101,C7106-J - 257313/3,08-10-2022 13:34,Verified,C7106-J,257313/3,Linde India Ltd.,"IN-Jamshedpur-Tonnage plant (2,250 tpd & 1,290)",Non-Innomotics HV Motors
IB-5766112,D400-M - 20147/702,08-10-2022 13:34,Verified,D400-M,20147/702,Linde India Ltd.,"IN-Jamshedpur-Tonnage plant (2,250 tpd & 1,290)",Non-Innomotics HV Motors
IB-5766113,D400-M - 20147/701,08-10-2022 13:34,Verified,D400-M,20147/701,Linde India Ltd.,"IN-Jamshedpur-Tonnage plant (2,250 tpd & 1,290)",Non-Innomotics HV Motors
IB-5766071,AECK-52006 - D5A210-1,08-10-2022 13:34,Verified,AECK-52006,D5A210-1,JSW Steel Ltd.,"IN-Bellary-P.O. Vidyanagar,",Non-Innomotics HV Motors
IB-5766085,L5009-J - 259047/1,08-10-2022 13:34,Verified,L5009-J,259047/1,Adhunik Metallics Ltd.,"IN-Kuarmunda-Chadri Hariharpur, Dist Sundargarh",Non-Innomotics HV Motors
IB-5766086,L5009-J - 259046J,08-10-2022 13:34,Verified,L5009-J,259046J,Adhunik Metallics Ltd.,"IN-Kuarmunda-Chadri Hariharpur, Dist Sundargarh",Non-Innomotics HV Motors
IB-5766096,EL560/I400J - 261655/1,08-10-2022 13:34,Verified,EL560/I400J,261655/1,Linde India Ltd.,"IN-Jamshedpur-Tonnage plant (2,250 tpd & 1,290)",Non-Innomotics HV Motors
IB-5766097,EL560/I400J - 261655/2,08-10-2022 13:34,Verified,EL560/I400J,261655/2,Linde India Ltd.,"IN-Jamshedpur-Tonnage plant (2,250 tpd & 1,290)",Non-Innomotics HV Motors
IB-5766103,HL17/34 - 260238/1,08-10-2022 13:34,Verified,HL17/34,260238/1,Linde India Ltd.,"IN-Jamshedpur-Tonnage plant (2,250 tpd & 1,290)",Non-Innomotics HV Motors
IB-5766110,KR5429B-AA04 - 189019/1,08-10-2022 13:34,Verified,KR5429B-AA04,189019/1,Linde India Ltd.,"IN-Jamshedpur-Tonnage plant (2,250 tpd & 1,290)",Non-Innomotics HV Motors
IB-5766111,KR5429B-AA04 - 189019/2,08-10-2022 13:34,Verified,KR5429B-AA04,189019/2,Linde India Ltd.,"IN-Jamshedpur-Tonnage plant (2,250 tpd & 1,290)",Non-Innomotics HV Motors
IB-5766121,HKM:171E02 - 52656909001,08-10-2022 13:34,Verified,HKM:171E02,52656909001,Jindal Stainless Ltd.,IN-Jajapur-Kalinga Nagar Indl. Complex,Non-Innomotics HV Motors
IB-262041,1MS4354-2AN70 - N-V61201065010001,08-10-2022 13:53,Verified,1MS4354-2AN70,N-V61201065010001,Reliance Industries Ltd.,"IN-Surat-Surat-Hazira Rd., Village Mora",Motors HV H-compact (Ex)
IB-525833,6SL3850-4UL11-1AA0 - N-WO284143-00002,08-10-2022 13:53,Verified,6SL3850-4UL11-1AA0,N-WO284143-00002,Vizag Steel Project,IN-Visakhapatnam-Administration Bldg.,"GL150, air cooled"
IB-502158,1DQ4043-8AT03-Z - D0550231901,08-10-2022 13:54,Verified,1DQ4043-8AT03-Z,D0550231901,JSL,"IN-Mumbai-130 P. B. Marg, Worli","Motors HV Milling Motors (sync., small)"
IB-434481,1DQ4043-8AT03-Z - D0850240003,08-10-2022 13:54,Verified,1DQ4043-8AT03-Z,D0850240003,Steel Authority of India Ltd.,IN-Salem-Salem Steel Plant,"Motors HV Milling Motors (sync., small)"
IB-434475,1DQ4043-8AT03-Z - D0850240001,08-10-2022 13:54,Verified,1DQ4043-8AT03-Z,D0850240001,Steel Authority of India Ltd.,IN-Salem-Salem Steel Plant,"Motors HV Milling Motors (sync., small)"
IB-434476,1DQ4043-8AT03-Z - D0850240002,08-10-2022 13:54,Verified,1DQ4043-8AT03-Z,D0850240002,Steel Authority of India Ltd.,IN-Salem-Salem Steel Plant,"Motors HV Milling Motors (sync., small)"
IB-502173,1SJ1632-2JN90-Z - D9541127101,08-10-2022 13:54,Verified,1SJ1632-2JN90-Z,D9541127101,Gujarat State Fertilizers & Chemicals Ltd. Attn:Mr.B.D. Hardikar,IN-Vadodara-P.O. Fertilizernagar,"Motors HV H-modul (async., Ex)"
IB-502175,1SJ1632-2JN90-Z - D9541127001,08-10-2022 13:54,Verified,1SJ1632-2JN90-Z,D9541127001,Gujarat State Fertilizers & Chemicals Ltd. Attn:Mr.B.D. Hardikar,IN-Vadodara-P.O. Fertilizernagar,"Motors HV H-modul (async., Ex)"
IB-521425,1DQ4839-8DA03-Z - D1150248701,08-10-2022 13:54,Verified,1DQ4839-8DA03-Z,D1150248701,JINDAL STEEL LIMITED,"IN-Angul-Jindal Nagar, Village-Nisha, State","Motors HV Milling Motors (sync., large)"
IB-387071,1DU7641-7FE72-Z - 1251082,08-10-2022 13:54,Verified,1DU7641-7FE72-Z,1251082,Tamilnadu Newsprint & Papers Ltd.,IN-Karur-Kagithapuram,Motors HV Others
IB-387061,1DQ3639-6BD03-Z - D9850212901,08-10-2022 13:54,Verified,1DQ3639-6BD03-Z,D9850212901,Tata Steel Ltd.,IN-Jamshedpur-General Office Bldg. Near Bistupur,"Motors HV Milling Motors (sync., small)"
IB-541749,1DQ3639-6BD03-Z - 1502129,08-10-2022 13:54,Verified,1DQ3639-6BD03-Z,1502129,Tata Steel Ltd.,IN-Jamshedpur-General Office Bldg. Near Bistupur,Motors HV Others
IB-541812,1TF5327-7FE72-Z - 1351065,08-10-2022 13:54,Verified,1TF5327-7FE72-Z,1351065,Tamilnadu Newsprint & Papers Ltd.,IN-Karur-Kagithapuram,Motors HV Others
IB-387133,1TF5327-7FE72-Z - D8235106502,08-10-2022 13:54,Verified,1TF5327-7FE72-Z,D8235106502,Tamilnadu Newsprint & Papers Ltd.,IN-Karur-Kagithapuram,Motors HV Others
IB-401897,1MA4352-6AN70-Z - N-A71297792020001,08-10-2022 13:54,Verified,1MA4352-6AN70-Z,N-A71297792020001,MCPI Pvt. Ltd.,"IN-Kolkata-Bengal Eco Intelligent Park, Block-",Motors HV H-compact (Ex)
IB-271142,1MA4352-6AN70-Z - N-UD1187051020001,08-10-2022 13:54,Verified,1MA4352-6AN70-Z,N-UD1187051020001,MCPI Pvt. Ltd.,"IN-Kolkata-Bengal Eco Intelligent Park, Block-",Motors HV H-compact (Ex)
IB-401725,1MA4316-2AN70-Z - N-A71297792010001,08-10-2022 13:54,Verified,1MA4316-2AN70-Z,N-A71297792010001,MCPI Pvt. Ltd.,"IN-Kolkata-Bengal Eco Intelligent Park, Block-",Motors HV H-compact (Ex)
IB-430636,LDX:DHSW630LM18A - 5149427,08-10-2022 13:59,Verified,LDX:DHSW630LM18A,5149427,Bharat Pumps and Compressors Ltd.,"IN-Allahabad-P.O. Naini, Indl. Area",Motors HV Loher Vario (Ex flameproof)
IB-528271,1DQ5051-8DT05 - D1150249201,08-10-2022 13:59,Verified,1DQ5051-8DT05,D1150249201,Tata Steel Ltd.,IN-Jamshedpur-New Link Rd.,"Motors HV Milling Motors (sync., large)"
IB-443291,LDX:DNSW400LL08A - 5150564,08-10-2022 14:00,Verified,LDX:DNSW400LL08A,5150564,Centennial Steel Company Ltd.,IN-Jamshedpur-Incoming Material Section- Pellet P Inside Tata Steel Works,Motors HV Loher Vario (Ex flameproof)
IB-443631,LDX:DNSW400LL08A - 5150565,08-10-2022 14:00,Verified,LDX:DNSW400LL08A,5150565,Centennial Steel Company Ltd.,IN-Jamshedpur-Incoming Material Section- Pellet P Inside Tata Steel Works,Motors HV Loher Vario (Ex flameproof)
IB-373070,6SL3845-7NN43-6AA0 - N-X9104121-00010,08-10-2022 14:03,Verified,6SL3845-7NN43-6AA0,N-X9104121-00010,Tata Steel Ltd.,IN-Jamshedpur-General Office Bldg. Near Bistupur,"SM150 IGCT, water cooled"
IB-373071,6SL3845-7NN43-6AA0 - N-X9104121-00027,08-10-2022 14:03,Verified,6SL3845-7NN43-6AA0,N-X9104121-00027,Tata Steel Ltd.,IN-Jamshedpur-General Office Bldg. Near Bistupur,"SM150 IGCT, water cooled"
IB-373072,6SL3845-7NN43-6AA0 - N-X9224121-00001,08-10-2022 14:03,Verified,6SL3845-7NN43-6AA0,N-X9224121-00001,Tata Steel Ltd.,IN-Jamshedpur-General Office Bldg. Near Bistupur,"SM150 IGCT, water cooled"
IB-373073,6SL3845-7NN43-6AA0 - N-X9304121-00001,08-10-2022 14:03,Verified,6SL3845-7NN43-6AA0,N-X9304121-00001,Tata Steel Ltd.,IN-Jamshedpur-General Office Bldg. Near Bistupur,"SM150 IGCT, water cooled"
IB-373074,6SL3845-7NN43-6AA0 - N-XO124121-00031,08-10-2022 14:03,Verified,6SL3845-7NN43-6AA0,N-XO124121-00031,Tata Steel Ltd.,IN-Jamshedpur-General Office Bldg. Near Bistupur,"SM150 IGCT, water cooled"
IB-41935344,6SR5502-2HB38-0BH1 - Z8-201851535-640,08-10-2022 15:26,Verified,6SR5502-2HB38-0BH1,Z8-201851535-640,Hindalco Industries Ltd.,"IN-Sambalpur-Hirakud, Dist. - Sambalpur, Odisha","PH GH180, air cooled"
IB-24098577,1LA4450-6AN98 - 64969801,08-10-2022 22:23,Verified,1LA4450-6AN98,64969801,Kolkata Municipal Corporation,"IN-Kolkata-5, S.N. Banerjee Rd.",Motors HV H-compact (Non-Ex)
IB-23841463,6SR4802-2HC38-0BH1 - STB8H0229PHG4800,08-10-2022 22:23,Verified,6SR4802-2HC38-0BH1,STB8H0229PHG4800,Indian Oil Corporation Ltd.,IN-Paradip-P.O. Paradip At. Po. Jhimani - Paradip Refinery Project,"PH GH180, air cooled"
IB-23748191,1RN4630-4FM90-Z - N-K71530399010001,08-10-2022 22:33,Verified,1RN4630-4FM90-Z,N-K71530399010001,OCL Iron and Steel Ltd.,"IN-Rajgangpur-Village, Lamloi, P.O. Garvana",Motors HV H-compact+ (Non-Ex)
IB-23748388,1RN4630-4FM90-Z - N-K71530399020001,08-10-2022 22:33,Verified,1RN4630-4FM90-Z,N-K71530399020001,OCL Iron and Steel Ltd.,"IN-Rajgangpur-Village, Lamloi, P.O. Garvana",Motors HV H-compact+ (Non-Ex)
IB-23785117,6SR4502-2HE42-0BH1 - Z8-183144505-180,08-10-2022 22:33,Verified,6SR4502-2HE42-0BH1,Z8-183144505-180,Birla Corporation Ltd.,IN-Satna-Post Office Birla Vikas,"PH GH180, air cooled"
IB-24099088,6SR4502-2HE42-0BH1 - Z8-183344505-011,08-10-2022 22:33,Verified,6SR4502-2HE42-0BH1,Z8-183344505-011,J. K. Cement Ltd.,"IN-Chittorgarh-Mangrol, Tehsil Nimbahera","PH GH180, air cooled"
IB-23899022,6SR4802-2HA35-0BH1 - STB9H0244PHG4500,08-10-2022 22:33,Verified,6SR4802-2HA35-0BH1,STB9H0244PHG4500,The India Cements Ltd.,"IN-Chilamkur-Main Rd., Kadapa Dist","PH GH180, air cooled"
IB-24024985,DHSL400LC02A - 5153124,08-10-2022 22:34,Verified,DHSL400LC02A,5153124,Indianoil Petronas Pvt. Ltd.,IN-Haldia-Lpg Import / Export Terminal Kasberia,Motors HV Loher Vario (Ex flameproof)
IB-24069387,1DQ4847-8AT05-Z - D1750259501,08-10-2022 22:34,Verified,1DQ4847-8AT05-Z,D1750259501,JSW Steel Ltd.,"IN-Raigarh-Survey No. 96/1, 96/2 97/0 Village Khar Karavi, Taluka Pen","Motors HV Milling Motors (sync., large)"
IB-54687235,6SR5502-5ND42-5BH2 - Z8-223650844-0BB,15-06-2023 17:49,Verified,6SR5502-5ND42-5BH2,Z8-223650844-0BB,Balaji Action Buildwell Pvt. Ltd.,"IN-Sitarganj-C34, C34A To D C3, C6A To C, Sitarganj, Udham Singh Nagar","PH GH180, air cooled"
IB-60049448,6SR4802-2HE42-2BH1 - STB7K0430PHG42250,15-06-2023 18:02,Active,6SR4802-2HE42-2BH1,STB7K0430PHG42250,Yantra Harvest Energy Pvt. Ltd.,"IN-Pune-Shed No. 4, Anant Indl. Estate Narhe Rd. Dhayari Gaon","PH GH180, air cooled"
IB-17437567,6SR4502-2HH43-7BH1 - Z8-174844508-621,06-10-2022 17:11,Verified,6SR4502-2HH43-7BH1,Z8-174844508-621,Bangalore Water Supply and Sewerage Board,IN-Bangalore-VARTHUR,"PH GH180, air cooled"
IB-17434941,6SR4502-2HH43-7BH1 - Z8-174844508-619,06-10-2022 17:11,Verified,6SR4502-2HH43-7BH1,Z8-174844508-619,Bangalore Water Supply and Sewerage Board,IN-Bangalore-VARTHUR,"PH GH180, air cooled"
IB-17418742,6SR4502-2HH43-7BH1 - Z8-174844508-620,06-10-2022 17:11,Verified,6SR4502-2HH43-7BH1,Z8-174844508-620,Bangalore Water Supply and Sewerage Board,IN-Bangalore-VARTHUR,"PH GH180, air cooled"
IB-17403048,6SR4502-2HH43-7BH1 - Z8-174844508-622,06-10-2022 17:11,Verified,6SR4502-2HH43-7BH1,Z8-174844508-622,Bangalore Water Supply and Sewerage Board,IN-Bangalore-VARTHUR,"PH GH180, air cooled"
IB-41754719,6SR4802-2HD41-7BH1 - STB-NJ0342-PHG41750,06-10-2022 22:13,Verified,6SR4802-2HD41-7BH1,STB-NJ0342-PHG41750,GMR Kamalanga Energy Ltd.,"IN-Dhenkanal-Po: Kamalanga, Via Meramundali, Opp. Bhushan Steel","PH GH180, air cooled"
IB-41754737,6SR4802-2HD41-7BH1 - STB-NJ0341-PHG41750,06-10-2022 22:13,Verified,6SR4802-2HD41-7BH1,STB-NJ0341-PHG41750,GMR Kamalanga Energy Ltd.,"IN-Dhenkanal-Po: Kamalanga, Via Meramundali, Opp. Bhushan Steel","PH GH180, air cooled"
IB-25679121,1DQ4847-8AT05-Z - D1750259505,07-10-2022 00:24,Verified,1DQ4847-8AT05-Z,D1750259505,JSW Steel Ltd.,"IN-Raigarh-Survey No. 96/1, 96/2 97/0 Village Khar Karavi, Taluka Pen","Motors HV Milling Motors (sync., large)"
IB-17664405,6SR4502-0NF41-4BH0 - Z8-145340306-001,07-10-2022 00:47,Verified,6SR4502-0NF41-4BH0,Z8-145340306-001,Lubrizol Advanced Materials India Pvt. Ltd.,"IN-Bharuch-Plot No. D 2 / 11, B / 1 Dahej 2, G.I.D.C","PH GH180, air cooled"
IB-47903135,1LA4312-4AN70-Z - N8-1264002-010-002,07-10-2022 03:19,Verified,1LA4312-4AN70-Z,N8-1264002-010-002,ITC Ltd.,"IN-Bhadrachalam-PO. No.4, Sarapaka Village",Motors HV H-compact (Non-Ex)
IB-47903136,1LA4312-4AN70-Z - N8-1264002-010-001,07-10-2022 03:19,Verified,1LA4312-4AN70-Z,N8-1264002-010-001,ITC Ltd.,"IN-Bhadrachalam-PO. No.4, Sarapaka Village",Motors HV H-compact (Non-Ex)
IB-47525942,6SR4802-2HA34-0BH1 - STBNJ0343PHG4400,07-10-2022 03:30,Verified,6SR4802-2HA34-0BH1,STBNJ0343PHG4400,Hindalco Industries Ltd.,"IN-Sambalpur-Hirakud, Dist. - Sambalpur, Odisha","PH GH180, air cooled"
IB-47525943,6SR4802-2HA34-0BH1 - STBNJ0344PHG4400,07-10-2022 03:30,Verified,6SR4802-2HA34-0BH1,STBNJ0344PHG4400,Hindalco Industries Ltd.,"IN-Sambalpur-Hirakud, Dist. - Sambalpur, Odisha","PH GH180, air cooled"
IB-47525944,6SR4802-2HA34-0BH1 - STBNJ0345PHG4400,07-10-2022 03:30,Verified,6SR4802-2HA34-0BH1,STBNJ0345PHG4400,Hindalco Industries Ltd.,"IN-Sambalpur-Hirakud, Dist. - Sambalpur, Odisha","PH GH180, air cooled"
IB-47525945,6SR4802-2HA34-0BH1 - STBNJ0346PHG4400,07-10-2022 03:30,Verified,6SR4802-2HA34-0BH1,STBNJ0346PHG4400,Hindalco Industries Ltd.,"IN-Sambalpur-Hirakud, Dist. - Sambalpur, Odisha","PH GH180, air cooled"
IB-37246526,6SR4802-2HF42-0FH1 - STB2K0384PHG42000,07-10-2022 04:32,Verified,6SR4802-2HF42-0FH1,STB2K0384PHG42000,Inox Air Products Pvt. Ltd.,IN-Kanjikode-RE. SY. NO. 540-560 Petronet Rd.,"PH GH180, air cooled"
IB-36773610,1NC1454-2AA00-4DG0-Z - LDX/50002260,07-10-2022 04:33,Verified,1NC1454-2AA00-4DG0-Z,LDX/50002260,Hindustan Urvarak & Rasayan Ltd.,"IN-Mumbai-Third Floor-West Wing, Forbes Bldg.",Motors HV Innomotics HV C (flameproof)
IB-36773611,1NC1454-2AA00-4DG0-Z - LDX/50002261,07-10-2022 04:33,Verified,1NC1454-2AA00-4DG0-Z,LDX/50002261,Hindustan Urvarak & Rasayan Ltd.,"IN-Mumbai-Third Floor-West Wing, Forbes Bldg.",Motors HV Innomotics HV C (flameproof)
IB-36801550,6SR5502-2HD41-2BH1 - Z8-194051544-403,07-10-2022 04:33,Verified,6SR5502-2HD41-2BH1,Z8-194051544-403,JSW Steel Ltd.,"IN-Raigad-Dolvi Geetapuram, Taluka Pen","PH GH180, air cooled"
IB-36801702,6SR5502-2HD41-2BH1 - Z8-194051544-404,07-10-2022 04:33,Verified,6SR5502-2HD41-2BH1,Z8-194051544-404,JSW Steel Ltd.,"IN-Raigad-Dolvi Geetapuram, Taluka Pen","PH GH180, air cooled"
IB-36801094,6SR5502-2HD41-2BH1 - Z8-194051544-248,07-10-2022 04:33,Verified,6SR5502-2HD41-2BH1,Z8-194051544-248,JSW Steel Ltd.,"IN-Raigad-Dolvi Geetapuram, Taluka Pen","PH GH180, air cooled"
IB-36801246,6SR5502-2HD41-2BH1 - Z8-194051544-249,07-10-2022 04:33,Verified,6SR5502-2HD41-2BH1,Z8-194051544-249,JSW Steel Ltd.,"IN-Raigad-Dolvi Geetapuram, Taluka Pen","PH GH180, air cooled"
IB-36801398,6SR5502-2HD41-2BH1 - Z8-194051544-312,07-10-2022 04:33,Verified,6SR5502-2HD41-2BH1,Z8-194051544-312,JSW Steel Ltd.,"IN-Raigad-Dolvi Geetapuram, Taluka Pen","PH GH180, air cooled"
IB-37041572,6SR5502-2HD41-2BH1 - Z8-194151544-185,07-10-2022 04:33,Verified,6SR5502-2HD41-2BH1,Z8-194151544-185,Nuvoco Vistas Corporation Ltd.,"IN-Chittorgarh-Bhawalia, Nimbahera","PH GH180, air cooled"
IB-37031191,6SR5502-2HD41-2BH1 - Z8-194151544-187,07-10-2022 04:33,Verified,6SR5502-2HD41-2BH1,Z8-194151544-187,Nuvoco Vistas Corporation Ltd.,"IN-Chittorgarh-Bhawalia, Nimbahera","PH GH180, air cooled"
IB-37709643,1LA4564-6CN70-Z - ZY-V73000304040001000002,07-10-2022 08:21,Verified,1LA4564-6CN70-Z,ZY-V73000304040001000002,Vedanta Aluminium Ltd.,IN -Rayagada-At/Po Lanjigarh via vishwanathpur,"Motors HV H-compact (async., Non-Ex, SEDL)"
IB-52913937,6SR5502-2HA35-0BH2 - Z8-222351534-0F9,07-10-2022 10:52,Verified,6SR5502-2HA35-0BH2,Z8-222351534-0F9,ITC Ltd.,"IN-Bhadrachalam-PO. No.4, Sarapaka Village","PH GH180, air cooled"
IB-52917641,6SR5502-2HA35-0BH2 - Z8-222351534-0FB,07-10-2022 10:52,Verified,6SR5502-2HA35-0BH2,Z8-222351534-0FB,ITC Ltd.,"IN-Bhadrachalam-PO. No.4, Sarapaka Village","PH GH180, air cooled"
IB-52928932,6SR5502-2HA35-0BH2 - Z8-222351534-0BB,07-10-2022 10:52,Verified,6SR5502-2HA35-0BH2,Z8-222351534-0BB,ITC Ltd.,"IN-Bhadrachalam-PO. No.4, Sarapaka Village","PH GH180, air cooled"
IB-52927379,6SR5502-2HA35-0BH2 - Z8-222351534-0BA,07-10-2022 10:52,Verified,6SR5502-2HA35-0BH2,Z8-222351534-0BA,ITC Ltd.,"IN-Bhadrachalam-PO. No.4, Sarapaka Village","PH GH180, air cooled"
IB-52927046,6SR5502-2HA35-0BH2 - Z8-222351534-0FA,07-10-2022 10:52,Verified,6SR5502-2HA35-0BH2,Z8-222351534-0FA,ITC Ltd.,"IN-Bhadrachalam-PO. No.4, Sarapaka Village","PH GH180, air cooled"
IB-52925782,6SR5502-2HA35-0BH2 - Z8-222351534-191,07-10-2022 10:52,Verified,6SR5502-2HA35-0BH2,Z8-222351534-191,ITC Ltd.,"IN-Bhadrachalam-PO. No.4, Sarapaka Village","PH GH180, air cooled"
IB-52916810,6SR5502-2HB37-0BH2 - Z8-222351535-190,07-10-2022 10:52,Verified,6SR5502-2HB37-0BH2,Z8-222351535-190,ITC Ltd.,"IN-Bhadrachalam-PO. No.4, Sarapaka Village","PH GH180, air cooled"
IB-11704705,LDX:MHWA800SA04A - LDX/50000654,08-10-2022 12:03,Verified,LDX:MHWA800SA04A,LDX/50000654,Greenply Industries Ltd.,"IN-Chittoor-Survey No. 97 /1, 98 & 99 Routhu Suramala, Thottambedu Mandal",Motors HV Innomotics HV M (Non-Ex)
IB-8506873,1PS4506-6BJ70-4CD0-Z - 5154903,08-10-2022 12:03,Verified,1PS4506-6BJ70-4CD0-Z,5154903,Praxair India Pvt. Ltd.,"IN-Jamshedpur-L Town, Garamnala, Sakchi",Motors HV Loher Vario (Ex flameproof)
IB-12200594,6SR3802-7HH46-0BH0 - STB3F0182PHMVD,08-10-2022 12:04,Verified,6SR3802-7HH46-0BH0,STB3F0182PHMVD,Indian Oil Corporation Ltd.,IN-Cuttack-Paradip Refinery Project P. O. Jhimani,"PH GH180, air cooled"
IB-12200596,6SR3802-7HH46-0BH0 - STB3F0183PHMVD,08-10-2022 12:04,Verified,6SR3802-7HH46-0BH0,STB3F0183PHMVD,Indian Oil Corporation Ltd.,IN-Cuttack-Paradip Refinery Project P. O. Jhimani,"PH GH180, air cooled"
IB-12200609,6SR3802-7HH46-0BH0 - STB-3F0184-PH-MVD,08-10-2022 12:04,Verified,6SR3802-7HH46-0BH0,STB-3F0184-PH-MVD,Indian Oil Corporation Ltd.,IN-Paradip-P.O. Paradip At. Po. Jhimani - Via Kujang Dist. Jagatsinghpur,"PH GH180, air cooled"
IB-8518824,6SL3845-7NN41-8AA0 - N-W731412100017,08-10-2022 12:04,Verified,6SL3845-7NN41-8AA0,N-W731412100017,Jindal Stainless Ltd.,IN-Jajapur-Kalinga Nagar Indl. Complex,"SM150 IGCT, water cooled"
IB-12200612,6SR3802-7HH46-0BH0 - STB3F0185PHMVD,08-10-2022 12:04,Verified,6SR3802-7HH46-0BH0,STB3F0185PHMVD,Indian Oil Corporation Ltd.,IN-Paradip-P.O. Paradip At. Po. Jhimani - Via Kujang Dist. Jagatsinghpur,"PH GH180, air cooled"
IB-12200618,6SR3802-7HH46-0BH0 - STB-3F0186-PH-MVD,08-10-2022 12:04,Verified,6SR3802-7HH46-0BH0,STB-3F0186-PH-MVD,Indian Oil Corporation Ltd.,IN-Paradip-P.O. Paradip At. Po. Jhimani - Via Kujang Dist. Jagatsinghpur,"PH GH180, air cooled"
IB-7668342,1TZ1540-8CF02-Z - D0631411401,08-10-2022 12:17,Verified,1TZ1540-8CF02-Z,D0631411401,Reliance Industries Ltd.,"IN-Surat-Surat-Hazira Rd., Village Mora",Motors HV H-modyn (async.)
IB-7668343,1TZ1540-8CF02-Z - D0631411402,08-10-2022 12:17,Verified,1TZ1540-8CF02-Z,D0631411402,Reliance Industries Ltd.,"IN-Surat-Surat-Hazira Rd., Village Mora",Motors HV H-modyn (async.)
IB-7668347,1TZ1545-8CF02-Z - D0631412201,08-10-2022 12:17,Verified,1TZ1545-8CF02-Z,D0631412201,Reliance Industries Ltd.,"IN-Surat-Surat-Hazira Rd., Village Mora",Motors HV H-modyn (async.)
IB-7668348,1TZ1545-8CF02-Z - D0631412202,08-10-2022 12:17,Verified,1TZ1545-8CF02-Z,D0631412202,Reliance Industries Ltd.,"IN-Surat-Surat-Hazira Rd., Village Mora",Motors HV H-modyn (async.)
IB-7668360,1TQ3836-8AT03-Z - D0650234101,08-10-2022 12:17,Verified,1TQ3836-8AT03-Z,D0650234101,Tata Steel BSL Ltd.,"IN-Hosur-Plot # 104/3, Tata Steel Limited,",Motors HV Milling Motors (async.)
IB-7667161,1DQ5140-8DA04-Z - D04 502 269 01,08-10-2022 12:18,Verified,1DQ5140-8DA04-Z,D04 502 269 01,JSW Steel Ltd.,"IN-Bellary-P.O. Vidyanagar,","Motors HV Milling Motors (sync., large)"
IB-7667162,1DQ5140-8DA04-Z - D04 502 268 01,08-10-2022 12:18,Verified,1DQ5140-8DA04-Z,D04 502 268 01,JSW Steel Ltd.,"IN-Bellary-P.O. Vidyanagar,","Motors HV Milling Motors (sync., large)"
IB-7665043,1DT4142-7DE02-Z-D8622610701,08-10-2022 12:18,Verified,1DT4142-7DE02-Z,D8622610701,KRBL Ltd.,IN - Village - Bhasaur Dhuri,Generators HV Others
IB-7351406,1DX2038-8AS02-Z - D0631701001,08-10-2022 12:18,Verified,1DX2038-8AS02-Z,D0631701001,Tata Steel Ltd.,IN-Jamshedpur-P.O. Bistupur,"Motors HV H-modyn (sync., cylindrical)"
IB-7351425,1DX2038-8AS02-Z - D0631701002,08-10-2022 12:18,Verified,1DX2038-8AS02-Z,D0631701002,Tata Steel Ltd.,IN-Jamshedpur-P.O. Bistupur,"Motors HV H-modyn (sync., cylindrical)"
IB-7351426,1DX2038-8AS02-Z - D0631701003,08-10-2022 12:18,Verified,1DX2038-8AS02-Z,D0631701003,Tata Steel Ltd.,IN-Jamshedpur-P.O. Bistupur,"Motors HV H-modyn (sync., cylindrical)"
IB-7646641,1DQ5952-8DT09-Z - D0950244001,08-10-2022 12:18,Verified,1DQ5952-8DT09-Z,D0950244001,JINDAL STEEL LIMITED,"IN-Angul-Jindal Nagar, Village-Nisha, State","Motors HV Milling Motors (sync., large)"
IB-7667075,1DQ5952-8DT09-Z - D1250253301,08-10-2022 12:18,Verified,1DQ5952-8DT09-Z,D1250253301,JINDAL STEEL LIMITED,"IN-Angul-Jindal Nagar, Village-Nisha, State","Motors HV Milling Motors (sync., large)"
IB-7667096,1DQ5648-8DA08-Z - D06 502 346 01,08-10-2022 12:18,Verified,1DQ5648-8DA08-Z,D06 502 346 01,JSW Steel Ltd.,"IN-Bellary-P.O. Vidyanagar,","Motors HV Milling Motors (sync., large)"
IB-7667097,1DQ5648-8DA08-Z - D06 502 346 02,08-10-2022 12:18,Verified,1DQ5648-8DA08-Z,D06 502 346 02,JSW Steel Ltd.,"IN-Bellary-P.O. Vidyanagar,","Motors HV Milling Motors (sync., large)"
IB-7667098,1DQ5648-8DA08-Z - D0650234603,08-10-2022 12:18,Verified,1DQ5648-8DA08-Z,D0650234603,JINDAL STEEL LIMITED,"IN-Angul-Jindal Nagar, Village-Nisha, State","Motors HV Milling Motors (sync., large)"
IB-7668087,1DQ4140-8TT04-Z - D0650234001,08-10-2022 12:18,To be verified,1DQ4237-8TT03-Z,D0650234001,Tata Steel BSL Ltd.,"IN-Ghaziabad-23, Site IV, Sahibabad Indl. Area","Motors HV Milling Motors (sync., large)"
IB-7668088,1DQ4140-8TT04-Z - D0650234002,08-10-2022 12:18,To be verified,1DQ4237-8TT03-Z,D0650234002,Tata Steel BSL Ltd.,"IN-Ghaziabad-23, Site IV, Sahibabad Indl. Area","Motors HV Milling Motors (sync., large)"
IB-10423978,1MA4316-2AN70-Z,08-10-2022 12:19,To be verified,1MA4316-2AN70-Z,,Mylan Laboratories Ltd.,"IN-Nashik-Plot No. F-4 / F-12, Malegaon, M.I.D.C, Sinnar",Motors HV H-compact (Ex)
IB-10423960,1MA4316-2AN70-Z,08-10-2022 12:19,To be verified,1MA4316-2AN70-Z,,Mylan Laboratories Ltd.,"IN-Nashik-Plot No. F-4 / F-12, Malegaon, M.I.D.C, Sinnar",Motors HV H-compact (Ex)
IB-10458908,1MA4316-2AN70-Z,08-10-2022 12:19,To be verified,1MA4316-2AN70-Z,,Mylan Laboratories Ltd.,"IN-Nashik-Plot No. F-4 / F-12, Malegaon, M.I.D.C, Sinnar",Motors HV H-compact (Ex)
IB-10458933,1MA4316-2AN70-Z,08-10-2022 12:19,To be verified,1MA4316-2AN70-Z,,Mylan Laboratories Ltd.,"IN-Nashik-Plot No. F-4 / F-12, Malegaon, M.I.D.C, Sinnar",Motors HV H-compact (Ex)
IB-11219831,DRIVE ROOM-AGITATOR-310 - AGITATOR-310,08-10-2022 12:19,Verified,102839925,STB11S0002-PH-MVD,Mangalore Refinery and Petrochemicals Ltd.,"IN-Mangalore-Mudapadav, Kuthethoor P.O,","PH GH180, air cooled"
IB-10757469,6SL3855-5UN11-6KA0 - N-C2243603-00003,08-10-2022 12:19,Verified,6SL3855-5UN11-6KA0,N-C2243603-00003,JSW Steel Ltd.,"IN-Bellary-P.O. Vidyanagar,","GL150, water cooled"
IB-7401344,1LA43546AN70Z - 1672413100001,08-10-2022 12:22,Verified,1LA43546AN70Z,1672413100001,The India Cements Ltd.,IN-Banswara-Banswara Works Post-Vajwana,Motors HV H-compact (Non-Ex)
IB-7417251,1PQ4450-4AV20-Z - N-E61419753010001,08-10-2022 12:23,Verified,1PQ4450-4AV20-Z,N-E61419753010001,KPC Projects Ltd.,"IN-Kanchipuram-Adjacent To R O S A Block, D A E Township, Anupuram",Motors HV H-compact (Non-Ex)
IB-7037911,6SL3855-5UU31-5KA0-Z-N-E91408101010001,08-10-2022 12:23,Verified,6SL3855-5UU31-5KA0-Z,N-E91408101010001,Gail (India) Ltd.,"IN -Auraiya-""P.O.-Pata,""","GL150, water cooled"
IB-7475288,1PS440-6BJ74-4BA0-Z - 5153681,08-10-2022 12:23,Verified,1PS440-6BJ74-4BA0-Z,5153681,Bharat Pumps and Compressors Ltd.,"IN-Allahabad-P.O. Naini, Indl. Area",Motors HV Loher Vario (Ex flameproof)
IB-7089451,1LA102724AY80 - 13112647093,08-10-2022 12:24,Verified,1LA102724AY80,13112647093,SRI BHAGYALAKSHMI TRADING CORPOARTI ON,"IN-Bangalore-Near by Satellite bus station,Mysor e Road.",Motors HV H-compact (Non-Ex)
IB-5376325,ILA5 508-4 - 79772,08-10-2022 13:12,Verified,ILA5 508-4,79772,RPG Life Sciences Ltd.,"IN-Navi Mumbai-25, MIDC Land, Thane Belapur Road",Motors HV H-compact (Non-Ex)
IB-588325,6SC8435-8UN41-8BA0-Z - N-U425412100005,08-10-2022 13:33,Verified,6SC8435-8UN41-8BA0-Z,N-U425412100005,Jindal Industries Pvt. Ltd.,"IN-Hissar-Delhi Rd., Model Town",SIMOVERT ML2
IB-517711,1PQ4500-6CM00-Z - N-WN1238730010001,08-10-2022 13:51,Verified,1PQ4500-6CM00-Z,N-WN1238730010001,Jindal Steel And Power Ltd.,"IN-Ramgarh-Balkudra, Patratu",Motors HV H-compact (Non-Ex)
IB-273909,1RQ4504-2JE70-Z - N-V91198955010002,08-10-2022 14:01,Verified,1RQ4504-2JE70-Z,N-V91198955010002,Jindal Steel And Power Ltd.,IN-Raigarh-Kharsia Rd.,Motors HV H-compact+ (Non-Ex)
IB-274273,1RQ4504-2JE70-Z - N-V91198955010001,08-10-2022 14:01,Verified,1RQ4504-2JE70-Z,N-V91198955010001,Jindal Steel And Power Ltd.,IN-Raigarh-Kharsia Rd.,Motors HV H-compact+ (Non-Ex)
IB-264136,1RQ4504-2JE70-Z - N-V91198955010003,08-10-2022 14:01,Verified,1RQ4504-2JE70-Z,N-V91198955010003,Jindal Steel And Power Ltd.,IN-Raigarh-Kharsia Rd.,Motors HV H-compact+ (Non-Ex)
IB-264860,1RQ4566-8FM90-Z - N-V91194664010001,08-10-2022 14:02,Verified,1RQ4566-8FM90-Z,N-V91194664010001,Tata Steel BSL Ltd.,"IN-Ghaziabad-23, Site IV, Sahibabad Indl. Area",Motors HV H-compact+ (Non-Ex)
IB-264423,1RQ4566-8FM90-Z - N-V91194664020001,08-10-2022 14:02,Verified,1RQ4566-8FM90-Z,N-V91194664020001,Tata Steel BSL Ltd.,"IN-Ghaziabad-23, Site IV, Sahibabad Indl. Area",Motors HV H-compact+ (Non-Ex)
IB-290508,1PQ4454-8AM90-Z - N-V91191838010002,08-10-2022 14:02,Verified,1PQ4454-8AM90-Z,N-V91191838010002,Tata Steel BSL Ltd.,"IN-Ghaziabad-23, Site IV, Sahibabad Indl. Area",Motors HV H-compact (Non-Ex)
IB-280221,1PQ4454-8AM90-Z - N-V91191838010001,08-10-2022 14:02,Verified,1PQ4454-8AM90-Z,N-V91191838010001,Tata Steel BSL Ltd.,"IN-Ghaziabad-23, Site IV, Sahibabad Indl. Area",Motors HV H-compact (Non-Ex)
IB-42869886,6SR5502-2HE41-7BH1 - Z8-204051548-386,08-10-2022 14:07,Verified,6SR5502-2HE41-7BH1,Z8-204051548-386,Hindustan Petroleum,"IN-Neriya-Neriya Pumping Station,","PH GH180, air cooled"
IB-42871131,6SR5502-2HE41-7BH1 - Z8-203951548-525,08-10-2022 14:07,Verified,6SR5502-2HE41-7BH1,Z8-203951548-525,Indian Oil Corporation Ltd.,"IN-Panipat-Panipat Refinery, IOCL","PH GH180, air cooled"
IB-42863359,6SR5502-2HE41-7BH1 - Z8-204051548-052,08-10-2022 14:07,Verified,6SR5502-2HE41-7BH1,Z8-204051548-052,Indian Oil Corporation Ltd.,"IN-Panipat-Panipat Refinery, IOCL","PH GH180, air cooled"
IB-42881592,6SR5502-2HD41-5FH1 - Z8-204851544-290,08-10-2022 14:07,Verified,6SR5502-2HD41-5FH1,Z8-204851544-290,Taqa Neyveli Power Company Pvt. Ltd.,"IN-Cuddalore-250 Mw, Lignite Fired Power Plant","PH GH180, air cooled"
IB-42896166,6SR5502-2HB36-0BG1 - Z8-204251535-216,08-10-2022 14:07,Verified,6SR5502-2HB36-0BG1,Z8-204251535-216,GACL-NALCO Alkalies & Chemicals Pvt. Ltd.,IN-Bharuch-Plot DII/9/2 P.O. Dahej,"PH GH180, air cooled"
IB-42880278,6SR5502-2HB36-0BG1 - Z8-204151535-579,08-10-2022 14:07,Verified,6SR5502-2HB36-0BG1,Z8-204151535-579,GACL-NALCO Alkalies & Chemicals Pvt. Ltd.,IN-Bharuch-Plot DII/9/2 P.O. Dahej,"PH GH180, air cooled"
IB-42867103,6SR5502-2HB36-0BG1 - Z8-204251535-215,08-10-2022 14:07,Verified,6SR5502-2HB36-0BG1,Z8-204251535-215,GACL-NALCO Alkalies & Chemicals Pvt. Ltd.,IN-Bharuch-Plot DII/9/2 P.O. Dahej,"PH GH180, air cooled"
IB-42866932,6SR5502-2HB36-0BG1 - Z8-204151535-583,08-10-2022 14:07,Verified,6SR5502-2HB36-0BG1,Z8-204151535-583,GACL-NALCO Alkalies & Chemicals Pvt. Ltd.,IN-Bharuch-Plot DII/9/2 P.O. Dahej,"PH GH180, air cooled"
IB-42866756,6SR5502-2HB36-0BG1 - Z8-204151535-581,08-10-2022 14:07,Verified,6SR5502-2HB36-0BG1,Z8-204151535-581,GACL-NALCO Alkalies & Chemicals Pvt. Ltd.,IN-Bharuch-Plot DII/9/2 P.O. Dahej,"PH GH180, air cooled"
IB-42861413,6SR5502-2HB36-0BG1 - Z8-204251535-059,08-10-2022 14:07,Verified,6SR5502-2HB36-0BG1,Z8-204251535-059,GACL-NALCO Alkalies & Chemicals Pvt. Ltd.,IN-Bharuch-Plot DII/9/2 P.O. Dahej,"PH GH180, air cooled"
IB-42885091,6SR5502-2HB36-0BG1 - Z8-204151535-580,08-10-2022 14:07,Verified,6SR5502-2HB36-0BG1,Z8-204151535-580,GACL-NALCO Alkalies & Chemicals Pvt. Ltd.,IN-Bharuch-Plot DII/9/2 P.O. Dahej,"PH GH180, air cooled"
IB-42873480,6SR5502-2HE42-2BG1 - Z8-204251548-217,08-10-2022 14:07,Verified,6SR5502-2HE42-2BG1,Z8-204251548-217,GACL-NALCO Alkalies & Chemicals Pvt. Ltd.,IN-Bharuch-Plot DII/9/2 P.O. Dahej,"PH GH180, air cooled"
IB-42877736,6SR4502-5NJ48-8BH1 - Z8-204643809-056,08-10-2022 14:07,Verified,6SR4502-5NJ48-8BH1,Z8-204643809-056,Telangana State Irrigation & CAD Department,"IN-Nizamabad-Kaleshwaram Project Package-20. Unnamed Road, Nizamabad","PH GH180, air cooled"
IB-42859516,6SR5502-2HB38-0BG1 - Z8-204151535-273,08-10-2022 14:07,Verified,6SR5502-2HB38-0BG1,Z8-204151535-273,GACL-NALCO Alkalies & Chemicals Pvt. Ltd.,IN-Bharuch-Plot DII/9/2 P.O. Dahej,"PH GH180, air cooled"
IB-42863024,6SR5502-2HB38-0BG1 - Z8-204151535-271,08-10-2022 14:07,Verified,6SR5502-2HB38-0BG1,Z8-204151535-271,GACL-NALCO Alkalies & Chemicals Pvt. Ltd.,IN-Bharuch-Plot DII/9/2 P.O. Dahej,"PH GH180, air cooled"
IB-42871723,6SR5502-2HB38-0BG1 - Z8-204151535-126,08-10-2022 14:07,Verified,6SR5502-2HB38-0BG1,Z8-204151535-126,GACL-NALCO Alkalies & Chemicals Pvt. Ltd.,IN-Bharuch-Plot DII/9/2 P.O. Dahej,"PH GH180, air cooled"
IB-42882118,6SR5502-2HB38-0BG1 - Z8-204151535-272,08-10-2022 14:07,Verified,6SR5502-2HB38-0BG1,Z8-204151535-272,GACL-NALCO Alkalies & Chemicals Pvt. Ltd.,IN-Bharuch-Plot DII/9/2 P.O. Dahej,"PH GH180, air cooled"
IB-42864015,6SR5502-2HB38-7BH1 - Z8-204451535-044,08-10-2022 14:07,Verified,6SR5502-2HB38-7BH1,Z8-204451535-044,JSW Steel Ltd.,"IN-Bellary-P.O. Vidyanagar,","PH GH180, air cooled"
IB-42886293,6SR5502-2HB38-7BH1 - Z8-204451535-045,08-10-2022 14:07,Verified,6SR5502-2HB38-7BH1,Z8-204451535-045,JSW Steel Ltd.,"IN-Bellary-P.O. Vidyanagar,","PH GH180, air cooled"
IB-42868117,6SR5502-2HD41-6FH1 - Z8-204751544-993,08-10-2022 14:07,Verified,6SR5502-2HD41-6FH1,Z8-204751544-993,Orissa Alloy Steel Pvt. Ltd.,IN-Kolkata-3rd Floor  Room No 3B,"PH GH180, air cooled"
IB-42897556,6SR5502-2HD41-6FH1 - Z8-204751544-997,08-10-2022 14:07,Verified,6SR5502-2HD41-6FH1,Z8-204751544-997,Orissa Alloy Steel Pvt. Ltd.,IN-Kolkata-3rd Floor  Room No 3B,"PH GH180, air cooled"
IB-42888262,6SR5502-2HD41-6FH1 - Z8-204751544-893,08-10-2022 14:07,Verified,6SR5502-2HD41-6FH1,Z8-204751544-893,Orissa Alloy Steel Pvt. Ltd.,IN-Kolkata-3rd Floor  Room No 3B,"PH GH180, air cooled"
IB-42872441,6SR5502-2HB37-5BH1 - Z8-204751535-757,08-10-2022 14:07,Verified,6SR5502-2HB37-5BH1,Z8-204751535-757,ITC Ltd.,"IN-Bhadrachalam-PO. No.4, Sarapaka Village","PH GH180, air cooled"
IB-42880674,6SR5502-2HB37-5BH1 - Z8-204751535-756,08-10-2022 14:07,Verified,6SR5502-2HB37-5BH1,Z8-204751535-756,ITC Ltd.,"IN-Bhadrachalam-PO. No.4, Sarapaka Village","PH GH180, air cooled"
IB-42889214,6SR5502-2HC41-0FH1 - Z8-204751540-994,08-10-2022 14:07,Verified,6SR5502-2HC41-0FH1,Z8-204751540-994,Orissa Alloy Steel Pvt. Ltd.,IN-Kolkata-3rd Floor  Room No 3B,"PH GH180, air cooled"
IB-42881401,6SR5502-2HC41-0FH1 - Z8-204751540-995,08-10-2022 14:07,Verified,6SR5502-2HC41-0FH1,Z8-204751540-995,Orissa Alloy Steel Pvt. Ltd.,IN-Kolkata-3rd Floor  Room No 3B,"PH GH180, air cooled"
IB-42881769,6SR5502-2HC41-0FH1 - Z8-204851540-137,08-10-2022 14:07,Verified,6SR5502-2HC41-0FH1,Z8-204851540-137,Orissa Alloy Steel Pvt. Ltd.,IN-Kolkata-3rd Floor  Room No 3B,"PH GH180, air cooled"
IB-42898123,6SR5502-2HF43-2BH1 - Z8-204451552-226,08-10-2022 14:07,Verified,6SR5502-2HF43-2BH1,Z8-204451552-226,JSW Steel Ltd.,"IN-Bellary-P.O. Vidyanagar,","PH GH180, air cooled"
IB-42897127,6SR5502-2HF43-2BH1 - Z8-204451552-116,08-10-2022 14:07,Verified,6SR5502-2HF43-2BH1,Z8-204451552-116,JSW Steel Ltd.,"IN-Bellary-P.O. Vidyanagar,","PH GH180, air cooled"
IB-40913393,1E75030EA435AA4 - KW19066630704919,08-10-2022 15:10,Verified,1E75030EA435AA4,KW19066630704919,Shri Prabhulingeshwar Sugars And Chemicals Ltd.,"IN-Jamakhandi-Sy. No.104,100 & 96 Factory Site Village Siddapur",Motors HV Others
IB-41131197,6SL3850-7UU31-6AA0-Z - N-M85025225010001,08-10-2022 15:11,Verified,6SL3850-7UU31-6AA0-Z,N-M85025225010001,Megha Engineering and Infrastructures Ltd,"IN-Telangana-Servey No-456,Goliwada village, Peddapalli -Dist, Anthergaon Mandal","GL150, air cooled"
IB-41140175,1DE5532-9HC79 - 5002636010001,08-10-2022 15:11,Verified,1DE5532-9HC79,5002636010001,Guna Power Designs,"IN-Chennai-No. 124,  B3, R R Nagar, 4th St. Ayyappanthangal","Motors HV VEM (Siemens labeled, sync.)"
IB-41140196,6SR3102-7HJ45-0BG0 - N-L115530920100001,08-10-2022 15:11,Verified,6SR3102-7HJ45-0BG0,N-L115530920100001,GOODYEAR SOUTH ASIA TYRES PRIVATE LIMITED,IN-Faridabad-21/4 Mathura Road Ballabgarh,"PH GH180, water cooled"
IB-41171179,RHF VIN HV3 50002601-2 - DVY/15992321001,08-10-2022 15:11,Active,RHF VIN HV3 50002601-2,DVY/15992321001,Flowserve India Controls Pvt. Ltd.,IN-Coimbatore-SF No.136/3 & 137 Myleripalayam Rd.,Miscellaneous (F)
IB-41171180,RHF VIN HV3 50002601-2 - DVY/15992321002,08-10-2022 15:11,Active,RHF VIN HV3 50002601-2,DVY/15992321002,Flowserve India Controls Pvt. Ltd.,IN-Coimbatore-SF No.136/3 & 137 Myleripalayam Rd.,Miscellaneous (F)
IB-40983457,AT250M2030X - 170048,08-10-2022 15:11,To be verified,AT250M2030X,170048,Guala Closures (India) Pvt. Ltd.,"IN-Sanquelim-Upper Harval, Off Sanquelim-Honda Rd.",Motors HV Loher Vario (Non-Ex)
IB-41183940,1LA43164AN78Z - N8/65133487,08-10-2022 15:11,Verified,1LA43164AN78Z,N8/65133487,JSW Steel Ltd.,"IN-Raigarh-Survey No. 96/1, 96/2 97/0 Village Khar Karavi, Taluka Pen",Motors HV H-compact (Non-Ex)
IB-40990991,6SR5502-5NE43-7BG1 - Z8-201350848-237,08-10-2022 15:11,Active,6SR5502-5NE43-7BG1,Z8-201350848-237,Siemens Ltd.,IN-Aurangabad-E-76 Waluj MIDC Area,"PH GH180, air cooled"
IB-41211944,A20361920000 Electic Rope Shovel - 48-10-9103373141-01,08-10-2022 15:11,Verified,A20361920000 Electic Rope Shovel,48-10-9103373141-01,Gmmco Ltd.,"IN-Singrauli-Plot No. 13/2,","PH GH180, air cooled"
IB-41227877,1RQ14548IA74Z - N8/65114076,08-10-2022 15:11,Verified,1RQ14548IA74Z,N8/65114076,Megha Engineering & Infrastructures Ltd.,"IN-Chikkaballapur-House No 1116,2nd Cross","Motors HV A-compact+ (async., Non-Ex)"
IB-41227882,1RQ14548IA74Z - N8/65110470,08-10-2022 15:11,Verified,1RQ14548IA74Z,N8/65110470,Megha Engineering & Infrastructures Ltd.,"IN-Chikkaballapur-House No 1116,2nd Cross","Motors HV A-compact+ (async., Non-Ex)"
IB-41259164,6SR3802-6HG33-5BH0 - STBOH0249PHG3E4000,08-10-2022 15:12,Verified,6SR3802-6HG33-5BH0,STBOH0249PHG3E4000,Prism Cement,"IN-Village-Mankahari,P.O.Bhatia,Tehsil-Rampura baghelan,Dist-Satna,M.P SATANA","PH GH180, air cooled"
IB-41259165,6SR3802-6HG33-5BH0 - STBOH0250PHG3E4000,08-10-2022 15:12,Verified,6SR3802-6HG33-5BH0,STBOH0250PHG3E4000,Prism Cement,"IN-Village-Mankahari,P.O.Bhatia,Tehsil-Rampura baghelan,Dist-Satna,M.P SATANA","PH GH180, air cooled"
IB-41258599,6SR4802-2HC41-0BH1 - STB8H0227PHG41000,08-10-2022 15:14,Verified,6SR4802-2HC41-0BH1,STB8H0227PHG41000,Indian Oil Corporation Ltd.,IN-Paradip-P.O. Paradip At. Po. Jhimani - Paradip Refinery Project,"PH GH180, air cooled"
IB-32912899,6SL3961-6RC10-0CA0-Z - N-L51568149015001,08-10-2022 20:52,Verified,6SL3961-6RC10-0CA0-Z,N-L51568149015001,JSW Steel Ltd.,"IN-Bellary-P.O. Vidyanagar,",SL150 CU
IB-33275309,6SL3850-7UU31-3AA0 - N-K15018527010001,08-10-2022 20:53,Verified,6SL3850-7UU31-3AA0,N-K15018527010001,Govt of Telangana,IN-Peddapalli-Servey No-456 Goliwada(village) Anthergaon(Mandal) (Dt),"GL150, air cooled"
IB-32909218,6SL3955-0TX00-1AA2 - F2K7044178,08-10-2022 20:53,Active,6SL3955-0TX00-1AA2,F2K7044178,JSW Toranagallu,IN -folgt-folgt 99,Miscellaneous
IB-32909219,6SL3955-0TX00-1AA2 - F2K7044179,08-10-2022 20:53,Active,6SL3955-0TX00-1AA2,F2K7044179,JSW Toranagallu,IN -folgt-folgt 99,Miscellaneous
IB-32909220,6SL3955-0TX00-1AA2 - F2K7044195,08-10-2022 20:53,Active,6SL3955-0TX00-1AA2,F2K7044195,JSW Toranagallu,IN -folgt-folgt 99,Miscellaneous
IB-32909221,6SL3955-0TX00-1AA2 - F2K7044279,08-10-2022 20:53,Active,6SL3955-0TX00-1AA2,F2K7044279,JSW Toranagallu,IN -folgt-folgt 99,Miscellaneous
IB-32909222,6SL3955-0TX00-1AA2 - F2K7044289,08-10-2022 20:53,Active,6SL3955-0TX00-1AA2,F2K7044289,JSW Toranagallu,IN -folgt-folgt 99,Miscellaneous
IB-32909223,6SL3955-0TX00-1AA2 - F2K7044299,08-10-2022 20:53,Active,6SL3955-0TX00-1AA2,F2K7044299,JSW Toranagallu,IN -folgt-folgt 99,Miscellaneous
IB-32909224,6SL3955-0TX00-1AA2 - F2K7044312,08-10-2022 20:53,Active,6SL3955-0TX00-1AA2,F2K7044312,JSW Toranagallu,IN -folgt-folgt 99,Miscellaneous
IB-32909225,6SL3955-0TX00-1AA2 - F2K8014946,08-10-2022 20:53,Active,6SL3955-0TX00-1AA2,F2K8014946,JSW Toranagallu,IN -folgt-folgt 99,Miscellaneous
IB-32909226,6SL3955-0TX00-1AA2 - F2K8014951,08-10-2022 20:53,Active,6SL3955-0TX00-1AA2,F2K8014951,JSW Toranagallu,IN -folgt-folgt 99,Miscellaneous
IB-32909279,6SL3955-0TX00-1AA2 - F2K7044164,08-10-2022 20:53,Active,6SL3955-0TX00-1AA2,F2K7044164,JSW Toranagallu,IN -folgt-folgt 99,Miscellaneous
IB-32909280,6SL3955-0TX00-1AA2 - F2K7044169,08-10-2022 20:53,Active,6SL3955-0TX00-1AA2,F2K7044169,JSW Toranagallu,IN -folgt-folgt 99,Miscellaneous
IB-32909281,6SL3955-0TX00-1AA2 - F2K7044183,08-10-2022 20:53,Active,6SL3955-0TX00-1AA2,F2K7044183,JSW Toranagallu,IN -folgt-folgt 99,Miscellaneous
IB-32909282,6SL3955-0TX00-1AA2 - F2K7044278,08-10-2022 20:53,Active,6SL3955-0TX00-1AA2,F2K7044278,JSW Toranagallu,IN -folgt-folgt 99,Miscellaneous
IB-32909283,6SL3955-0TX00-1AA2 - F2K7044281,08-10-2022 20:53,Active,6SL3955-0TX00-1AA2,F2K7044281,JSW Toranagallu,IN -folgt-folgt 99,Miscellaneous
IB-32909284,6SL3955-0TX00-1AA2 - F2K7044293,08-10-2022 20:53,Active,6SL3955-0TX00-1AA2,F2K7044293,JSW Toranagallu,IN -folgt-folgt 99,Miscellaneous
IB-32909285,6SL3955-0TX00-1AA2 - F2K8014944,08-10-2022 20:53,Active,6SL3955-0TX00-1AA2,F2K8014944,JSW Toranagallu,IN -folgt-folgt 99,Miscellaneous
IB-32909286,6SL3955-0TX00-1AA2 - F2K8014988,08-10-2022 20:53,Active,6SL3955-0TX00-1AA2,F2K8014988,JSW Toranagallu,IN -folgt-folgt 99,Miscellaneous
IB-32909287,6SL3955-0TX00-1AA2 - F2K8015022,08-10-2022 20:53,Active,6SL3955-0TX00-1AA2,F2K8015022,JSW Toranagallu,IN -folgt-folgt 99,Miscellaneous
IB-33395587,6SR4802-2HF42-0FH1 - STB2K0385PHG42000,08-10-2022 21:05,Verified,6SR4802-2HF42-0FH1,STB2K0385PHG42000,Inox Air Products Pvt. Ltd.,IN-Ghaziabad-Modi Nagar -200 TDP,"PH GH180, air cooled"
IB-33345948,6SR4502-2HA34-0BH1-Z8-191644501-583,08-10-2022 21:05,Verified,6SR4502-2HA34-0BH1,Z8-191644501-583,Birla Carbon India Pvt. Ltd.,"IN-Tiruvallur-Hi-Tech Carbon, K 16 Phase II,","PH GH180, air cooled"
IB-33345420,6SR4502-2HA34-0BH1-Z8-191644501-582,08-10-2022 21:05,Verified,6SR4502-2HA34-0BH1,Z8-191644501-582,Birla Carbon India Pvt. Ltd.,"IN-Tiruvallur-Hi-Tech Carbon, K 16 Phase II,","PH GH180, air cooled"
IB-32481382,1RQ6562-3JJ60-Z - N-L31548148010001,08-10-2022 21:05,Active,1RQ6562-3JJ60-Z,N-L31548148010001,Trigone & Company,"IN-Kolkata-2, D. D. Mondal Ghat Rd.,",Motors HV Innomotics HV M (Non-Ex)
IB-32481483,1RQ6562-3JJ60-Z - N-L31548148010002,08-10-2022 21:05,Active,1RQ6562-3JJ60-Z,N-L31548148010002,Trigone & Company,"IN-Kolkata-2, D. D. Mondal Ghat Rd.,",Motors HV Innomotics HV M (Non-Ex)
IB-32554732,6SR4802-2HF43-4BH1 - STB9K-0456-PHG43350,08-10-2022 21:06,Verified,6SR4802-2HF43-4BH1,STB9K-0456-PHG43350,HPCL-Mittal Energy Ltd.,IN-Bathinda-Phullokari Village Talwandi Saboo,"PH GH180, air cooled"
IB-32622990,1RN6454-4FP00-Z - N-L41558060010001,08-10-2022 21:06,Verified,1RN6454-4FP00-Z,N-L41558060010001,Ceat Ltd.,"IN-Kancheepuram-Vill. Sriperumbudur, Kannantha",Motors HV Innomotics HV M (Non-Ex)
IB-32624241,6SL3961-6RC10-0CA0-Z - N-L51568149010001,08-10-2022 21:06,Verified,6SL3961-6RC10-0CA0-Z,N-L51568149010001,JSW Steel Ltd.,"IN-Bellary-P.O. Vidyanagar,",SL150 CU
IB-32910664,6SL3961-6RC10-0CA0-Z - N-L51568149014001,08-10-2022 21:06,Verified,6SL3961-6RC10-0CA0-Z,N-L51568149014001,JSW Steel Ltd.,"IN-Bellary-P.O. Vidyanagar,",SL150 CU
IB-32908382,6SL3961-6RC10-0CA0-Z - N-L51568149011001,08-10-2022 21:06,Verified,6SL3961-6RC10-0CA0-Z,N-L51568149011001,JSW Steel Ltd.,"IN-Bellary-P.O. Vidyanagar,",SL150 CU
IB-32909696,6SL3961-6RC10-0CA0-Z - N-L51568149013001,08-10-2022 21:06,Verified,6SL3961-6RC10-0CA0-Z,N-L51568149013001,JSW Steel Ltd.,"IN-Bellary-P.O. Vidyanagar,",SL150 CU
IB-32909661,6SL3961-6RC10-0CA0-Z - N-L51568149012001,08-10-2022 21:06,Verified,6SL3961-6RC10-0CA0-Z,N-L51568149012001,JSW Steel Ltd.,"IN-Bellary-P.O. Vidyanagar,",SL150 CU
IB-32678884,6SR4502-2HG43-2BH1 - Z8-191544507-572,08-10-2022 21:06,Verified,6SR4502-2HG43-2BH1,Z8-191544507-572,Birla Corporation Ltd.,IN-Satna-Post Office Birla Vikas,"PH GH180, air cooled"
IB-32746644,6SR3802-6CE41-7BH0 - A5E36656510,08-10-2022 21:06,Verified,6SR3802-6CE41-7BH0,A5E36656510,Udaipur Cement Works Ltd.,"IN-Udaipur-Shripati Nagar, CFA, P.O. Dabok","PH GH180, air cooled"
IB-32871032,6SR3802-6HD41-7BH0 - STB8J0302PHG31750,08-10-2022 21:06,Verified,6SR3802-6HD41-7BH0,STB8J0302PHG31750,Indian Oil Corporation Ltd.,"IN-Sidhpur-Western Region Pipelines,","PH GH180, air cooled"
IB-32909206,NMA:A5E46601254 - N-5022172100001,08-10-2022 21:06,Active,NMA:A5E46601254,N-5022172100001,Jsw Techno Projects Management Ltd.,IN-Bellary-Post Vidyanagar,Miscellaneous (F)
IB-32909266,NMA:A5E46601254 - N-5022172100002,08-10-2022 21:06,Active,NMA:A5E46601254,N-5022172100002,Jsw Techno Projects Management Ltd.,IN-Bellary-Post Vidyanagar,Miscellaneous (F)
IB-32909507,NMA:A5E46601254 - N-5022172100006,08-10-2022 21:06,Active,NMA:A5E46601254,N-5022172100006,Jsw Techno Projects Management Ltd.,IN-Bellary-Post Vidyanagar,Miscellaneous (F)
IB-32909447,NMA:A5E46601254 - N-5022172100005,08-10-2022 21:06,Active,NMA:A5E46601254,N-5022172100005,Jsw Techno Projects Management Ltd.,IN-Bellary-Post Vidyanagar,Miscellaneous (F)
IB-32909566,NMA:A5E46601254 - N-5022172100007,08-10-2022 21:06,Active,NMA:A5E46601254,N-5022172100007,Jsw Techno Projects Management Ltd.,IN-Bellary-Post Vidyanagar,Miscellaneous (F)
IB-32909387,NMA:A5E46601254 - N-5022172100004,08-10-2022 21:06,Active,NMA:A5E46601254,N-5022172100004,Jsw Techno Projects Management Ltd.,IN-Bellary-Post Vidyanagar,Miscellaneous (F)
IB-32909327,NMA:A5E46601254 - N-5022172100003,08-10-2022 21:06,Active,NMA:A5E46601254,N-5022172100003,Jsw Techno Projects Management Ltd.,IN-Bellary-Post Vidyanagar,Miscellaneous (F)
IB-33204029,1RQ1452-2JA90-Z - N8/64467677,08-10-2022 21:07,Verified,1RQ1452-2JA90-Z,N8/64467677,Wellknown Polyesters Ltd.,"IN-Daman-Plot No.52/53, Dabhel Indl.Co-Op Society, Nani,","Motors HV H-modul (async., Non-Ex)"
IB-31790566,6SR4502-2HD41-5FH1 - Z8-191144504-493,08-10-2022 21:38,Verified,6SR4502-2HD41-5FH1,Z8-191144504-493,Rashmi Metaliks Ltd.,"IN-Kharagpur-Nh-6, Gokulpur,","PH GH180, air cooled"
IB-31361300,6SR4502-2CD41-5BH1 - Z8-190744504-418,08-10-2022 21:38,Verified,6SR4502-2CD41-5BH1,Z8-190744504-418,JSW Steel Ltd.,"IN-Salem-Mecheri, Pottaneri Post M Kalipatti Village Mettur Taluk","PH GH180, air cooled"
IB-31392486,DWB:A5E45784867 - D185020721010001,08-10-2022 21:38,Verified,DWB:A5E45784867,D185020721010001,Linde India Ltd.,"IN-Jamshedpur-Tonnage plant (2,250 tpd & 1,290)",Miscellaneous
IB-31786275,1RN1636-4KJ70-Z - N8/65131965,08-10-2022 21:39,Verified,1RN1636-4KJ70-Z,N8/65131965,Inox Air Product Pvt. Ltd,"IN-Ghaziabad-Modi Nagar -200 TDP Khasra No- 171, 172, 173 & 185","Motors HV A-compact+ (async., Non-Ex)"
IB-31791509,6SR4502-2HF42-7FH1 - Z8-191144506-492,08-10-2022 21:39,Verified,6SR4502-2HF42-7FH1,Z8-191144506-492,Nuvoco Vistas Corporation Ltd.,"IN-Janjgir-Champa-Gopal Nagar, Janjgir -Champa","PH GH180, air cooled"
IB-27757019,6SL3810-2LP31-8AA0-Z - N-K81529994072001,08-10-2022 23:28,Verified,6SL3810-2LP31-8AA0-Z,N-K81529994072001,JSW Steel Ltd.,"IN-Raigarh-Survey No. 96/1, 96/2 97/0 Village Khar Karavi, Taluka Pen","GM150 IGBT, air cooled"
IB-27755005,6SL3810-2LP31-8AA0-Z - N-K81529994071001,08-10-2022 23:28,Verified,6SL3810-2LP31-8AA0-Z,N-K81529994071001,JSW Steel Ltd.,"IN-Raigarh-Survey No. 96/1, 96/2 97/0 Village Khar Karavi, Taluka Pen","GM150 IGBT, air cooled"
IB-27754442,1RN7716-3PS90-0DG0-Z - DVY/15332961301,08-10-2022 23:28,Verified,1RN7716-3PS90-0DG0-Z,DVY/15332961301,JSW Steel Ltd.,"IN-Raigarh-Survey No. 96/1, 96/2 97/0 Village Khar Karavi, Taluka Pen",Motors HV Innomotics HV M (Non-Ex)
IB-17852601,6SR4502-2HF42-7BH0 - Z8-151640506-310,09-10-2022 01:21,Verified,6SR4502-2HF42-7BH0,Z8-151640506-310,Tata Steel Ltd.,"IN-Jajpur-Block-2, General Admin Office Kalinga Nagar Indl. Complex","PH GH180, air cooled"
IB-20604815,6SR4502-0CD37-0BH0 - Z8-142740304-320,09-10-2022 01:44,Verified,6SR4502-0CD37-0BH0,Z8-142740304-320,Tega Industries Ltd.,"IN-Vagra-Plot No: Z/103/J Dahej (SEZ), Part II","PH GH180, air cooled"
IB-59897411,6SR5502-2HC41-0BH2 - Z8-230751540-1CB,15-06-2023 17:55,Active,6SR5502-2HC41-0BH2,Z8-230751540-1CB,Siemens Ltd.,"IN-Navi Mumbai-Thane Belapur Rd., Airoli","PH GH180, air cooled"
IB-60059495,6SR5502-5NE43-5BH2 - Z8-231150848-1F0,15-06-2023 18:20,Verified,6SR5502-5NE43-5BH2,Z8-231150848-1F0,Neelachal Ispat Nigam Ltd.,IN-Jajapur-Kalinga Nagar Indl. Complex Duburi,"PH GH180, air cooled"
IB-60501999,6SR5502-2HG43-0BH2 - Z8-231451590-002,15-06-2023 19:15,Verified,6SR5502-2HG43-0BH2,Z8-231451590-002,Arcelormittal Nippon Steel India Ltd.,"IN-Keonjhar-Beneficiation Plant,","PH GH180, air cooled"
IB-17228646,6SR3802-6HC41-2BH0 - STB-2F0176-PH-MVD,06-10-2022 15:53,Verified,6SR3802-6HC41-2BH0,STB-2F0176-PH-MVD,GMR Warora Energy Ltd.,"IN-Chandrapur-Plot No. B-1 & B7, Mohbala MIDC W. Growth Centre, Post Tehsil Warora","PH GH180, air cooled"
IB-17408055,6SR4502-2NH44-2BH1 - Z8-175044508-476,06-10-2022 17:12,Verified,6SR4502-2NH44-2BH1,Z8-175044508-476,Nirma Ltd.,IN-Pali-Nimbol Taluka Jaitaran,"PH GH180, air cooled"
IB-19177240,6SR4502-0DC38-0AJ0 - Z8-164840303-176,06-10-2022 18:26,Verified,6SR4502-0DC38-0AJ0,Z8-164840303-176,Dynepro Pvt. Ltd.,"IN-Tiruchirapalli-No.4, Dindigul Rd.,C and A Block Amalorpavi Complex,","PH GH180, air cooled"
IB-42748007,1RN65664HJ90Z - N-L61563765010001,06-10-2022 22:12,To be verified,1RN6566-4HJ90-Z,N-L61563765010001,Rushil Decor Ltd.,"IN-Atchutapuram,Andhra Pradesh-Rushil Decor Limited , Plot ,No. 1581,1582,",Motors HV Innomotics HV M (Non-Ex)
IB-42754139,1RQ1-632-6IJ70-Z - 65160403,06-10-2022 22:12,Verified,1RQ1-632-6IJ70-Z,65160403,JSW Steel Ltd.,"IN-Raigad-Dolvi Geetapuram, Taluka Pen","Motors HV A-compact+ (async., Non-Ex)"
IB-26982974,1DQ4847-8AT05-Z - D1750259507,07-10-2022 01:22,Verified,1DQ4847-8AT05-Z,D1750259507,JSW Steel Ltd.,"IN-Raigarh-Survey No. 96/1, 96/2 97/0 Village Khar Karavi, Taluka Pen","Motors HV Milling Motors (sync., large)"
IB-36022673,6SR4802-2HF42-7BH1 - STB9H0246PHG42750,07-10-2022 05:33,Verified,6SR4802-2HF42-7BH1,STB9H0246PHG42750,The India Cements Ltd.,"IN -Dalavoi-Sendura Taluk, Perambalur District","PH GH180, air cooled"
IB-50412542,6SR5502-2HF42-5FH2 - Z8-220351552-156,07-10-2022 05:33,Verified,6SR5502-2HF42-5FH2,Z8-220351552-156,INOX Air Product Pvt. Ltd,"IN-Krishnagiri-Plot Nos.- 76, SIPCOT Phase-II Indl. Complex, Moranapalli, Hosur","PH GH180, air cooled"
IB-50414838,6SR5502-5NB41-5FH2 - Z8-220350835-292,07-10-2022 05:33,Active,6SR5502-5NB41-5FH2,Z8-220350835-292,Siemens Ltd.,"IN-Navi Mumbai-Thane Belapur Rd., Airoli","PH GH180, air cooled"
IB-50419362,6SR5502-5NB41-5FH2 - Z8-220350835-293,07-10-2022 05:33,Active,6SR5502-5NB41-5FH2,Z8-220350835-293,Siemens Ltd.,"IN-Navi Mumbai-Thane Belapur Rd., Airoli","PH GH180, air cooled"
IB-48547676,1RN6450-4HP90-Z - N-D91389006010001,07-10-2022 06:47,Active,1RN6450-4HP90-Z,N-D91389006010001,Siemens Ltd.,IN-Mumbai-Thane Belapur Road,Motors HV Innomotics HV M (Non-Ex)
IB-48549648,1RN4630-8FM90-Z - N-KN1533051060001,07-10-2022 06:47,Verified,1RN4630-8FM90-Z,N-KN1533051060001,"JSW Steel, Dolvi Works",IN -Rheinberg-Saalhoffer Str. 17,Motors HV H-compact+ (Non-Ex)
IB-48648188,1RN46324HE90Z - 1259518/010-M002,07-10-2022 06:47,Verified,1RN46324HE90Z,1259518/010-M002,Greenpanel Industries Ltd.,"IN-Rudrapur-Plot No.2, Sector-9, IIE Pantnagar",Motors HV H-compact+ (Non-Ex)
IB-48662270,1PQ45006CMOOZ - N8-3005620764-300-076,07-10-2022 06:47,Verified,1PQ45006CMOOZ,N8-3005620764-300-076,JSW Paradip Terminal Pvt. Ltd.,IN-Paradip-Paradip Bhawan,Motors HV H-compact (Non-Ex)
IB-48767328,6SL3845-7NN41-8AA2-Z - N-K81529994060001,07-10-2022 06:48,Verified,6SL3845-7NN41-8AA2-Z,N-K81529994060001,JSW Steel Ltd.,"IN -Dolvi, Maharashtra-Dharamatar, Taluka - Pen, District-","SM150 IGCT, water cooled"
IB-48769014,6SL3845-7NN43-6AA2-Z - N-KO1529994031001,07-10-2022 06:48,Verified,6SL3845-7NN43-6AA2-Z,N-KO1529994031001,JSW Steel Ltd.,"IN -Dolvi, Maharashtra-Dharamatar, Taluka - Pen, District-","SM150 IGCT, water cooled"
IB-48773287,1RN6562-4FP90-Z - N-NN1618794030001,07-10-2022 06:48,Verified,1RN6562-4FP90-Z,N-NN1618794030001,Steel Authority of India Ltd.,"IN-Bokaro Steel City-Ispat Bhavan, CMO Complex,",Motors HV Innomotics HV M (Non-Ex)
IB-48773391,6SL3845-7NN41-8AB3-Z - N-NO1625063010001,07-10-2022 06:48,Verified,6SL3845-7NN41-8AB3-Z,N-NO1625063010001,Eickhoff Wind Asia Pvt. Ltd.,"IN-Walajabad-Building No. 1, Survey No. 525/12A Kanchipuram, Tamil Nadu","SM150 IGCT, water cooled"
IB-48783285,1RN6566-6FP90-Z - N-NN1618794020001,07-10-2022 06:48,Verified,1RN6566-6FP90-Z,N-NN1618794020001,Steel Authority of India Ltd.,"IN-Bokaro Steel City-Ispat Bhavan, CMO Complex,",Motors HV Innomotics HV M (Non-Ex)
IB-48767668,6SL3845-7NN43-6AA2-Z - N-K91529994021001,07-10-2022 07:01,Verified,6SL3845-7NN43-6AA2-Z,N-K91529994021001,JSW Steel Ltd.,"IN -Dolvi, Maharashtra-Dharamatar, Taluka - Pen, District-","SM150 IGCT, water cooled"
IB-48767068,6SL3845-7NN43-6AA2-Z - N-K81529994010001,07-10-2022 07:01,Verified,6SL3845-7NN43-6AA2-Z,N-K81529994010001,JSW Steel Ltd.,"IN -Dolvi, Maharashtra-Dharamatar, Taluka - Pen, District-","SM150 IGCT, water cooled"
IB-37992312,1LA4452-4AN70-Z - N-LD1580792010001,07-10-2022 07:59,Active,1LA4452-4AN70-Z,N-LD1580792010001,Coal India Ltd.,IN -x-Strasse fehlt,Motors HV H-compact (Non-Ex)
IB-12162633,6SR3802-6HF44-0BH0 - STB8H0231PHG34000,08-10-2022 12:02,Verified,6SR3802-6HF44-0BH0,STB8H0231PHG34000,HPCL-Mittal Pipelines Ltd.,"IN-Gujarat-Crude Oil Terminal Plot No 6 (2),","PH GH180, air cooled"
IB-12185136,1RQ14002IA90 - 64959671,08-10-2022 12:03,Verified,1RQ14002IA90,64959671,BLUE MOUNT TEXTILES,"IN-TAMILNADU-PRODUCTS LTD)BADRAKALIAMMAN KOIL ROAD, METTUPALAYAM","Motors HV A-compact+ (async., Non-Ex)"
IB-12190594,6SR4102-2HE42-0FG0-Z - N-J51504834015001,08-10-2022 12:03,Verified,6SR4102-2HE42-0FG0-Z,N-J51504834015001,HPCL-Mittal Energy Ltd.,IN-Bathinda-Phullokari Village Talwandi Saboo,"PH GH180, air cooled"
IB-6657634,1PS4408-1BJ90-4BA0-Z - 5154062,08-10-2022 12:20,Verified,1PS4408-1BJ90-4BA0-Z,5154062,Reliance Petroleum Ltd.,IN-Jamanagar-Unit At Jamanagar SEZ Village Meghapar/Padana,Motors HV Loher Vario (Ex flameproof)
IB-7666507,1SB1632-2JN70-Z - D9441122001,08-10-2022 12:22,Verified,1SB1632-2JN70-Z,D9441122001,Oil And Natural Gas Corporation Ltd.,"IN-Ankleshwar-Dist. Bharuch, Gujarat","Motors HV H-modul (async., Ex)"
IB-7666508,1SB1632-2JN70-Z - D9441122002,08-10-2022 12:22,Verified,1SB1632-2JN70-Z,D9441122002,Oil And Natural Gas Corporation Ltd.,"IN-Ankleshwar-Dist. Bharuch, Gujarat","Motors HV H-modul (async., Ex)"
IB-7666509,1SB1632-2JN70-Z - D9441122003,08-10-2022 12:22,Verified,1SB1632-2JN70-Z,D9441122003,Oil And Natural Gas Corporation Ltd.,"IN-Ankleshwar-Dist. Bharuch, Gujarat","Motors HV H-modul (async., Ex)"
IB-7666510,1SB1632-2JN70-Z - D9441122004,08-10-2022 12:22,Verified,1SB1632-2JN70-Z,D9441122004,Oil And Natural Gas Corporation Ltd.,"IN-Ankleshwar-Dist. Bharuch, Gujarat","Motors HV H-modul (async., Ex)"
IB-9638202,1PS5508-6BJ70-4JA0-Z - LDX/50000223,08-10-2022 12:22,Verified,1PS5508-6BJ70-4JA0-Z,LDX/50000223,Bharat Pumps and Compressors Ltd.,"IN-Allahabad-P.O. Naini, Indl. Area",Motors HV Loher Vario (Ex flameproof)
IB-9638203,1PS5508-6BJ70-4JA0-Z - LDX/50000224,08-10-2022 12:22,Verified,1PS5508-6BJ70-4JA0-Z,LDX/50000224,Bharat Pumps and Compressors Ltd.,"IN-Allahabad-P.O. Naini, Indl. Area",Motors HV Loher Vario (Ex flameproof)
IB-9069041,6SR3802-6HB38-0BH0 - STB09T0020-PHMVD,08-10-2022 12:22,Verified,6SR3802-6HB38-0BH0,STB09T0020-PHMVD,Brahmaputra Cracker And Polymer Ltd.,"IN-Dibrugarh-BCPL Project Site, Lepetkata","PH GH180, air cooled"
IB-9612831,6SR3802-7CH44-0BH0 - STB1H0210PHGE34000,08-10-2022 12:23,Verified,6SR3802-7CH44-0BH0,STB1H0210PHG3E4000,Udaipur Cement Works Ltd.,"IN-Udaipur-Shripati Nagar, CFA, P.O. Dabok","PH GH180, air cooled"
IB-8859230,AA5E32368745 - STB11V0076-PH-MVD,08-10-2022 12:23,Verified,AA5E32368745,STB11V0076-PH-MVD,Monnet Ispat Ltd.,"IN-Raigarh-Village-Naharpalli, Tehsil-Kharsia","PH GH180, air cooled"
IB-7668276,1DZ1533-8AF02-Z - D0531614701,08-10-2022 12:23,Verified,1DZ1533-8AF02-Z,D0531614701,Praxair India Pvt. Ltd.,"IN-Bellary-Toranagalu, Vidyanagar","Motors HV H-modyn (sync., salient pole)"
IB-7665821,1DE1712-4HN90-Z - D8945100201,08-10-2022 12:23,Verified,1DE1712-4HN90-Z,D8945100201,Durgapur Steel Plant Hosp.,IN-Durgapur-Main Rd.,Motors HV H-modul (sync.)
IB-7665822,1DE1712-4HN90-Z - D8945100202,08-10-2022 12:23,Verified,1DE1712-4HN90-Z,D8945100202,Durgapur Steel Plant Hosp.,IN-Durgapur-Main Rd.,Motors HV H-modul (sync.)
IB-7665823,1DE1712-4HN90-Z - D8945100203,08-10-2022 12:23,Verified,1DE1712-4HN90-Z,D8945100203,Durgapur Steel Plant Hosp.,IN-Durgapur-Main Rd.,Motors HV H-modul (sync.)
IB-7668545,1DZ1547-8AF02-Z - D1231636301,08-10-2022 12:23,Verified,1DZ1547-8AF02-Z,D1231636301,Tata Steel Utilities And Infrastructure Services Ltd.,"IN-Jamshedpur-Sakchi Boulevard Rd.,","Motors HV H-modyn (sync., salient pole)"
IB-7668546,1DZ1547-8AF02-Z - D1231636302,08-10-2022 12:23,Verified,1DZ1547-8AF02-Z,D1231636302,Tata Steel Utilities And Infrastructure Services Ltd.,"IN-Jamshedpur-Sakchi Boulevard Rd.,","Motors HV H-modyn (sync., salient pole)"
IB-7668540,1TZ1539-8AF02-Z - D1231423101,08-10-2022 12:23,Verified,1TZ1539-8AF02-Z,D1231423101,Tata Steel Utilities And Infrastructure Services Ltd.,"IN-Jamshedpur-Sakchi Boulevard Rd.,",Motors HV H-modyn (async.)
IB-7668541,1TZ1539-8AF02-Z - D1231423102,08-10-2022 12:23,Verified,1TZ1539-8AF02-Z,D1231423102,Tata Steel Utilities And Infrastructure Services Ltd.,"IN-Jamshedpur-Sakchi Boulevard Rd.,",Motors HV H-modyn (async.)
IB-7375323,1LA43522AN70Z - N864709767,08-10-2022 12:23,Verified,1LA43522AN70Z,N864709767,Hindustan Organic Chemicals Ltd.,"IN-Ernakulam-Ambalamugal (po),",Motors HV H-compact (Non-Ex)
IB-5766116,1TV1531-8AF02-Z - 178829,08-10-2022 13:37,Verified,1TV1531-8AF02-Z,178829,Linde India Ltd.,"IN-Jamshedpur-Tonnage plant (2,250 tpd & 1,290)","Motors HV A-modyn  (async., Non-Ex)"
IB-5766117,1TV1531-8AF02-Z - 178830,08-10-2022 13:37,Verified,1TV1531-8AF02-Z,178830,B O C INDIA Ltd.,IN-Jamshedpur-Long Tom Area (Behind N M L) Burmamines,"Motors HV A-modyn  (async., Non-Ex)"
IB-6431569,F2 - 160L-2B5 - 100164,08-10-2022 13:38,Verified,F2 - 160L-2B5,100164,Ador Welding Ltd.,IN-Chennai-Melakottaiyur Village Via Vandalur,Motors HV Others
IB-6439198,1RQ4564-8JV90-Z - N-DN1392191060001,08-10-2022 13:38,Verified,1RQ4564-8JV90-Z,N-DN1392191060001,NMDC Ltd.,"IN-Bellary-Donimalai Iron Ore Mine,",Motors HV H-compact+ (Non-Ex)
IB-6513687,1RQ4564-8JV90-Z - N-DN1392191050001,08-10-2022 13:38,Verified,1RQ4564-8JV90-Z,N-DN1392191050001,NMDC Ltd.,"IN-Bellary-Donimalai Iron Ore Mine,",Motors HV H-compact+ (Non-Ex)
IB-6513688,1RQ4564-8JV90-Z - N-DN1392191070001,08-10-2022 13:38,Verified,1RQ4564-8JV90-Z,N-DN1392191070001,NMDC Ltd.,"IN-Bellary-Donimalai Iron Ore Mine,",Motors HV H-compact+ (Non-Ex)
IB-6439197,1RQ4562-4JV90-Z - N-DN1392191030001,08-10-2022 13:38,Verified,1RQ4562-4JV90-Z,N-DN1392191030001,NMDC Ltd.,"IN-Bellary-Donimalai Iron Ore Mine,",Motors HV H-compact+ (Non-Ex)
IB-502154,1DZ1535-8AF02-Z - D0631618401,08-10-2022 13:59,Verified,1DZ1535-8AF02-Z,D0631618401,Inox Air Products Pvt. Ltd.,"IN-Bokaro-Near HSCL, CEZ, Bokaro Steel City","Motors HV H-modyn (sync., salient pole)"
IB-517647,1DZ1535-8AF02-Z - D0631618402,08-10-2022 13:59,Verified,1DZ1535-8AF02-Z,D0631618402,Linde India Ltd.,"IN-Ahmedabad-Unit No. 102 & 103, Rembrandt Bldg., C. G. Rd.","Motors HV H-modyn (sync., salient pole)"
IB-502171,1RQ1712-5JN74-Z - D9641137701,08-10-2022 13:59,Verified,1RQ1712-5JN74-Z,D9641137701,Torrent Energy Ltd.,"IN-Bharuch-Plot No.Z-9,Dgen Mega Power Project Dahej SEZ Area(Eastern S","Motors HV H-modul (async., Non-Ex)"
IB-524135,1DQ5439-8DA06-Z - D1150248501,08-10-2022 14:00,Verified,1DQ5439-8DA06-Z,D1150248501,JINDAL STEEL LIMITED,"IN-Angul-Jindal Nagar, Village-Nisha, State","Motors HV Milling Motors (sync., large)"
IB-497449,1TT5335-4FE64-Z - LD-M-unknown,08-10-2022 14:00,Verified,1TT5335-4FE64-Z,LD-M-unknown,"Ultratech Cement Ltd.  (Unit : Aditya Cement Works),","IN-Chittorgarh-Adityapuram, Shambhupura,",Motors HV Others
IB-525835,6SC8435-8UN41-8BA0 - N-U425412100006,08-10-2022 14:00,Verified,6SC8435-8UN41-8BA0,N-U425412100006,Jindal Industries Pvt. Ltd.,"IN-Hissar-Delhi Rd., Model Town",SIMOVERT ML2
IB-497448,1TM4244-7FE05-Z - D8536600901,08-10-2022 14:00,Verified,1TM4244-7FE05-Z,D8536600901,Ultratech Cement Ltd.,"IN-Chandrapur-P.O. Awarpur Cement Project,",Motors HV Others
IB-526751,6SL3815-7NP41-0AA1 - N-C41352201010001,08-10-2022 14:01,Verified,6SL3815-7NP41-0AA1,N-C41352201010001,Bhushan Power & Steel Ltd.,"IN-Sambalpur-Village Thelkoloi PO Lapanga Tehshill Rengali, District","SM150 IGBT, water cooled"
IB-275253,1PQ4502-6CM00 - N-VO1205829010001,08-10-2022 14:02,Verified,1PQ4502-6CM00,N-VO1205829010001,JSW Steel Ltd.,"IN-Bellary-P.O. Vidyanagar,",Motors HV H-compact (Non-Ex)
IB-534077,1PQ4564-8CM90 - N-C71346999020001,08-10-2022 14:02,Verified,1PQ4564-8CM90,N-C71346999020001,Tata Steel BSL Ltd.,"IN-New Delhi-Bhushan Center, Bhikaji Kama Place, M G Marg",Motors HV H-compact (Non-Ex)
IB-290296,1PQ4502-6CM00 - N-VO1205830040001,08-10-2022 14:02,Verified,1PQ4502-6CM00,N-VO1205830040001,JSW Steel Ltd.,"IN-Bellary-P.O. Vidyanagar,",Motors HV H-compact (Non-Ex)
IB-290862,1PQ4502-6CM00 - N-VO1205830020001,08-10-2022 14:02,Verified,1PQ4502-6CM00,N-VO1205830020001,JSW Steel Ltd.,"IN-Bellary-P.O. Vidyanagar,",Motors HV H-compact (Non-Ex)
IB-289751,1PQ4502-6CM00 - N-VO1205829020001,08-10-2022 14:02,Verified,1PQ4502-6CM00,N-VO1205829020001,JSW Steel Ltd.,"IN-Bellary-P.O. Vidyanagar,",Motors HV H-compact (Non-Ex)
IB-559397,EHSV400LM04A - LD-M-unknown-0000004084,08-10-2022 14:02,Verified,EHSV400LM04A,LD-M-unknown-0000004084,Balmer Lawrie And Company Ltd.,"IN-Kolkata-P-4/1, Oil Installation Rd. Paharpur",Motors HV Loher Vario (Ex)
IB-517550,1DQ5952-8DT09-Z - D0550233401,08-10-2022 14:03,Verified,1DQ5952-8DT09-Z,D0550233401,JINDAL STEEL LIMITED,"IN-Angul-Jindal Nagar, Village-Nisha, State","Motors HV Milling Motors (sync., large)"
IB-517551,1DQ5952-8DT09-Z - D0550233402,08-10-2022 14:03,Verified,1DQ5952-8DT09-Z,D0550233402,JINDAL STEEL LIMITED,"IN-Angul-Jindal Nagar, Village-Nisha, State","Motors HV Milling Motors (sync., large)"
IB-567410,JHRA-560LX-04A - 5137543,08-10-2022 14:03,Verified,JHRA-560LX-04A,5137543,Inox Air Products Pvt. Ltd.,"IN-Mumbai-7th Floor, Ceejay House",Motors HV Loher Vario+ (Non-Ex)
IB-527055,1DQ4140-8TT04-Z - D1150248301,08-10-2022 14:03,Verified,1DQ4140-8TT04-Z,D1150248301,Tata Steel BSL Ltd.,"IN-New Delhi-Bhushan Center, Bhikaji Kama Place, M G Marg","Motors HV Milling Motors (sync., large)"
IB-527056,1DQ4140-8TT04-Z - D1150248302,08-10-2022 14:03,Verified,1DQ4140-8TT04-Z,D1150248302,Tata Steel BSL Ltd.,"IN-New Delhi-Bhushan Center, Bhikaji Kama Place, M G Marg","Motors HV Milling Motors (sync., large)"
IB-543024,1DQ4140-8TT04-Z - D1150248303,08-10-2022 14:03,Verified,1DQ4140-8TT04-Z,D1150248303,Tata Steel BSL Ltd.,"IN-New Delhi-Bhushan Center, Bhikaji Kama Place, M G Marg","Motors HV Milling Motors (sync., large)"
IB-413719,1DQ4646-8AT03-Z - D0750237001,08-10-2022 14:03,Verified,1DQ4646-8AT03-Z,D0750237001,Jindal Stainless Steelway Ltd.,"IN-Gurgaon-64- 65, 2nd Floor, Udyog Vihar Phase - IV","Motors HV Milling Motors (sync., large)"
IB-434341,1DQ4646-8AT03-Z - D0750237101,08-10-2022 14:03,Verified,1DQ4646-8AT03-Z,D0750237101,Jindal Stainless Steelway Ltd.,"IN-Gurgaon-64- 65, 2nd Floor, Udyog Vihar Phase - IV","Motors HV Milling Motors (sync., large)"
IB-434337,1DQ4646-8AT03-Z - D0750237003,08-10-2022 14:03,Verified,1DQ4646-8AT03-Z,D0750237003,Jindal Stainless Steelway Ltd.,"IN-Gurgaon-64- 65, 2nd Floor, Udyog Vihar Phase - IV","Motors HV Milling Motors (sync., large)"
IB-567431,AHSK-400LM-42A - 5140033,08-10-2022 14:03,Verified,AHSK-400LM-42A,5140033,Reliance Petroleum Ltd.,"IN-Jamnagar-Village Motikhavdi,",Motors HV Loher Vario (Ex)
IB-521462,1DQ5140-8DA04-Z - D1150248601,08-10-2022 14:03,Verified,1DQ5140-8DA04-Z,D1150248601,JINDAL STEEL LIMITED,"IN-Angul-Jindal Nagar, Village-Nisha, State","Motors HV Milling Motors (sync., large)"
IB-534076,1PQ4454-8AM90 - N-C71346999010001,08-10-2022 14:03,Verified,1PQ4454-8AM90,N-C71346999010001,Tata Steel BSL Ltd.,"IN-New Delhi-Bhushan Center, Bhikaji Kama Place, M G Marg",Motors HV H-compact (Non-Ex)
IB-43154205,6SR5502-2HE41-6BH1 - Z8-205351548-231,08-10-2022 14:08,Verified,6SR5502-2HE41-6BH1,Z8-205351548-231,NTPC Ltd.,"IN-Hazaribagh-1040 Pakri Barwadih, Chat Bariatu &","PH GH180, air cooled"
IB-43157513,6SR5502-2HE41-6BH1 - Z8-205351548-131,08-10-2022 14:08,Verified,6SR5502-2HE41-6BH1,Z8-205351548-131,NTPC Ltd.,"IN-Hazaribagh-1040 Pakri Barwadih, Chat Bariatu &","PH GH180, air cooled"
IB-43155952,6SR5502-2HE41-6BH1 - Z8-205351548-337,08-10-2022 14:08,Verified,6SR5502-2HE41-6BH1,Z8-205351548-337,NTPC Ltd.,"IN-Hazaribagh-1040 Pakri Barwadih, Chat Bariatu &","PH GH180, air cooled"
IB-43157887,6SR5502-2HE41-6BH1 - Z8-205351548-336,08-10-2022 14:08,Verified,6SR5502-2HE41-6BH1,Z8-205351548-336,NTPC Ltd.,"IN-Hazaribagh-1040 Pakri Barwadih, Chat Bariatu &","PH GH180, air cooled"
IB-43160053,6SR5502-2HE41-6BH1 - Z8-205351548-338,08-10-2022 14:08,Verified,6SR5502-2HE41-6BH1,Z8-205351548-338,NTPC Ltd.,"IN-Hazaribagh-1040 Pakri Barwadih, Chat Bariatu &","PH GH180, air cooled"
IB-43169465,6SR5502-2HE41-6BH1 - Z8-205351548-197,08-10-2022 14:08,Verified,6SR5502-2HE41-6BH1,Z8-205351548-197,NTPC Ltd.,"IN-Hazaribagh-1040 Pakri Barwadih, Chat Bariatu &","PH GH180, air cooled"
IB-43166064,6SR5502-2HE41-6BH1 - Z8-205351548-009,08-10-2022 14:08,Verified,6SR5502-2HE41-6BH1,Z8-205351548-009,NTPC Ltd.,"IN-Hazaribagh-1040 Pakri Barwadih, Chat Bariatu &","PH GH180, air cooled"
IB-43167181,6SR5502-2HE41-6BH1 - Z8-205351548-010,08-10-2022 14:08,Verified,6SR5502-2HE41-6BH1,Z8-205351548-010,NTPC Ltd.,"IN-Hazaribagh-1040 Pakri Barwadih, Chat Bariatu &","PH GH180, air cooled"
IB-43167897,6SR5502-2HE41-6BH1 - Z8-205351548-012,08-10-2022 14:08,Verified,6SR5502-2HE41-6BH1,Z8-205351548-012,NTPC Ltd.,"IN-Hazaribagh-1040 Pakri Barwadih, Chat Bariatu &","PH GH180, air cooled"
IB-39850840,6SL3961-6RC10-0CA0 - L81575330010001,08-10-2022 15:30,Verified,6SL3961-6RC10-0CA0,L81575330010001,Bhushan Power & Steel Ltd.,"IN-Sambalpur-Village Thelkoloi PO Lapanga Tehshill Rengali, District",SL150 CU
IB-25360196,1DQ4847-8AT05-Z - D1750259504,08-10-2022 20:47,Verified,1DQ4847-8AT05-Z,D1750259504,JSW Steel Ltd.,"IN-Raigarh-Survey No. 96/1, 96/2 97/0 Village Khar Karavi, Taluka Pen","Motors HV Milling Motors (sync., large)"
IB-24803223,1RN78004NA900CG0Z - LDX/50000654,08-10-2022 20:48,Verified,1RN78004NA900CG0Z,LDX/50000654,Greenply Industries Ltd.,"IN-Chittoor-Survey No. 97 /1, 98 & 99 Routhu Suramala, Thottambedu Mandal",Motors HV Innomotics HV M (Non-Ex)
IB-24994596,6SR4502-5ND42-0BH1 - Z8-183743804-556,08-10-2022 20:48,Verified,6SR4502-5ND42-0BH1,Z8-183743804-556,Chettinad Cement Corporation Pvt. Ltd.,"IN-Guntur-Sy No. 181/A, Dachepalli Mandal","PH GH180, air cooled"
IB-25011398,6SR4502-5NE43-0BH1 - Z8-183643805-503,08-10-2022 20:48,Verified,6SR4502-5NE43-0BH1,Z8-183643805-503,Chettinad Cement Corporation Pvt. Ltd.,"IN-Guntur-Sy No. 181/A, Dachepalli Mandal","PH GH180, air cooled"
IB-25010803,6SR4502-5NE43-0BH1 - Z8-183643805-502,08-10-2022 20:48,Verified,6SR4502-5NE43-0BH1,Z8-183643805-502,Chettinad Cement Corporation Pvt. Ltd.,"IN-Guntur-Sy No. 181/A, Dachepalli Mandal","PH GH180, air cooled"
IB-32909362,6SL3955-0TX00-1AA2 - F2KN030671,08-10-2022 20:52,Active,6SL3955-0TX00-1AA2,F2KN030671,JSW Toranagallu,IN -folgt-folgt 99,Miscellaneous
IB-32909363,6SL3955-0TX00-1AA2 - F2KN030696,08-10-2022 20:52,Active,6SL3955-0TX00-1AA2,F2KN030696,JSW Toranagallu,IN -folgt-folgt 99,Miscellaneous
IB-32909364,6SL3955-0TX00-1AA2 - F2KN030706,08-10-2022 20:52,Active,6SL3955-0TX00-1AA2,F2KN030706,JSW Toranagallu,IN -folgt-folgt 99,Miscellaneous
IB-32909365,6SL3955-0TX00-1AA2 - F2KN030712,08-10-2022 20:52,Active,6SL3955-0TX00-1AA2,F2KN030712,JSW Toranagallu,IN -folgt-folgt 99,Miscellaneous
IB-32909366,6SL3955-0TX00-1AA2 - F2KN030729,08-10-2022 20:52,Active,6SL3955-0TX00-1AA2,F2KN030729,JSW Toranagallu,IN -folgt-folgt 99,Miscellaneous
IB-32909367,6SL3955-0TX00-1AA2 - F2KN030739,08-10-2022 20:52,Active,6SL3955-0TX00-1AA2,F2KN030739,JSW Toranagallu,IN -folgt-folgt 99,Miscellaneous
IB-32909368,6SL3955-0TX00-1AA2 - F2KN030746,08-10-2022 20:52,Active,6SL3955-0TX00-1AA2,F2KN030746,JSW Toranagallu,IN -folgt-folgt 99,Miscellaneous
IB-32909369,6SL3955-0TX00-1AA2 - F2KN030747,08-10-2022 20:52,Active,6SL3955-0TX00-1AA2,F2KN030747,JSW Toranagallu,IN -folgt-folgt 99,Miscellaneous
IB-32909370,6SL3955-0TX00-1AA2 - F2KN030752,08-10-2022 20:52,Active,6SL3955-0TX00-1AA2,F2KN030752,JSW Toranagallu,IN -folgt-folgt 99,Miscellaneous
IB-32909371,6SL3955-0TX00-1AA2 - F2KN030753,08-10-2022 20:52,Active,6SL3955-0TX00-1AA2,F2KN030753,JSW Toranagallu,IN -folgt-folgt 99,Miscellaneous
IB-32909372,6SL3955-0TX00-1AA2 - F2KN030754,08-10-2022 20:52,Active,6SL3955-0TX00-1AA2,F2KN030754,JSW Toranagallu,IN -folgt-folgt 99,Miscellaneous
IB-32909373,6SL3955-0TX00-1AA2 - F2KN030755,08-10-2022 20:52,Active,6SL3955-0TX00-1AA2,F2KN030755,JSW Toranagallu,IN -folgt-folgt 99,Miscellaneous
IB-32909374,6SL3955-0TX00-1AA2 - F2KN030756,08-10-2022 20:52,Active,6SL3955-0TX00-1AA2,F2KN030756,JSW Toranagallu,IN -folgt-folgt 99,Miscellaneous
IB-32909399,6SL3955-0TX00-1AA2 - F2K8039229,08-10-2022 20:52,Active,6SL3955-0TX00-1AA2,F2K8039229,JSW Toranagallu,IN -folgt-folgt 99,Miscellaneous
IB-32909400,6SL3955-0TX00-1AA2 - F2K9017802,08-10-2022 20:52,Active,6SL3955-0TX00-1AA2,F2K9017802,JSW Toranagallu,IN -folgt-folgt 99,Miscellaneous
IB-32909401,6SL3955-0TX00-1AA2 - F2K9017807,08-10-2022 20:52,Active,6SL3955-0TX00-1AA2,F2K9017807,JSW Toranagallu,IN -folgt-folgt 99,Miscellaneous
IB-32909402,6SL3955-0TX00-1AA2 - F2K9017809,08-10-2022 20:52,Active,6SL3955-0TX00-1AA2,F2K9017809,JSW Toranagallu,IN -folgt-folgt 99,Miscellaneous
IB-32909403,6SL3955-0TX00-1AA2 - F2K9017812,08-10-2022 20:52,Active,6SL3955-0TX00-1AA2,F2K9017812,JSW Toranagallu,IN -folgt-folgt 99,Miscellaneous
IB-32909404,6SL3955-0TX00-1AA2 - F2K9017816,08-10-2022 20:52,Active,6SL3955-0TX00-1AA2,F2K9017816,JSW Toranagallu,IN -folgt-folgt 99,Miscellaneous
IB-32909459,6SL3955-0TX00-1AA2 - F2K9017803,08-10-2022 20:52,Active,6SL3955-0TX00-1AA2,F2K9017803,JSW Toranagallu,IN -folgt-folgt 99,Miscellaneous
IB-32909533,6SL3955-0TX00-1AA2 - F2KD024421,08-10-2022 20:52,Active,6SL3955-0TX00-1AA2,F2KD024421,JSW Toranagallu,IN -folgt-folgt 99,Miscellaneous
IB-32909534,6SL3955-0TX00-1AA2 - F2KD024422,08-10-2022 20:52,Active,6SL3955-0TX00-1AA2,F2KD024422,JSW Toranagallu,IN -folgt-folgt 99,Miscellaneous
IB-32909535,6SL3955-0TX00-1AA2 - F2KD024445,08-10-2022 20:52,Active,6SL3955-0TX00-1AA2,F2KD024445,JSW Toranagallu,IN -folgt-folgt 99,Miscellaneous
IB-32909536,6SL3955-0TX00-1AA2 - F2KD024447,08-10-2022 20:52,Active,6SL3955-0TX00-1AA2,F2KD024447,JSW Toranagallu,IN -folgt-folgt 99,Miscellaneous
IB-32909537,6SL3955-0TX00-1AA2 - F2KD024452,08-10-2022 20:52,Active,6SL3955-0TX00-1AA2,F2KD024452,JSW Toranagallu,IN -folgt-folgt 99,Miscellaneous
IB-32909538,6SL3955-0TX00-1AA2 - F2KN011765,08-10-2022 20:53,Active,6SL3955-0TX00-1AA2,F2KN011765,JSW Toranagallu,IN -folgt-folgt 99,Miscellaneous
IB-32909539,6SL3955-0TX00-1AA2 - F2KN011766,08-10-2022 20:53,Active,6SL3955-0TX00-1AA2,F2KN011766,JSW Toranagallu,IN -folgt-folgt 99,Miscellaneous
IB-32909540,6SL3955-0TX00-1AA2 - F2KN011785,08-10-2022 20:53,Active,6SL3955-0TX00-1AA2,F2KN011785,JSW Toranagallu,IN -folgt-folgt 99,Miscellaneous
IB-32909541,6SL3955-0TX00-1AA2 - F2KN011788,08-10-2022 20:53,Active,6SL3955-0TX00-1AA2,F2KN011788,JSW Toranagallu,IN -folgt-folgt 99,Miscellaneous
IB-32909542,6SL3955-0TX00-1AA2 - F2KN011792,08-10-2022 20:53,Active,6SL3955-0TX00-1AA2,F2KN011792,JSW Toranagallu,IN -folgt-folgt 99,Miscellaneous
IB-32909543,6SL3955-0TX00-1AA2 - F2KN011818,08-10-2022 20:53,Active,6SL3955-0TX00-1AA2,F2KN011818,JSW Toranagallu,IN -folgt-folgt 99,Miscellaneous
IB-32909544,6SL3955-0TX00-1AA2 - F2KN011822,08-10-2022 20:53,Active,6SL3955-0TX00-1AA2,F2KN011822,JSW Toranagallu,IN -folgt-folgt 99,Miscellaneous
IB-32909545,6SL3955-0TX00-1AA2 - F2KN011830,08-10-2022 20:53,Active,6SL3955-0TX00-1AA2,F2KN011830,JSW Toranagallu,IN -folgt-folgt 99,Miscellaneous
IB-32909546,6SL3955-0TX00-1AA2 - F2KN011836,08-10-2022 20:53,Active,6SL3955-0TX00-1AA2,F2KN011836,JSW Toranagallu,IN -folgt-folgt 99,Miscellaneous
IB-32909547,6SL3955-0TX00-1AA2 - F2KN011837,08-10-2022 20:53,Active,6SL3955-0TX00-1AA2,F2KN011837,JSW Toranagallu,IN -folgt-folgt 99,Miscellaneous
IB-32909548,6SL3955-0TX00-1AA2 - F2KN011838,08-10-2022 20:53,Active,6SL3955-0TX00-1AA2,F2KN011838,JSW Toranagallu,IN -folgt-folgt 99,Miscellaneous
IB-32909549,6SL3955-0TX00-1AA2 - F2KN011840,08-10-2022 20:53,Active,6SL3955-0TX00-1AA2,F2KN011840,JSW Toranagallu,IN -folgt-folgt 99,Miscellaneous
IB-32909550,6SL3955-0TX00-1AA2 - F2KN011843,08-10-2022 20:53,Active,6SL3955-0TX00-1AA2,F2KN011843,JSW Toranagallu,IN -folgt-folgt 99,Miscellaneous
IB-32909551,6SL3955-0TX00-1AA2 - F2KN011845,08-10-2022 20:53,Active,6SL3955-0TX00-1AA2,F2KN011845,JSW Toranagallu,IN -folgt-folgt 99,Miscellaneous
IB-32909552,6SL3955-0TX00-1AA2 - F2KN011847,08-10-2022 20:53,Active,6SL3955-0TX00-1AA2,F2KN011847,JSW Toranagallu,IN -folgt-folgt 99,Miscellaneous
IB-32909553,6SL3955-0TX00-1AA2 - F2KN011848,08-10-2022 20:53,Active,6SL3955-0TX00-1AA2,F2KN011848,JSW Toranagallu,IN -folgt-folgt 99,Miscellaneous
IB-32909578,6SL3955-0TX00-1AA2 - F2KN011751,08-10-2022 20:53,Active,6SL3955-0TX00-1AA2,F2KN011751,JSW Toranagallu,IN -folgt-folgt 99,Miscellaneous
IB-32909579,6SL3955-0TX00-1AA2 - F2KN011753,08-10-2022 20:53,Active,6SL3955-0TX00-1AA2,F2KN011753,JSW Toranagallu,IN -folgt-folgt 99,Miscellaneous
IB-32909580,6SL3955-0TX00-1AA2 - F2KN011761,08-10-2022 20:53,Active,6SL3955-0TX00-1AA2,F2KN011761,JSW Toranagallu,IN -folgt-folgt 99,Miscellaneous
IB-32909581,6SL3955-0TX00-1AA2 - F2KN011771,08-10-2022 20:53,Active,6SL3955-0TX00-1AA2,F2KN011771,JSW Toranagallu,IN -folgt-folgt 99,Miscellaneous
IB-32909582,6SL3955-0TX00-1AA2 - F2KN011777,08-10-2022 20:53,Active,6SL3955-0TX00-1AA2,F2KN011777,JSW Toranagallu,IN -folgt-folgt 99,Miscellaneous
IB-32909583,6SL3955-0TX00-1AA2 - F2KN011779,08-10-2022 20:53,Active,6SL3955-0TX00-1AA2,F2KN011779,JSW Toranagallu,IN -folgt-folgt 99,Miscellaneous
IB-32909584,6SL3955-0TX00-1AA2 - F2KN011782,08-10-2022 20:53,Active,6SL3955-0TX00-1AA2,F2KN011782,JSW Toranagallu,IN -folgt-folgt 99,Miscellaneous
IB-32909585,6SL3955-0TX00-1AA2 - F2KN011784,08-10-2022 20:53,Active,6SL3955-0TX00-1AA2,F2KN011784,JSW Toranagallu,IN -folgt-folgt 99,Miscellaneous
IB-32909586,6SL3955-0TX00-1AA2 - F2KN011786,08-10-2022 20:53,Active,6SL3955-0TX00-1AA2,F2KN011786,JSW Toranagallu,IN -folgt-folgt 99,Miscellaneous
IB-32909597,6SL3955-0TX00-1AA2 - F2KN030661,08-10-2022 20:53,Active,6SL3955-0TX00-1AA2,F2KN030661,JSW Toranagallu,IN -folgt-folgt 99,Miscellaneous
IB-32909598,6SL3955-0TX00-1AA2 - F2KN030663,08-10-2022 20:53,Active,6SL3955-0TX00-1AA2,F2KN030663,JSW Toranagallu,IN -folgt-folgt 99,Miscellaneous
IB-32909599,6SL3955-0TX00-1AA2 - F2KN030664,08-10-2022 20:53,Active,6SL3955-0TX00-1AA2,F2KN030664,JSW Toranagallu,IN -folgt-folgt 99,Miscellaneous
IB-32909600,6SL3955-0TX00-1AA2 - F2KN030666,08-10-2022 20:53,Active,6SL3955-0TX00-1AA2,F2KN030666,JSW Toranagallu,IN -folgt-folgt 99,Miscellaneous
IB-32909601,6SL3955-0TX00-1AA2 - F2KN030667,08-10-2022 20:53,Active,6SL3955-0TX00-1AA2,F2KN030667,JSW Toranagallu,IN -folgt-folgt 99,Miscellaneous
IB-33578348,6SR4802-2HB38-0BH1 - STB5K0424HG4800,08-10-2022 20:54,Verified,6SR4802-2HB38-0BH1,STB5K0424HG4800,The Ramco Cements Ltd.,"IN-Ariyalur-Govindapuram, Sendurai Rd.","PH GH180, air cooled"
IB-23787346,6SR4502-2HB38-0BH1 - Z8-183044502-113,08-10-2022 22:32,Verified,6SR4502-2HB38-0BH1,Z8-183044502-113,The Ramco Cements Ltd.,IN-Krishna-Kumarasamy Raja Nagar,"PH GH180, air cooled"
IB-23786739,6SR4502-2HB38-0BH1 - Z8-183044502-112,08-10-2022 22:32,Verified,6SR4502-2HB38-0BH1,Z8-183044502-112,The Ramco Cements Ltd.,IN-Krishna-Kumarasamy Raja Nagar,"PH GH180, air cooled"
IB-28513941,6SR4502-5ND42-2BH1 - Z8-185043804-502,08-10-2022 22:56,Verified,6SR4502-5ND42-2BH1,Z8-185043804-502,Hindustan Petroleum Corporation Ltd.,"IN-Visakhapatnam-HPCL, Viskha Refinery, PB # 15,","PH GH180, air cooled"
IB-28514769,6SR4502-5ND42-2BH1 - Z8-185043804-503,08-10-2022 22:56,Verified,6SR4502-5ND42-2BH1,Z8-185043804-503,Hindustan Petroleum Corporation Ltd.,"IN-Visakhapatnam-HPCL, Viskha Refinery, PB # 15,","PH GH180, air cooled"
IB-22197742,1LA4452-2AN90-Z - N-K61542141010001,08-10-2022 23:19,Active,1LA4452-2AN90-Z,N-K61542141010001,Punjab Power Plant Jhang,IN -.-.,Motors HV H-compact (Non-Ex)
IB-22197743,1LA4452-2AN90-Z - N-K61542141010002,08-10-2022 23:19,Active,1LA4452-2AN90-Z,N-K61542141010002,Punjab Power Plant Jhang,IN -.-.,Motors HV H-compact (Non-Ex)
IB-22197749,1LA4452-2AN90-Z - N-K61542141020001,08-10-2022 23:19,Active,1LA4452-2AN90-Z,N-K61542141020001,Punjab Power Plant Jhang,IN -.-.,Motors HV H-compact (Non-Ex)
IB-22197750,1LA4452-2AN90-Z - N-K61542141020002,08-10-2022 23:19,Active,1LA4452-2AN90-Z,N-K61542141020002,Punjab Power Plant Jhang,IN -.-.,Motors HV H-compact (Non-Ex)
IB-22198687,1RQ140021A70Z - 3004773353-100-014,08-10-2022 23:19,Verified,1RQ140021A70Z,3004773353-100-014,Nirma Ltd.,"IN-Bhavnagar-Survey No 480, Kalatalav","Motors HV A-compact+ (async., Non-Ex)"
IB-22254011,1PQ4564-6CM00-Z - N-K55019089010001,08-10-2022 23:20,Verified,1PQ4564-6CM00-Z,N-K55019089010001,JSW Steel Ltd.,"IN-Bellary-P.O. Vidyanagar,",Motors HV H-compact (Non-Ex)
IB-22256116,1LA4401-2AN90-Z - N-K61542141040001,08-10-2022 23:20,Active,1LA4401-2AN90-Z,N-K61542141040001,Punjab Power Plant Jhang,IN -.-.,Motors HV H-compact (Non-Ex)
IB-22256117,1LA4401-2AN90-Z - N-K61542141040002,08-10-2022 23:20,Active,1LA4401-2AN90-Z,N-K61542141040002,Punjab Power Plant Jhang,IN -.-.,Motors HV H-compact (Non-Ex)
IB-22256624,HRIDEL NBG 1533051/110 - DVY/15480601001,08-10-2022 23:20,Verified,HRIDEL NBG 1533051/110,DVY/15480601001,JSW Steel Ltd.,"IN-Raigarh-Survey No. 96/1, 96/2 97/0 Village Khar Karavi, Taluka Pen",Miscellaneous (F)
IB-22256625,HRIDEL NBG 1533051/120 - DVY/15480602001,08-10-2022 23:20,Verified,HRIDEL NBG 1533051/120,DVY/15480602001,JSW Steel Ltd.,"IN-Raigarh-Survey No. 96/1, 96/2 97/0 Village Khar Karavi, Taluka Pen",Miscellaneous (F)
IB-22256626,HRIDEL NBG 1533051/130 - DVY/15480603001,08-10-2022 23:20,Verified,HRIDEL NBG 1533051/130,DVY/15480603001,JSW Steel Ltd.,"IN-Raigarh-Survey No. 96/1, 96/2 97/0 Village Khar Karavi, Taluka Pen",Miscellaneous (F)
IB-22256627,HRIDEL NBG 1533051/140 - DVY/15480604001,08-10-2022 23:20,Verified,HRIDEL NBG 1533051/140,DVY/15480604001,JSW Steel Ltd.,"IN-Raigarh-Survey No. 96/1, 96/2 97/0 Village Khar Karavi, Taluka Pen",Miscellaneous (F)
IB-22260562,6SR4502-0CE41-0BH0 - Z8-182240305-135,08-10-2022 23:20,Verified,6SR4502-0CE41-0BH0,Z8-182240305-135,Hindustan Zinc Ltd.,"IN-Udaipur, Rajasthan-Zawar Mines","PH GH180, air cooled"
IB-22261041,6SR4502-0CE41-0BH0 - Z8-182240305-136,08-10-2022 23:20,Verified,6SR4502-0CE41-0BH0,Z8-182240305-136,Hindustan Zinc Ltd.,"IN-Udaipur, Rajasthan-Zawar Mines","PH GH180, air cooled"
IB-21752178,JFWA-560MN-06A - 6006618,08-10-2022 23:39,Verified,JFWA-560MN-06A,6006618,Nupower Renewables Pvt. Ltd.,"IN-Sangli-553/554 Gut No., Village Vaspeth Taluka Jath",Generators
IB-21672981,6SR4802-2HE42-2BH1 - STB9J0332PHG42250,08-10-2022 23:40,Verified,6SR4802-2HE42-2BH1,STB9J0332PHG42250,Sagar Cements Ltd.,IN-Visakhapatnam-Survey #:218 & 219,"PH GH180, air cooled"
IB-21578668,6SR4802-2HE42-2BH1 - STB4K0402PHG42250,08-10-2022 23:40,Verified,6SR4802-2HE42-2BH1,STB4K0402PHG42250,Ultratech Cement Ltd.,"IN-Krishna-Survey No. 99, Vill - Post Budawad","PH GH180, air cooled"
IB-20987807,6SR4802-2HF42-7BH1 - STB9H0248PHG42750,09-10-2022 00:57,Verified,6SR4802-2HF42-7BH1,STB9H0248PHG42750,The India Cements Ltd.,"IN-Nalgonda-Vishnupuram, Wadapally","PH GH180, air cooled"
IB-61988394,6SR5502-2HC41-2BH2-Z8-232151540-02B,30-10-2023 20:05,Verified,6SR5502-2HC41-2BH2,Z8-232151540-02B,JSW Vijayanagar Metallics Ltd.,"IN-Bellary-P.O. Vidyanagar,","PH GH180, air cooled"
IB-62700470,6SR5502-2HF43-0BH2 - Z8-232651552-0D7,30-10-2023 21:39,Active,6SR5502-2HF43-0BH2,Z8-232651552-0D7,Siemens Ltd.,"IN-Navi Mumbai-Thane Belapur Rd., Airoli","PH GH180, air cooled"
IB-61377691,1RQ7802-4JT90-0CJ0-Z - DVY/16568511101,30-10-2023 23:08,Active,1RQ7802-4JT90-0CJ0-Z,DVY/16568511101,Kutch Copper Ltd.,IN-Mundra-Plot no.1 sector 04N S.No 295/Paiki,Motors HV Innomotics HV M (Non-Ex)
IB-61378651,6SL3845-7NN41-8AB3-Z - N-R41657387060001,30-10-2023 23:08,Verified,6SL3845-7NN41-8AB3-Z,N-R41657387060001,Arcelormittal Nippon Steel India Ltd.,"IN-Hazira-27Km, Surat Hazira Rd., Surat","SM150 IGCT, water cooled"
IB-61410620,6SR5502-2HE42-0BF2 - Z8-231951548-00E,30-10-2023 23:21,Verified,6SR5502-2HE42-0BF2,Z8-231951548-00E,Neo Metaliks Ltd.,"IN-Durgapur-P.O. Gopalpur Via Durgapur - 12, Dist. Burdwan, West Bengal","PH GH180, air cooled"
IB-63707315,1LA431 - N/865372130,30-10-2023 23:53,Verified,1LA431,N/865372130,Jindal Steel Odisha Ltd,"IN-At/P.O. Jindal Nagar-Nisa SH-63, Chhendipada Rd. Angul .",Motors HV H-compact (Non-Ex)
IB-62181295,6SR5502-2HB35-0BH2 - Z8-232251535-003,31-10-2023 00:06,Active,6SR5502-2HB35-0BH2,Z8-232251535-003,SIEMENS LARGE DRIVES INDIA PVT LTD,"IN -Navi Mumbai, Thane","PH GH180, air cooled"
IB-62183909,6SR5502-2HB35-0BH2 - Z8-232251535-00F,31-10-2023 00:11,To be verified,6SR5502-2HB35-0BH2,Z8-232251535-00F,SIEMENS LARGE DRIVES INDIA PVT LTD,"IN -Navi Mumbai, Thane","PH GH180, air cooled"
IB-62188235,6SR5502-2HB37-0BH2 - Z8-232251535-154,31-10-2023 00:20,Active,6SR5502-2HB37-0BH2,Z8-232251535-154,SIEMENS LARGE DRIVES INDIA PVT LTD,"IN -Navi Mumbai, Thane","PH GH180, air cooled"
IB-59853986,6SR5502-2HB37-5BH2 - Z8-230751535-1D9,15-06-2023 16:37,Verified,6SR5502-2HB37-5BH2,Z8-230751535-1D9,Reliance Industries Ltd.,IN-Jamnagar-Village Meghpar/Padana,"PH GH180, air cooled"
IB-65287342,6SR5502-2HE42-5BH2 - Z8-233951548-017,25-01-2024 21:07,Verified,6SR5502-2HE42-5BH2,Z8-233951548-017,JSW Vijayanagar Metallics Ltd.,"IN-Bellary-P.O. Vidyanagar,","PH GH180, air cooled"
IB-55307662,6SR5502-2HA35-0BH2 - Z8-224051534-412,20-01-2023 20:14,Verified,6SR5502-2HA35-0BH2,Z8-224051534-412,Tata Steel Ltd.,"IN-Jajpur-Block-2, General Admin Office Kalinga Nagar Indl. Complex","PH GH180, air cooled"
IB-55307334,6SR5502-2HA35-0BH2 - Z8-224051534-40C,20-01-2023 20:14,Verified,6SR5502-2HA35-0BH2,Z8-224051534-40C,Tata Steel Ltd.,"IN-Jajpur-Block-2, General Admin Office","PH GH180, air cooled"
IB-55310808,6SR5502-2HA35-0BH2 - Z8-224051534-3AD,20-01-2023 20:14,Verified,6SR5502-2HA35-0BH2,Z8-224051534-3AD,Tata Steel Ltd.,"IN-Jajpur-Block-2, General Admin Office Kalinga Nagar Indl. Complex","PH GH180, air cooled"
IB-55822618,6SR4502-2HG43-5BH2 - Z8-224345507-0B4,20-01-2023 20:14,Verified,6SR4502-2HG43-5BH2,Z8-224345507-0B4,My Home Industries Pvt. Ltd.,"IN-Nalgonda-Srinagar, Mellacheruvu Village &","PH GH180, air cooled"
IB-55969064,6SR4502-2HH44-0BH2 - Z8-224445508-0AB,20-01-2023 20:14,Verified,6SR4502-2HH44-0BH2,Z8-224445508-0AB,Udaipur Cement Works Ltd,"IN-Mavli-Shripatinagar , PO CFA","PH GH180, air cooled"
IB-12223744,1RQ14542JA90Z - 3002851331,08-10-2022 12:01,Verified,1RQ14542JA90Z,3002851331,Atlas Copco Compressor Sales,IN-Mumbai-Mahatma Gandhi Memorial Bldg.,"Motors HV A-compact+ (async., Non-Ex)"
IB-12483751,1RQ14542JA90Z - 3002830741,08-10-2022 12:01,Verified,1RQ14542JA90Z,3002830741,Atlas Copco (India) Ltd,"IN-Pune-Sveanagar, Mumbai Pune Rd.","Motors HV A-compact+ (async., Non-Ex)"
IB-12576742,1RQ14542JA90Z - N8-3002051331-100-005,08-10-2022 12:01,Verified,1RQ14542JA90Z,N8-3002051331-100-005,Atlas Copco Compressor Sales,IN-Mumbai-Mahatma Gandhi Memorial Bldg.,"Motors HV H-modul (async., Non-Ex)"
IB-12576720,1RQ14542JA90Z - N8-3002830567-100-001,08-10-2022 12:01,Verified,1RQ14542JA90Z,N8-3002830567-100-001,Atlas Copco Compressor Sales,IN-Mumbai-Mahatma Gandhi Memorial Bldg.,"Motors HV H-modul (async., Non-Ex)"
IB-11459958,6SR3802-6CD41-5BH0 - STB6H0220PHG1500,08-10-2022 12:01,Verified,6SR3802-6CD41-5BH0,STB6H0220PHG1500,JSW Steel Ltd.,"IN-Salem-Mecheri, Pottaneri Post M Kalipatti Village Mettur Taluk","PH GH180, air cooled"
IB-11465034,1RQ6560-4JT90-Z - N-J11481225010001,08-10-2022 12:02,Verified,1RQ6560-4JT90-Z,N-J11481225010001,BOFBSL / IN,IN -INDIEN-StraSSe fehlt,Motors HV Innomotics HV M (Non-Ex)
IB-7413193,1PQ4502-6CM90-Z - N-E61418307030001,08-10-2022 12:14,Verified,1PQ4502-6CM90-Z,N-E61418307030001,JSW Steel Ltd.,"IN-Mumbai-Pandurang Budhkar Marg,",Motors HV H-compact (Non-Ex)
IB-7412288,1PQ4500-6CM90-Z - N-E61418307020001,08-10-2022 12:14,Verified,1PQ4500-6CM90-Z,N-E61418307020001,JSW Steel Ltd.,"IN-Mumbai-Pandurang Budhkar Marg,",Motors HV H-compact (Non-Ex)
IB-8572041,1LA4352-6AN70-Z - N8/3003479695,08-10-2022 12:21,Verified,1LA4352-6AN70-Z,N8/3003479695,ITC Ltd.,"IN-Bhadrachalam-PO. No.4, Sarapaka Village",Motors HV H-compact (Non-Ex)
IB-9337731,1PQ1866YA80Z - N8/64849523,08-10-2022 12:21,Verified,1PQ1866YA80Z,N8/64849523,ThyssenKrupp Electrical Steel India Pvt. Ltd.,IN-Nashik-At Post Gonde Village Wadivarhe,Motors HV H-compact (Non-Ex)
IB-8859212,6SR3802-6NF42-7BH0 - STB08V0055-PH-MVD,08-10-2022 12:21,Verified,6SR3802-6NF42-7BH0,STB08V0055-PH-MVD,RCCPL Pvt. Ltd.,"IN-Satna-Village Bharauli, Post Itahara Tehsil - Maihar","PH GH180, air cooled"
IB-9344177,1RQ140421A90Z - PNA323433,08-10-2022 12:21,Verified,1RQ140421A90Z,PNA323433,Welspun India Ltd.,"IN-Anjar-Welspun City, Village Versamedi","Motors HV H-modul (async., Non-Ex)"
IB-10709415,6SL3845-7NN43-6AA0-N-BN1332774030001,08-10-2022 12:21,Verified,6SL3845-7NN43-6AA0,N-BN1332774030001,Tata Steel BSL Ltd.,"IN-Dhenkanal-Narendra Pur. P.O Shibapur,","SM150 IGCT, water cooled"
IB-9453924,6SD2810-0UJ43-2BB0-Z-N-T906492500023,08-10-2022 12:22,Verified,6SD2810-0UJ43-2BB0-Z,N-T906492500023,Bhushan Power & Steel Ltd.,IN-Orissa-Tahasil Rengali,SIMOVERT D
IB-9453926,6SD2810-0UJ43-2BB0-Z-N-T912492500011,08-10-2022 12:22,Verified,6SD2810-0UJ43-2BB0-Z,N-T912492500011,Bhushan Power & Steel Ltd.,IN-Orissa-Tahasil Rengali,SIMOVERT D
IB-9453927,6SD2810-0UJ43-2BB0-Z-N-T912492500010,08-10-2022 12:22,Verified,6SD2810-0UJ43-2BB0-Z,N-T912492500010,Bhushan Power & Steel Ltd.,IN-Orissa-Tahasil Rengali,SIMOVERT D
IB-9453955,6SB2200 - N-S525414300010,08-10-2022 12:22,Verified,6SB2200,N-S525414300010,JSW Ispat Steel Ltd.,"IN-Raigad-Dolvi Geetapuram, Taluka Pen",SIMOVERT S
IB-9460372,6SR3802-6HD41-3BH0 - STB8F0198PHG32250,08-10-2022 12:22,Verified,6SR3802-6HD41-3BH0,STB8F0198PHG32250,Nuvoco Vistas Corporation Ltd.,"IN-Chittorgarh-Bhawalia, Nimbahera","PH GH180, air cooled"
IB-9465040,1LA7714-4XZ70-2 - 4643261986,08-10-2022 12:22,Preliminary,1LA7714-4XZ70-2,4643261986,Reliance Industries Ltd.,IN -Vadodara-PO: Petrochemicals District,"Motors HV Tube Cooled (async., Non-Ex)"
IB-9469071,A5E02631391 - 31501000151,08-10-2022 12:22,Verified,A5E02631391,31501000151,Dalmia Cement (Bharat) Ltd.,"IN-Guwahati-3rd & 4th Floor, G. S. Rd., Anil Plaza-II, A B C,","PH GH180, cooling method unknown"
IB-6444567,1PQ4502-6CM90-Z - N-DD1399040020001,08-10-2022 13:33,Verified,1PQ4502-6CM90-Z,N-DD1399040020001,JSW Steel Ltd.,"IN-Bellary-P.O. Vidyanagar,",Motors HV H-compact (Non-Ex)
IB-6444568,1PQ4502-6CM90-Z - N-DD1399040020002,08-10-2022 13:33,Verified,1PQ4502-6CM90-Z,N-DD1399040020002,JSW Steel Ltd.,"IN-Bellary-P.O. Vidyanagar,",Motors HV H-compact (Non-Ex)
IB-6441651,1PQ4502-6CM90-Z - N-DD1399040025002,08-10-2022 13:33,Verified,1PQ4502-6CM90-Z,N-DD1399040025002,JSW Steel Ltd.,"IN-Bellary-P.O. Vidyanagar,",Motors HV H-compact (Non-Ex)
IB-6441652,1PQ4502-6CM90-Z - N-DD1399040025001,08-10-2022 13:33,Verified,1PQ4502-6CM90-Z,N-DD1399040025001,JSW Steel Ltd.,"IN-Bellary-P.O. Vidyanagar,",Motors HV H-compact (Non-Ex)
IB-6244861,1PQ4502-6CM90-Z - SAIL-DSP/MSM/MAIN STAND/4,08-10-2022 13:33,Verified,1PQ4502-6CM90-Z,SAIL-DSP/MSM/MAIN STAND/4,Steel Authority of India Ltd.,IN-Durgapur-Durgapur Steel Plant,Motors HV H-compact (Non-Ex)
IB-6240707,1PQ4502-6CM90-Z - SAIL-DSP/MSM/MAIN STAND/3,08-10-2022 13:33,Verified,1PQ4502-6CM90-Z,SAIL-DSP/MSM/MAIN STAND/3,Steel Authority of India Ltd.,IN-Durgapur-Durgapur Steel Plant,Motors HV H-compact (Non-Ex)
IB-6249015,1PQ4502-6CM90-Z - SAIL-DSP/MSM/MAIN STAND/5,08-10-2022 13:33,Verified,1PQ4502-6CM90-Z,SAIL-DSP/MSM/MAIN STAND/5,Steel Authority of India Ltd.,IN-Durgapur-Durgapur Steel Plant,Motors HV H-compact (Non-Ex)
IB-6238652,1LA4314-4AN90-Z - 64310207,08-10-2022 13:34,Verified,1LA4314-4AN90-Z,64310207,Mangalore Chemicals And Fertilizers Ltd.,IN-Mangalore-Panambur,Motors HV H-compact (Non-Ex)
IB-6164039,1LA4354-2AN90-Z - BAN-MRPL-1LA4-1,08-10-2022 13:34,Verified,1LA4354-2AN90-Z,BAN-MRPL-1LA4-1,Mangalore Chemicals And Fertilizers Ltd.,IN-Mangalore-Panambur,Motors HV H-compact (Non-Ex)
IB-6237886,1PQ4454-6AM90-Z - 3002113012,08-10-2022 13:34,Verified,1PQ4454-6AM90-Z,3002113012,Steel Authority of India Ltd.,"IN-Rourkela-Mm Projects Bldg. Sail,",Motors HV H-compact (Non-Ex)
IB-6237887,1PQ4454-6AM90-Z - 3002113012/8,08-10-2022 13:34,Verified,1PQ4454-6AM90-Z,3002113012/8,Steel Authority of India Ltd.,"IN-Rourkela-Mm Projects Bldg. Sail,",Motors HV H-compact (Non-Ex)
IB-6237888,1PQ4454-6AM90-Z - 3002113012/7,08-10-2022 13:34,Verified,1PQ4454-6AM90-Z,3002113012/7,Steel Authority of India Ltd.,"IN-Rourkela-Mm Projects Bldg. Sail,",Motors HV H-compact (Non-Ex)
IB-6237889,1PQ4454-6AM90-Z - 3002113012/6,08-10-2022 13:34,Verified,1PQ4454-6AM90-Z,3002113012/6,Steel Authority of India Ltd.,"IN-Rourkela-Mm Projects Bldg. Sail,",Motors HV H-compact (Non-Ex)
IB-6237890,1PQ4454-6AM90-Z - 3002113012/5,08-10-2022 13:34,Verified,1PQ4454-6AM90-Z,3002113012/5,Steel Authority of India Ltd.,"IN-Rourkela-Mm Projects Bldg. Sail,",Motors HV H-compact (Non-Ex)
IB-6237891,1PQ4454-6AM90-Z - 3002113012/4,08-10-2022 13:34,Verified,1PQ4454-6AM90-Z,3002113012/4,Steel Authority of India Ltd.,"IN-Rourkela-Mm Projects Bldg. Sail,",Motors HV H-compact (Non-Ex)
IB-6237892,1PQ4454-6AM90-Z - 3002113012/3,08-10-2022 13:34,Verified,1PQ4454-6AM90-Z,3002113012/3,Steel Authority of India Ltd.,"IN-Rourkela-Mm Projects Bldg. Sail,",Motors HV H-compact (Non-Ex)
IB-6237893,1PQ4454-6AM90-Z - 3002113012/2,08-10-2022 13:34,Verified,1PQ4454-6AM90-Z,3002113012/2,Steel Authority of India Ltd.,"IN-Rourkela-Mm Projects Bldg. Sail,",Motors HV H-compact (Non-Ex)
IB-6237894,1PQ4454-6AM90-Z - 3002113012/1,08-10-2022 13:34,Verified,1PQ4454-6AM90-Z,3002113012/1,Steel Authority of India Ltd.,"IN-Rourkela-Mm Projects Bldg. Sail,",Motors HV H-compact (Non-Ex)
IB-6032004,1PQ4454-6AM90-Z - NB01332600010001,08-10-2022 13:34,Verified,1PQ4454-6AM90-Z,NB01332600010001,Steel Authority of India Ltd.,IN-Durgapur-Durgapur Steel Plant,Motors HV H-compact (Non-Ex)
IB-6037042,1PQ4454-6AM90-Z - NB01332600010002,08-10-2022 13:34,Verified,1PQ4454-6AM90-Z,NB01332600010002,Steel Authority of India Ltd.,IN-Durgapur-Durgapur Steel Plant,Motors HV H-compact (Non-Ex)
IB-6042079,1PQ4454-6AM90-Z - NB01332600010003,08-10-2022 13:34,Verified,1PQ4454-6AM90-Z,NB01332600010003,Steel Authority of India Ltd.,IN-Durgapur-Durgapur Steel Plant,Motors HV H-compact (Non-Ex)
IB-6157176,1PQ4500-6CM00-Z - 3003807947-400-001,08-10-2022 13:34,Verified,1PQ4500-6CM00-Z,3003807947-400-001,Jindal Steel And Power Ltd.,"IN-Ramgarh-Balkudra, Patratu",Motors HV H-compact (Non-Ex)
IB-6157189,1PQ4500-6CM00-Z - 3003807947 - 500 - 002,08-10-2022 13:34,Verified,1PQ4500-6CM00-Z,3003807947 - 500 - 002,Jindal Steel And Power Ltd.,"IN-Ramgarh-Balkudra, Patratu",Motors HV H-compact (Non-Ex)
IB-6157123,1PQ4500-6CM00-Z - N-WN1238730020001,08-10-2022 13:34,Verified,1PQ4500-6CM00-Z,N-WN1238730020001,Jindal Steel And Power Ltd.,"IN-Ramgarh-Balkudra, Patratu",Motors HV H-compact (Non-Ex)
IB-6157129,1PQ4500-6CM00-Z - N-WN1238730030001,08-10-2022 13:34,Verified,1PQ4500-6CM00-Z,N-WN1238730030001,Jindal Steel And Power Ltd.,"IN-Ramgarh-Balkudra, Patratu",Motors HV H-compact (Non-Ex)
IB-6157131,1PQ4500-6CM00-Z - N-W1239898020001/2008,08-10-2022 13:34,Verified,1PQ4500-6CM00-Z,N-W1239898020001/2008,Jindal Steel And Power Ltd.,"IN-Ramgarh-Balkudra, Patratu",Motors HV H-compact (Non-Ex)
IB-387072,1DL4537-8MF02-Z - D 97 316 028-01,08-10-2022 13:54,Verified,1DL4537-8MF02-Z,D 97 316 028-01,JSW Steel Ltd.,"IN-Bellary-P.O. Vidyanagar,",Motors HV Others
IB-565668,DHSL-400LC-02A - 5129231,08-10-2022 13:55,Verified,DHSL-400LC-02A,5129231,Indianoil Petronas Pvt. Ltd.,IN-Haldia-Lpg Import / Export Terminal Kasberia,Motors HV Loher Vario (Ex flameproof)
IB-468077,1DX2038-8AS02 - D0931702802,08-10-2022 14:00,Verified,1DX2038-8AS02,D0931702802,Tata Steel Ltd.,IN-Jamshedpur-New Link Rd.,"Motors HV H-modyn (sync., cylindrical)"
IB-463183,1DX2038-8AS02 - D0931702801,08-10-2022 14:00,Verified,1DX2038-8AS02,D0931702801,Tata Steel Ltd.,IN-Jamshedpur-New Link Rd.,"Motors HV H-modyn (sync., cylindrical)"
IB-565541,DHSL-450LK-02A - 5136304,08-10-2022 14:00,Verified,DHSL-450LK-02A,5136304,Bharat Pumps and Compressors Ltd.,"IN-Allahabad-P.O. Naini, Indl. Area",Motors HV Loher Vario (Ex flameproof)
IB-565542,DHSL-450LK-02A - 5136305,08-10-2022 14:00,Verified,DHSL-450LK-02A,5136305,Bharat Pumps and Compressors Ltd.,"IN-Allahabad-P.O. Naini, Indl. Area",Motors HV Loher Vario (Ex flameproof)
IB-565543,DHSL-450LK-02A - 5136306,08-10-2022 14:00,Verified,DHSL-450LK-02A,5136306,Bharat Pumps and Compressors Ltd.,"IN-Allahabad-P.O. Naini, Indl. Area",Motors HV Loher Vario (Ex flameproof)
IB-44070226,A5E02606385 - STB07S0009-DCC-182AC,08-10-2022 14:31,Verified,A5E02606385,STB07S0009-DCC-182AC,BEML Ltd.,"IN-Singrauli-Singrauli PB No.5,",Robicon (MV) / ASIRobicon Products
IB-41259162,6SR3802-6HD41-5BH0 - STB8H0232PHG31500,08-10-2022 15:11,Verified,6SR3802-6HD41-5BH0,STB8H0232PHG31500,Prism Cement,"IN-Village-Mankahari,P.O.Bhatia,Tehsil-Rampura baghelan,Dist-Satna,M.P SATANA","PH GH180, air cooled"
IB-41259157,6SR3802-6HD41-5BH0 - STB8H0234PHG31500,08-10-2022 15:11,Verified,6SR3802-6HD41-5BH0,STB8H0234PHG31500,Prism Cement,"IN-Village-Mankahari,P.O.Bhatia,Tehsil-Rampura baghelan,Dist-Satna,M.P SATANA","PH GH180, air cooled"
IB-41259160,6SR3802-6HD41-5BH0 - STB8H0233PHG31500,08-10-2022 15:11,Verified,6SR3802-6HD41-5BH0,STB8H0233PHG31500,Prism Cement,"IN-Village-Mankahari,P.O.Bhatia,Tehsil-Rampura baghelan,Dist-Satna,M.P SATANA","PH GH180, air cooled"
IB-39956942,6SR4802-2HA34-0BH1 - STB8J0314PHG4400,08-10-2022 15:38,Verified,6SR4802-2HA34-0BH1,STB8J0314PHG4400,Steel Authority of India Ltd.,"IN-Burnpur-IISCO Steel Plant, 7 The Ridge","PH GH180, air cooled"
IB-40250760,6SR4802-2HE42-0BH1 - STB7J0290PHG42000,08-10-2022 15:38,Verified,6SR4802-2HE42-0BH1,STB7J0290PHG42000,Bhushan Power & Steel Ltd.,"IN-Sambalpur-Village Thelkoloi PO Lapanga Tehshill Rengali, District","PH GH180, air cooled"
IB-40250779,6SR4802-2HE42-0BH1 - STB7J0291PHG42000,08-10-2022 15:38,Verified,6SR4802-2HE42-0BH1,STB7J0291PHG42000,Bhushan Power & Steel Ltd.,"IN-Sambalpur-Village Thelkoloi PO Lapanga Tehshill Rengali, District","PH GH180, air cooled"
IB-40250780,6SR4802-2HE42-0BH1 - STB7J0292PHG42000,08-10-2022 15:38,Verified,6SR4802-2HE42-0BH1,STB7J0292PHG42000,Bhushan Power & Steel Ltd.,"IN-Sambalpur-Village Thelkoloi PO Lapanga Tehshill Rengali, District","PH GH180, air cooled"
IB-40250781,6SR4802-2HE42-0BH1 - STB7J0294PHG42000,08-10-2022 15:38,Verified,6SR4802-2HE42-0BH1,STB7J0294PHG42000,Bhushan Power & Steel Ltd.,"IN-Sambalpur-Village Thelkoloi PO Lapanga Tehshill Rengali, District","PH GH180, air cooled"
IB-40250782,6SR4802-2HE42-0BH1 - STB7J0295PHG42000,08-10-2022 15:38,Verified,6SR4802-2HE42-0BH1,STB7J0295PHG42000,Bhushan Power & Steel Ltd.,"IN-Sambalpur-Village Thelkoloi PO Lapanga Tehshill Rengali, District","PH GH180, air cooled"
IB-41917181,6SR4502-0CF41-5BH0 - Z8-201240306-718,08-10-2022 15:39,Verified,6SR4502-0CF41-5BH0,Z8-201240306-718,NTPC Ltd.,"IN-Tandwa-North Karanpura CHATRA, Jharkhand","PH GH180, air cooled"
IB-41915312,6SR4502-0CF41-5BH0 - Z8-201340306-492,08-10-2022 15:39,Verified,6SR4502-0CF41-5BH0,Z8-201340306-492,NTPC Ltd.,"IN-Tandwa-North Karanpura CHATRA, Jharkhand","PH GH180, air cooled"
IB-41930030,6SR4502-0CF41-5BH0 - Z8-201340306-619,08-10-2022 15:39,Verified,6SR4502-0CF41-5BH0,Z8-201340306-619,NTPC Ltd.,"IN-Tandwa-North Karanpura CHATRA, Jharkhand","PH GH180, air cooled"
IB-25061472,6SR3802-7HG43-0BH0 - STB8K0441PHG3E3000,08-10-2022 20:34,Verified,6SR3802-7HG43-0BH0,STB8K0441PHG3E3000,Ultratech Cement Ltd.,"IN-Solan-Village Baga, Post Kandhar","PH GH180, air cooled"
IB-24809814,6SR3802-6HC41-0BH0 - STB02T0006-PH-MVD,08-10-2022 20:34,Verified,6SR3802-6HC41-0BH0,STB02T0006-PH-MVD,Hindustan Petroleum Corporation Ltd.,"IN-Visakhapatnam-HPCL, Viskha Refinery, PB # 15,","PH GH180, air cooled"
IB-31069103,6SR3602-7XC37-0BH0 - S-JK9023740460400001,08-10-2022 20:58,Verified,6SR3602-7XC37-0BH0,S-JK9023740460400001,National Institute of Ocean Technology,"IN-Chennai-Velacherry-Tambaram Main Rd., Narayanapuram, Pallikaranai","PH GH180, air cooled"
IB-30624697,6SR3902-0AJ00-0AA0 - N-KN193616-00011,08-10-2022 21:29,To be verified,6SR3902-0AJ00-0AA0,N-KN193616-00011,Goodyear South Asia Tyres Pvt. Ltd.,"IN-Aurangabad-H-18, MIDC, Waluj",PERFECT HARMONY Components
IB-60056757,6SR5502-2HB36-0BH2 - Z8-231151535-0AE,15-06-2023 18:13,Active,6SR5502-2HB36-0BH2,Z8-231151535-0AE,Siemens Ltd.,"IN-Navi Mumbai-Thane Belapur Rd., Airoli","PH GH180, air cooled"
IB-60324354,6SR5502-2HB38-0BH2 - Z8-231251535-0AF,15-06-2023 18:57,Verified,6SR5502-2HB38-0BH2,Z8-231251535-0AF,Jindal Steel Odisha Ltd.,"IN-Angul-At/P.O. Jindal Nagar, Nisa SH-63, Chhendipada Rd.","PH GH180, air cooled"
IB-55702566,6SR5502-2HH44-5BH2 - Z8-224051596-277,20-01-2023 20:14,Verified,6SR5502-2HH44-5BH2,Z8-224051596-277,My Home Industries Pvt. Ltd.,"IN-Nalgonda-Srinagar, Mellacheruvu Village &","PH GH180, air cooled"
IB-56134226,6SR5502-2HH44-5BH2-Z8-224451596-1FB,20-01-2023 20:14,Verified,6SR5502-2HH44-5BH2,Z8-224451596-1FB,JSW Vijayanagar Metallics Ltd.,"IN -Bellary-""P.O. Vidyanagar,""","PH GH180, air cooled"
IB-56153582,6SR5502-2HH44-5BH2-Z8-224551596-0C2,20-01-2023 20:14,Verified,6SR5502-2HH44-5BH2,Z8-224551596-0C2,JSW Vijayanagar Metallics Ltd.,"IN -Bellary-""P.O. Vidyanagar,""","PH GH180, air cooled"
IB-56154127,6SR5502-2HH44-5BH2-Z8-224551596-124,20-01-2023 20:14,Verified,6SR5502-2HH44-5BH2,Z8-224551596-124,JSW Vijayanagar Metallics Ltd.,"IN -Bellary-""P.O. Vidyanagar,""","PH GH180, air cooled"
IB-56150992,6SR5502-2HH44-5BH2-Z8-224551596-1BA,20-01-2023 20:14,Verified,6SR5502-2HH44-5BH2,Z8-224551596-1BA,JSW Vijayanagar Metallics Ltd.,IN-Bellary-P.O. Vidyanagar,"PH GH180, air cooled"
IB-55696050,6SR5502-2HD41-5BH2 - Z8-224051544-40F,20-01-2023 20:17,Verified,6SR5502-2HD41-5BH2,Z8-224051544-40F,Bengal Energy Ltd.,"IN-Kharagpur-Mouza Dauka, P.O. Tentulmuri Kharagpur, S. Narayangarh,","PH GH180, air cooled"
IB-55679483,6SR5502-2HD41-5BH2 - Z8-224051544-40E,20-01-2023 20:17,Verified,6SR5502-2HD41-5BH2,Z8-224051544-40E,Jindal Steel Odisha Ltd.,"IN-Angul-At/P.O. Jindal Nagar, Nisa SH-63, Chhendipada Rd.","PH GH180, air cooled"
IB-55680171,6SR5502-2HD41-5BH2-Z8-224051544-40D,20-01-2023 20:17,To be verified,6SR5502-2HD41-5BH2,Z8-224051544-40D,Siemens Ltd.,"IN-Navi Mumbai-Thane Belapur Rd., Airoli","PH GH180, air cooled"
IB-47997905,6SR3802-6HB38-0BH0 - STB-2F0179-PH-MVD,07-10-2022 03:19,Verified,6SR3802-6HB38-0BH0,STB-2F0179-PH-MVD,Crescent Power Ltd.,"IN-Bardhaman-P S Barabani, Asansol","PH GH180, air cooled"
IB-20071594,6SL3850-5UP21-0AA0-Z - N-K35019314025001,07-10-2022 07:32,Verified,6SL3850-5UP21-0AA0-Z,N-K35019314025001,Govt of Telangana,"IN-Karimnagar-Package-6,","GL150, air cooled"
IB-20071289,6SL3850-5UP21-0AA0-Z - N-K35019314020001,07-10-2022 07:32,Verified,6SL3850-5UP21-0AA0-Z,N-K35019314020001,Govt of Telangana,"IN-Karimnagar-Package-6,","GL150, air cooled"
IB-20262227,6SL3850-5UP21-0AA0-Z - N-K35019314035001,07-10-2022 07:32,Verified,6SL3850-5UP21-0AA0-Z,N-K35019314035001,Govt of Telangana,"IN-Karimnagar-Package-6,","GL150, air cooled"
IB-20262018,6SL3850-5UP21-0AA0-Z - N-K35019314030001,07-10-2022 07:32,Verified,6SL3850-5UP21-0AA0-Z,N-K35019314030001,Govt of Telangana,"IN-Karimnagar-Package-6,","GL150, air cooled"
IB-51426229,1RQ6566-6JJ90-Z - N-HD1489152010001-2016,07-10-2022 08:00,Verified,1RQ6566-6JJ90-Z,N-HD1489152010001-2016,Greenply Industries Ltd.,"IN-Chittoor-Survey No. 97 /1, 98 & 99 Routhu Suramala, Thottambedu Mandal",Motors HV Innomotics HV M (Non-Ex)
IB-51426230,1RQ4630-6JM90-Z - N-HO1490561010001-2016,07-10-2022 08:00,Verified,1RQ4630-6JM90-Z,N-HO1490561010001-2016,Greenply Industries Ltd.,"IN-Chittoor-Survey No. 97 /1, 98 & 99 Routhu Suramala, Thottambedu Mandal",Motors HV H-compact+ (Non-Ex)
IB-11805657,6SR4802-2HA34-0FH1 - STB2J0265PHG4400,08-10-2022 12:02,Verified,6SR4802-2HA34-0FH1,STB2J0265PHG4400,JINDAL STEEL LIMITED,"IN-Angul-Jindal Nagar, Village-Nisha, State","PH GH180, air cooled"
IB-11883862,1RQ1456-6IA78Z - N8-3003699786-100-009,08-10-2022 12:02,Verified,1RQ1456-6IA78Z,N8-3003699786-100-009,RK Engineering Services,"IN -D-2 Galaxy Avenue, 3rd fl-Near Galaxy Cinema","Motors HV H-modul (async., Non-Ex)"
IB-11884588,1RQ14564JA70Z - 64944695,08-10-2022 12:02,Verified,1RQ14564JA70Z,64944695,JSW Steel Ltd.,"IN-Bellary-P.O. Vidyanagar,","Motors HV A-compact+ (async., Non-Ex)"
IB-11885472,DNSW355LD10A - LDX/50000690/867,08-10-2022 12:02,Verified,DNSW355LD10A,LDX/50000690/867,Burckhardt Compression (India) Pvt. Ltd.,"IN-Pune-Gat No. 304, Village-Kondhapuri,",Motors HV Loher Vario (Ex flameproof)
IB-11892811,1PS5358-0BH90-4EA0-Z - LDX/50000590,08-10-2022 12:02,Verified,1PS5358-0BH90-4EA0-Z,LDX/50000590,Burckhardt Compression (India) Pvt. Ltd.,"IN-Pune-Gat No. 304, Village-Kondhapuri,",Motors HV Loher Vario (Ex flameproof)
IB-11892874,1PS5358-0BH90-4EA0-Z - LDX/50000857,08-10-2022 12:02,Verified,1PS5358-0BH90-4EA0-Z,LDX/50000857,Burckhardt Compression (India) Pvt. Ltd.,"IN-Pune-Gat No. 304, Village-Kondhapuri,",Motors HV Loher Vario (Ex flameproof)
IB-11969536,1LA44522CN90Z - 64645458,08-10-2022 12:02,Verified,1LA44522CN90Z,64645458,Kallam Textiles Ltd.,"IN-Prakasam-Weaving Division, No-198/2",Motors HV H-compact (Non-Ex)
IB-11983186,1LA43542AN90Z - 64310981,08-10-2022 12:02,Verified,1LA43542AN90Z,64310981,Mangalore Chemicals And Fertilizers Ltd.,IN-Mangalore-Panambur,Motors HV H-compact (Non-Ex)
IB-12024320,1LA4400-4 - N8/64920493,08-10-2022 12:02,Verified,1LA4400-4,N8/64920493,NALCO,"IN -Damonjodi, Orissa-Damonjodi",Motors HV H-compact (Non-Ex)
IB-12063793,1LA4400-4 - 64920493,08-10-2022 12:02,Verified,1LA4400-4,64920493,NALCO,"IN -Damonjodi, Orissa-Damonjodi",Motors HV H-compact (Non-Ex)
IB-12049505,1LA43544AN70Z - N8-3004308391,08-10-2022 12:02,Verified,1LA43544AN70Z,N8-3004308391,JINDAL STEEL LIMITED,"IN-Angul-Jindal Nagar, Village-Nisha, State",Motors HV H-compact (Non-Ex)
IB-12063698,1SQ4566-4FV90-Z - NE61403444020001,08-10-2022 12:02,Verified,1SQ4566-4FV90-Z,NE61403444020001,Reliance Petroleum Ltd.,IN-Jamanagar-Unit At Jamanagar SEZ Village Meghapar/Padana,Motors HV H-compact+ (Ex)
IB-12063700,1SQ6716-6FS90-Z - NE81404159010001,08-10-2022 12:02,Verified,1SQ6716-6FS90-Z,NE81404159010001,Reliance Petroleum Ltd.,IN-Jamanagar-Unit At Jamanagar SEZ Village Meghapar/Padana,Motors HV H-compact+ (Ex)
IB-12064632,1RQ14564JA70 Z - N8/64944695,08-10-2022 12:02,Verified,1RQ14564JA70 Z,N8/64944695,JSW Steel Ltd.,"IN-Salem-Mecheri, Pottaneri Post M Kalipatti Village Mettur Taluk","Motors HV H-modul (async., Non-Ex)"
IB-9683543,6SR3502-0HF41-4BH0 - 31501000958,08-10-2022 12:06,Verified,6SR3502-0HF41-4BH0,31501000958,Tata Steel Ltd.,IN-Jamshedpur-General Office Bldg. Near Bistupur,"PH GH180, air cooled"
IB-10053009,6SR3102-7HG45-0BH0 - N-C95009800010001,08-10-2022 12:06,Verified,6SR3102-7HG45-0BH0,N-C95009800010001,Jsw Techno Projects Management Ltd.,IN-Bellary-Post Vidyanagar,"PH GH180, air cooled"
IB-12503572,6SR4802-2HD41-2BH1 - STB2J0269PHG41250,08-10-2022 12:06,Verified,6SR4802-2HD41-2BH1,STB2J0269PHG41250,Tata Steel Ltd.,IN-Jamshedpur-General Office Bldg. Near Bistupur,"PH GH180, air cooled"
IB-12180420,A5E36191678 - STB9F-0199-PHG32250,08-10-2022 12:06,Verified,A5E36191678,STB9F-0199-PHG32250,Hindalco Industries Ltd.,IN-Singrauli-Unit Mahan Aluminium First Floor Site Complex,"PH GH180, air cooled"
IB-11558497,1LA4404-2AN70 - N83004691953,08-10-2022 12:06,Verified,1LA4404-2AN70,N83004691953,JSW Steel Ltd.,"IN-Bellary-P.O. Vidyanagar,",Motors HV H-compact (Non-Ex)
IB-11459123,1LA4404-2AN70 - N8 3004691953,08-10-2022 12:06,Verified,1LA4404-2AN70,N8 3004691953,JSW Steel Ltd.,"IN-Bellary-P.O. Vidyanagar,",Motors HV H-compact (Non-Ex)
IB-7175578,6SR3802-6NF42-5BH0 - STB08V0054-PH-MVD,08-10-2022 12:16,Verified,6SR3802-6NF42-5BH0,STB08V0054-PH-MVD,RCCPL Pvt. Ltd.,"IN-Satna-Village Bharauli, Post Itahara Tehsil - Maihar","PH GH180, air cooled"
IB-7175581,6SR3802-6NF42-5BH0-STB04V0035-PH-MVD,08-10-2022 12:16,Verified,6SR3802-6NF42-5BH0,STB04V0035-PH-MVD,Tega Industries (SEZ) Ltd.,"IN-Vagra-Plot No. Z/103/J Dahej Sez Phase - II, Taluka","PH GH180, air cooled"
IB-7175523,6SR3502-0NB33-2BH0 - 31501002225,08-10-2022 12:16,Verified,6SR3502-0NB33-2BH0,31501002225,Oil And Natural Gas Corporation Ltd.,IN-Mumbai-Vasundhara Bhawan Bandra (East),"PH GH180, air cooled"
IB-7175527,6SR3502-0NB33-2BH0 - 31501002231,08-10-2022 12:16,Verified,6SR3502-0NB33-2BH0,31501002231,Oil And Natural Gas Corporation Ltd.,IN-Mumbai-Vasundhara Bhawan Bandra (East),"PH GH180, air cooled"
IB-7175580,6SR3802-6HB36-0BH0 - STB07V0049-PH-MVD,08-10-2022 12:16,Verified,6SR3802-6HB36-0BH0,STB07V0049-PH-MVD,RCCPL Pvt. Ltd.,"IN-Satna-Village Bharauli, Post Itahara Tehsil - Maihar","PH GH180, air cooled"
IB-7174841,6SR3502-7NJ45-7BH0 - 31501000457,08-10-2022 12:16,Verified,6SR3502-7NJ45-7BH0,31501000457,Mahan Energen Ltd.,"IN-Singrauli-Village- Bhandora, P.O. Karsualal,","PH GH180, air cooled"
IB-7668229,1DX2047-8AS03-Z - D0431700201,08-10-2022 12:16,Verified,1DX2047-8AS03-Z,D0431700201,Reliance Industries Ltd,"IN-Surat-Surat-Hazira Rd., Village Mora Post Bhatha Surat","Motors HV H-modyn (sync., cylindrical)"
IB-7344798,1DM4045-3EE02-Z - D6923011901,08-10-2022 12:16,Verified,1DM4045-3EE02-Z,D6923011901,JSW Ispat Steel Ltd.,"IN-Mumbai-7th Floor, Nirmal, Nariman Point,",Motors HV Others
IB-7512406,6SL3850-5UN11-1AA0-Z - N-E71401091010001,08-10-2022 12:16,To be verified,6SL3850-5UN11-1AA0-Z,N-E71401091010001,Reliance Industries Ltd.,IN-Jamnagar-Village Meghpar/Padana,"GL150, air cooled"
IB-7512370,6SL3850-5UN11-1AA0-Z - E71401091010001.,08-10-2022 12:16,Verified,6SL3850-5UN11-1AA0-Z,E71401091010001.,Reliance Industries Ltd.,IN-Jamnagar-Village Meghpar/Padana,"GL150, air cooled"
IB-7512359,6SL3850-5UN11-1AA0-Z - N-E4153603-00003,08-10-2022 12:16,Verified,6SL3850-5UN11-1AA0-Z,N-E4153603-00003,Reliance Industries Ltd.,"IN-Jamnagar-Moti Khavdi, Near Village Meghpar,","GL150, air cooled"
IB-7531763,6SL3815-2LP36-6AA1-Z - N-E71403446010001,08-10-2022 12:16,Verified,6SL3815-2LP36-6AA1-Z,N-E71403446010001,Reliance Industries Ltd.,IN-Jamnagar-Village Meghpar/Padana,"GM150 IGBT, water cooled"
IB-6652751,6SL3815-2LP36-6AA1-Z - N-E71403446020001,08-10-2022 12:16,Verified,6SL3815-2LP36-6AA1-Z,N-E71403446020001,Reliance Industries Ltd.,IN-Jamnagar-Village Meghpar/Padana,"GM150 IGBT, water cooled"
IB-7668150,1DQ4041-8AT03-Z - D0850241401,08-10-2022 12:16,Verified,1DQ4041-8AT03-Z,D0850241401,Steel Authority of India Ltd.,IN-Bokaro-Bokaro Steel City,"Motors HV Milling Motors (sync., small)"
IB-7668151,1DQ4041-8AT03-Z - D0850241402,08-10-2022 12:16,Verified,1DQ4041-8AT03-Z,D0850241402,Steel Authority of India Ltd.,IN-Bokaro-Bokaro Steel City,"Motors HV Milling Motors (sync., small)"
IB-7668182,1DQ4041-8AT03-Z - D0850241403,08-10-2022 12:16,Verified,1DQ4041-8AT03-Z,D0850241403,Steel Authority of India Ltd.,IN-Bokaro-Bokaro Steel City,"Motors HV Milling Motors (sync., small)"
IB-7668183,1DQ4041-8AT03-Z - D0850241404,08-10-2022 12:16,Verified,1DQ4041-8AT03-Z,D0850241404,Steel Authority of India Ltd.,IN-Bokaro-Bokaro Steel City,"Motors HV Milling Motors (sync., small)"
IB-7668184,1DQ4041-8AT03-Z - D0850241405,08-10-2022 12:16,Verified,1DQ4041-8AT03-Z,D0850241405,Steel Authority of India Ltd.,IN-Bokaro-Bokaro Steel City,"Motors HV Milling Motors (sync., small)"
IB-7667336,1DQ3440-6BA02-Z - D9450201501,08-10-2022 12:16,Verified,1DQ3440-6BA02-Z,D9450201501,JSW Ispat Steel Ltd.,"IN-Raigad-Dolvi Geetapuram, Taluka Pen","Motors HV Milling Motors (sync., small)"
IB-7667337,1DQ3440-6BA02-Z - D9450201502,08-10-2022 12:16,Verified,1DQ3440-6BA02-Z,D9450201502,JSW Ispat Steel Ltd.,"IN-Raigad-Dolvi Geetapuram, Taluka Pen","Motors HV Milling Motors (sync., small)"
IB-7667099,1DQ4043-8AT03-Z - D0550231902,08-10-2022 12:16,Verified,1DQ4043-8AT03-Z,D0550231902,JINDAL STEEL LIMITED,"IN-Angul-Jindal Nagar, Village-Nisha, State","Motors HV Milling Motors (sync., small)"
IB-7667100,1DQ4043-8AT03-Z - D0550231903,08-10-2022 12:16,Verified,1DQ4043-8AT03-Z,D0550231903,JINDAL STEEL LIMITED,"IN-Angul-Jindal Nagar, Village-Nisha, State","Motors HV Milling Motors (sync., small)"
IB-7702136,1DQ4043-8AT03-Z - D1488523601,08-10-2022 12:16,Verified,1DQ4043-8AT03-Z,D1488523601,Jindal Stainless Ltd.,IN-Hisar-O.P. Jindal Marg,Motors HV Others
IB-7667270,1SJ1714-4JE70-Z - D9741146501,08-10-2022 12:16,Verified,1SJ1714-4JE70-Z,D9741146501,Reliance Petroleum Ltd.,IN-Jamnagar-Ramlal Nagar,"Motors HV H-modul (async., Ex)"
IB-7667271,1SJ1714-4JE70-Z - D9741146502,08-10-2022 12:16,Verified,1SJ1714-4JE70-Z,D9741146502,Reliance Petroleum Ltd.,IN-Jamnagar-Ramlal Nagar,"Motors HV H-modul (async., Ex)"
IB-7667868,1SJ1714-4JE70-Z - D0041161501,08-10-2022 12:16,Verified,1SJ1714-4JE70-Z,D0041161501,Reliance Industries Ltd.,IN-Jamnagar-Village Meghpar/Padana,"Motors HV H-modul (async., Ex)"
IB-7667160,1DQ4839-8DA03-Z - D04 502 270 01,08-10-2022 12:16,Verified,1DQ4839-8DA03-Z,D04 502 270 01,JSW Steel Ltd.,"IN-Bellary-P.O. Vidyanagar,","Motors HV Milling Motors (sync., large)"
IB-7174828,6SR3802-6HE42-0BH0 - STB10V0068-PH-MVD,08-10-2022 12:17,Verified,6SR3802-6HE42-0BH0,STB10V0068-PH-MVD,J. K. Cement Ltd.,IN-Jhajjar-Village Jharli Tehsil Matanhail,"PH GH180, air cooled"
IB-6679109,1PQ4504-8DM90-Z,08-10-2022 12:17,To be verified,1PQ4504-8DM90-Z,,Tata Steel Ltd.,"IN-Jamshedpur-191, Burma Rd., Burma Mines",Motors HV H-compact (Non-Ex)
IB-8827286,1RN4450-4FM90-Z - DD13990/1010001,08-10-2022 12:19,Verified,1RN4450-4FM90-Z,DD13990/1010001,JSW Steel Ltd.,"IN-Bellary-P.O. Vidyanagar,",Motors HV H-compact+ (Non-Ex)
IB-7680466,6SL3845-7NN45-4AA0 - N-V416412100004,08-10-2022 12:23,Verified,6SL3845-7NN45-4AA0,N-V416412100004,JINDAL STEEL LIMITED,"IN-Angul-Jindal Nagar, Village-Nisha, State","SM150 IGCT, water cooled"
IB-8859219,6SR3802-7HG44-2BH0 - STB11V0072-PH-MVD,08-10-2022 12:25,Verified,6SR3802-7HG44-2BH0,STB11V0072-PH-MVD,Hindustan Petroleum Corporation Ltd.,IN-Raigad-Mumbai Pune Solapur Pipeline,"PH GH180, air cooled"
IB-8859220,6SR3802-7HG44-2BH0 - STB11V0071-PH-MVD,08-10-2022 12:25,Verified,6SR3802-7HG44-2BH0,STB11V0071-PH-MVD,Hindustan Petroleum Corporation Ltd.,IN-Raigad-Mumbai Pune Solapur Pipeline,"PH GH180, air cooled"
IB-9329594,6SR4502-5NF45-5BH0 - Z8-160240806-011,08-10-2022 12:25,Verified,6SR4502-5NF45-5BH0,Z8-160240806-011,GE India Indl. Pvt. Ltd.,"IN-Pune-A - 78/1, Chakan Indl. Area,","PH GH180, air cooled"
IB-9132942,6SR3502-7HL48-7BH0 - Z8-153431611-001,08-10-2022 12:25,Verified,6SR3502-7HL48-7BH0,Z8-153431611-001,JSW Steel Ltd.,"IN-Raigad-Dolvi Geetapuram, Taluka Pen","PH GH180, air cooled"
IB-8859264,6SR3802-6HE43-0BH0 - STB12W0158-PH-MVD,08-10-2022 12:25,Verified,6SR3802-6HE43-0BH0,STB12W0158-PH-MVD,Indian Oil Corporation Ltd.,"IN-Viramgam-Western Region Pipelines, Post Box No. 04, Hansalpur Chaukri,","PH GH180, air cooled"
IB-8859265,6SR3802-6HE43-0BH0 - STB12W0157-PH-MVD,08-10-2022 12:25,Verified,6SR3802-6HE43-0BH0,STB12W0157-PH-MVD,Indian Oil Corporation Ltd.,"IN-Viramgam-Western Region Pipelines, Post Box No. 04, Hansalpur Chaukri,","PH GH180, air cooled"
IB-8859266,6SR3802-6HE43-0BH0 - STB12W0156-PH-MVD,08-10-2022 12:25,Verified,6SR3802-6HE43-0BH0,STB12W0156-PH-MVD,Indian Oil Corporation Ltd.,"IN-Viramgam-Western Region Pipelines, Post Box No. 04, Hansalpur Chaukri,","PH GH180, air cooled"
IB-8853588,6SR3502-6HC38-7BH0 - 31501002179,08-10-2022 12:25,Verified,6SR3502-6HC38-7BH0,31501002179,JSW Steel Ltd.,"IN-Bellary-P.O. Vidyanagar,","PH GH180, air cooled"
IB-9008501,6SR3502-6HC38-7BH0 - 31501002178,08-10-2022 12:25,Verified,6SR3502-6HC38-7BH0,31501002178,JSW Steel Ltd.,"IN-Bellary-P.O. Vidyanagar,","PH GH180, air cooled"
IB-8859236,6SR3802-6HE42-0BH0 - STB02W0089-PH-MVD,08-10-2022 12:25,Verified,6SR3802-6HE42-0BH0,STB02W0089-PH-MVD,Hindalco Industries Ltd.,IN-Singrauli-Unit Mahan Aluminium First Floor Site Complex,"PH GH180, air cooled"
IB-8859235,6SR3802-6HE42-0BH0 - STB02W0090-PH-MVD,08-10-2022 12:25,Verified,6SR3802-6HE42-0BH0,STB02W0090-PH-MVD,Hindalco Industries Ltd.,IN-Singrauli-Unit Mahan Aluminium First Floor Site Complex,"PH GH180, air cooled"
IB-8859238,6SR3802-6HE42-0BH0 - STB02W0091-PH-MVD,08-10-2022 12:25,Verified,6SR3802-6HE42-0BH0,STB02W0091-PH-MVD,Hindalco Industries Ltd.,IN-Singrauli-Unit Mahan Aluminium First Floor Site Complex,"PH GH180, air cooled"
IB-8859207,6SR3802-6H41-0BH0 - STB03V0032-PH-MVD,08-10-2022 12:25,Verified,6SR3802-6H41-0BH0,STB03V0032-PH-MVD,Sarda Mines Pvt. Ltd.,IN-Barbil-Thakurani Iron Ore Mines Block B,"PH GH180, air cooled"
IB-9612797,6SR3802-6CE41-7BH0 - STB1H0209PHG31750,08-10-2022 12:25,Verified,6SR3802-6CE41-7BH0,STB1H0209PHG31750,Udaipur Cement Works Ltd.,"IN-Udaipur-Shripati Nagar, CFA, P.O. Dabok","PH GH180, air cooled"
IB-9304026,6SR3802-7HG43-2BH1 - STBNF0205PHG3E3500,08-10-2022 12:25,Verified,6SR3802-7HG43-2BH1,STBNF0205PHG3E3500,ACC Ltd.,"IN-Katni-Kymore Cement Works, P.O. Kymore","PH GH180, air cooled"
IB-6128738,6SR3102-7HJ45-0BH0 - 11986,08-10-2022 13:29,Verified,6SR3102-7HJ45-0BH0,11986,Jindal Steel And Power Ltd.,"IN-Barbil-Plot No. 507/365,","PH GH180, air cooled"
IB-505475,1PQ4502-6CM90-Z - N-BO1332601010005,08-10-2022 13:50,Verified,1PQ4502-6CM90-Z,N-BO1332601010005,Steel Authority of India Ltd.,IN-Durgapur-Durgapur Steel Plant,Motors HV H-compact (Non-Ex)
IB-505476,1PQ4502-6CM90-Z - N-BO1332601010004,08-10-2022 13:50,Verified,1PQ4502-6CM90-Z,N-BO1332601010004,Steel Authority of India Ltd.,IN-Durgapur-Durgapur Steel Plant,Motors HV H-compact (Non-Ex)
IB-505477,1PQ4502-6CM90-Z - N-BO1332601010001,08-10-2022 13:50,Verified,1PQ4502-6CM90-Z,N-BO1332601010001,Steel Authority of India Ltd.,IN-Durgapur-Durgapur Steel Plant,Motors HV H-compact (Non-Ex)
IB-505478,1PQ4502-6CM90-Z - N-BO1332601010003,08-10-2022 13:50,Verified,1PQ4502-6CM90-Z,N-BO1332601010003,Steel Authority of India Ltd.,IN-Durgapur-Durgapur Steel Plant,Motors HV H-compact (Non-Ex)
IB-505479,1PQ4502-6CM90-Z - N-BO1332601010002,08-10-2022 13:50,Verified,1PQ4502-6CM90-Z,N-BO1332601010002,Steel Authority of India Ltd.,IN-Durgapur-Durgapur Steel Plant,Motors HV H-compact (Non-Ex)
IB-354040,1LA4454-2FD90-Z - N-X61272962010001,08-10-2022 13:50,Verified,1LA4454-2FD90-Z,N-X61272962010001,National Oxygen Ltd.,IN-Pondicherry-Pondy - Villupuram Rd. Thiruvandar Koil,Motors HV H-compact (Non-Ex)
IB-316015,1PQ4500-6CM00 - N-WN1238731030001,08-10-2022 13:50,Verified,1PQ4500-6CM00,N-WN1238731030001,Jindal Steel And Power Ltd.,"IN-Ramgarh-Balkudra, Patratu",Motors HV H-compact (Non-Ex)
IB-316017,1PQ4500-6CM00 - N-WN1238733050001,08-10-2022 13:50,Verified,1PQ4500-6CM00,N-WN1238733050001,Jindal Steel And Power Ltd.,"IN-Ramgarh-Balkudra, Patratu",Motors HV H-compact (Non-Ex)
IB-316019,1PQ4500-6CM00 - N-WN1238733040001,08-10-2022 13:50,Verified,1PQ4500-6CM00,N-WN1238733040001,Jindal Steel And Power Ltd.,"IN-Ramgarh-Balkudra, Patratu",Motors HV H-compact (Non-Ex)
IB-315434,1PQ4500-6CM00 - N-WN1238730040001,08-10-2022 13:50,Verified,1PQ4500-6CM00,N-WN1238730040001,Jindal Steel And Power Ltd.,"IN-Ramgarh-Balkudra, Patratu",Motors HV H-compact (Non-Ex)
IB-325581,1PQ4500-6CM00 - N-WN1238732020001,08-10-2022 13:50,Verified,1PQ4500-6CM00,N-WN1238732020001,Jindal Steel And Power Ltd.,"IN-Ramgarh-Balkudra, Patratu",Motors HV H-compact (Non-Ex)
IB-309003,1PQ4500-6CM00 - N-WN1238731020001,08-10-2022 13:50,Verified,1PQ4500-6CM00,N-WN1238731020001,Jindal Steel And Power Ltd.,"IN-Ramgarh-Balkudra, Patratu",Motors HV H-compact (Non-Ex)
IB-309237,1PQ4500-6CM00 - N-WN1238732040001,08-10-2022 13:50,Verified,1PQ4500-6CM00,N-WN1238732040001,Jindal Steel And Power Ltd.,"IN-Ramgarh-Balkudra, Patratu",Motors HV H-compact (Non-Ex)
IB-382208,1RN4636-6FV90-Z - N-A45005194020001,08-10-2022 13:51,Verified,1RN4636-6FV90-Z,N-A45005194020001,Bhushan Energy Ltd.,"IN-Narendra Pur-P.O. Shibapur, Village Meramandali District  Dhenkanal",Motors HV H-compact+ (Non-Ex)
IB-388011,DNSW500LL06A - 5145815,08-10-2022 13:58,Verified,DNSW500LL06A,5145815,Haldia Petrochemicals Ltd.,"IN-Midnapore-Haldia Petrochemical Complex, P.O.-Durgachalk, Haldia",Motors HV Loher Vario (Ex flameproof)
IB-388013,DNSW500LL06A - 5146828,08-10-2022 13:58,Verified,DNSW500LL06A,5146828,Haldia Petrochemicals Ltd.,"IN-Midnapore-Haldia Petrochemical Complex, P.O.-Durgachalk, Haldia",Motors HV Loher Vario (Ex flameproof)
IB-375118,1RN4634-8FM90-Z - N-XO5003134110002,08-10-2022 13:58,Verified,1RN4634-8FM90-Z,N-XO5003134110002,Tata Steel Ltd.,IN-Kolkata-J.L. Nehru Rd. 43,Motors HV H-compact+ (Non-Ex)
IB-375119,1RN4634-8FM90-Z - NXO5003134110001,08-10-2022 13:58,Verified,1RN4634-8FM90-Z,NXO5003134110001,Tata Steel Ltd.,IN-Kolkata-J.L. Nehru Rd. 43,Motors HV H-compact+ (Non-Ex)
IB-434483,1DQ4852-8DA03-Z - D0850240101,08-10-2022 13:59,Verified,1DQ4852-8DA03-Z,D0850240101,Ispat Metallics India Ltd.,"IN-Navi Mumbai-Plot No. 45, Casablanca, Sector-11,","Motors HV Milling Motors (sync., large)"
IB-398111,1DE5906-6FC90 - N-5004825030001,08-10-2022 13:59,Verified,1DE5906-6FC90,N-5004825030001,Larsen and Toubro Ltd.,"IN-Sundargarh-Kansbahal Works, PO Kansbahal","Motors HV VEM (Siemens labeled, sync.)"
IB-398112,1DE5906-6FC90 - N-5004825040001,08-10-2022 13:59,Verified,1DE5906-6FC90,N-5004825040001,Larsen and Toubro Ltd.,"IN-Sundargarh-Kansbahal Works, PO Kansbahal","Motors HV VEM (Siemens labeled, sync.)"
IB-404517,1DZ1757-8AD03-Z - D0631618101,08-10-2022 13:59,Verified,1DZ1757-8AD03-Z,D0631618101,Mitsubishi Chemical PTA,"IN-Mumbai-130 P. B. Marg, Worli","Motors HV H-modyn (sync., salient pole)"
IB-435754,1DQ3344-8AT03-Z - D0850241001,08-10-2022 13:59,Verified,1DQ3344-8AT03-Z,D0850241001,Tata Steel BSL Ltd.,"IN-Ghaziabad-23, Site IV, Sahibabad Indl. Area","Motors HV Milling Motors (sync., small)"
IB-435985,1DQ3344-8AT03-Z - D0850241002,08-10-2022 13:59,Verified,1DQ3344-8AT03-Z,D0850241002,Tata Steel BSL Ltd.,"IN-Ghaziabad-23, Site IV, Sahibabad Indl. Area","Motors HV Milling Motors (sync., small)"
IB-434344,1DQ5455-8DT06-Z - D0750237202,08-10-2022 13:59,Verified,1DQ5455-8DT06-Z,D0750237202,Jindal Stainless Ltd.,IN-Jajapur-Kalinga Nagar Indl. Complex,"Motors HV Milling Motors (sync., large)"
IB-511661,1DQ4651-8AT03-Z - D1150249501,08-10-2022 14:00,Verified,1DQ4651-8AT03-Z,D1150249501,Tata Steel Ltd.,IN-Jamshedpur-New Link Rd.,"Motors HV Milling Motors (sync., large)"
IB-264742,1PQ4564-8CM90-Z - N-V91191838020002,08-10-2022 14:01,Verified,1PQ4564-8CM90-Z,N-V91191838020002,Tata Steel BSL Ltd.,"IN-Ghaziabad-23, Site IV, Sahibabad Indl. Area",Motors HV H-compact (Non-Ex)
IB-264743,1PQ4564-8CM90-Z - N-V91191838020001,08-10-2022 14:01,Verified,1PQ4564-8CM90-Z,N-V91191838020001,Tata Steel BSL Ltd.,"IN-Ghaziabad-23, Site IV, Sahibabad Indl. Area",Motors HV H-compact (Non-Ex)
IB-395058,6SL3850-5UM21-0AA0 - N-V307414300005,08-10-2022 14:02,Verified,6SL3850-5UM21-0AA0,N-V307414300005,JSW Steel Ltd.,IN-Mumbai-JSW Centre Bandra Kurla Complex,"GL150, air cooled"
IB-517646,1TD3402EE02-Z - D6930152501,08-10-2022 14:02,Verified,1TD3402EE02-Z,D6930152501,Bhushan Energy Ltd.,"IN-Narendra Pur-P.O. Shibapur, Village Meramandali District  Dhenkanal",Motors HV Others
IB-517594,1TF5335-4FE64-Z - D7936202501,08-10-2022 14:02,Verified,1TF5335-4FE64-Z,D7936202501,Ultratech Cement Ltd.,IN-Jafarabad-Babarkot,Motors HV Others
IB-517593,1SJ1804-4HN90-Z - D9441126901,08-10-2022 14:03,Verified,1SJ1804-4HN90-Z,D9441126901,Gujarat State Fertilizers & Chemicals Ltd. Attn:Mr.B.D. Hardikar,IN-Vadodara-P.O. Fertilizernagar,"Motors HV H-modul (async., Ex)"
IB-541155,6SL3961-6RC10-0BA0 - N-C81359690030001,08-10-2022 14:03,Verified,6SL3961-6RC10-0BA0,N-C81359690030001,Steel Authority of India Ltd.,"IN-Rourkela-Mm Projects Bldg. Sail,",SL150 CU
IB-484612,1DQ4043-8AT03 - D1050245001,08-10-2022 14:03,Verified,1DQ4043-8AT03,D1050245001,Jindal Power Ltd.,"IN-New Delhi-Jindal Centre, 12 Bhikaji Cama","Motors HV Milling Motors (sync., small)"
IB-355072,6SD2810-0UJ43-2BB0-Z-N-X428492500010,08-10-2022 14:03,Verified,6SD2810-0UJ43-2BB0-Z,N-X428492500010,Bhushan Power & Steel Ltd.,IN-Orissa-Tahasil Rengali,SIMOVERT D
IB-39078657,1LA45048CM00Z - N8/64915208,08-10-2022 15:07,Verified,1LA45048CM00Z,N8/64915208,Krishna Tissues Pvt. Ltd.,IN-Burdwan-Burdwan Katwa Rd. Narja More P. O. Bhatar,Motors HV H-compact (Non-Ex)
IB-39118584,1RN65044FT90Z - L11553093010001,08-10-2022 15:07,Verified,1RN65044FT90Z,L11553093010001,Goodyear South Asia Tyres Pvt. Ltd.,"IN-Aurangabad-H-18, MIDC, Waluj",Motors HV Innomotics HV M (Non-Ex)
IB-39120552,1RN15668FR00Z - 6499808201001,08-10-2022 15:07,Verified,1RN15668FR00Z,6499808201001,JSW Steel Ltd.,"IN-Salem-Mecheri, Pottaneri Post M Kalipatti Village Mettur Taluk","Motors HV A-compact+ (async., Non-Ex)"
IB-39120553,1RN15668FR00Z - 6500039601001,08-10-2022 15:07,Verified,1RN15668FR00Z,6500039601001,JSW Steel Ltd.,"IN-Salem-Mecheri, Pottaneri Post M Kalipatti Village Mettur Taluk","Motors HV A-compact+ (async., Non-Ex)"
IB-39120554,1RN15668FR00Z - 6500440301001,08-10-2022 15:07,Verified,1RN15668FR00Z,6500440301001,JSW Steel Ltd.,"IN-Salem-Mecheri, Pottaneri Post M Kalipatti Village Mettur Taluk","Motors HV A-compact+ (async., Non-Ex)"
IB-25383781,6SR4502-2HG43-5BH1 - Z8-184144507-656,08-10-2022 20:39,Active,6SR4502-2HG43-5BH1,Z8-184144507-656,Yantra Harvest Energy Pvt. Ltd.,"IN-Pune-Shed No. 4, Anant Indl. Estate Narhe Rd. Dhayari Gaon","PH GH180, air cooled"
IB-33349643,6SR4502-2HB38-0BH1 - Z8-191644502-605,08-10-2022 21:05,Verified,6SR4502-2HB38-0BH1,Z8-191644502-605,Nirma Ltd.,"IN-Bhavnagar-Survey No 480, Kalatalav","PH GH180, air cooled"
IB-33347075,6SR4502-2HB38-0BH1-Z8-191644502-585,08-10-2022 21:05,Verified,6SR4502-2HB38-0BH1,Z8-191644502-585,Birla Carbon India Pvt. Ltd.,"IN-Tiruvallur-Hi-Tech Carbon, K 16 Phase II,","PH GH180, air cooled"
IB-33346477,6SR4502-2HB38-0BH1 - Z8-191644502-584,08-10-2022 21:05,Verified,6SR4502-2HB38-0BH1,Z8-191644502-584,Birla Carbon India Pvt. Ltd.,"IN-Tiruvallur-Hi-Tech Carbon, K 16 Phase II,","PH GH180, air cooled"
IB-33349047,6SR4502-2HB38-0BH1 - Z8-191644502-604,08-10-2022 21:05,Verified,6SR4502-2HB38-0BH1,Z8-191644502-604,Nirma Ltd.,"IN-Bhavnagar-Survey No 480, Kalatalav","PH GH180, air cooled"
IB-34840369,6SR4502-0CF41-5BH0 - Z8-192740306-205,08-10-2022 21:19,Verified,6SR4502-0CF41-5BH0,Z8-192740306-205,MB Power (Madhya Pradesh) Ltd.,"IN-Anuppur-Laharpur, Jaithari","PH GH180, air cooled"
IB-34836643,6SR4502-0CF41-5BH0 - Z8-192740306-079,08-10-2022 21:19,Verified,6SR4502-0CF41-5BH0,Z8-192740306-079,MB Power (Madhya Pradesh) Ltd.,"IN-Anuppur-Laharpur, Jaithari","PH GH180, air cooled"
IB-22162495,6SR4802-2NB38-0BH1 - STB4J0280PHG4800,08-10-2022 23:15,Verified,6SR4802-2NB38-0BH1,STB4J0280PHG4800,Nirma Ltd.,IN-Porbandar-PO Birlasagar,"PH GH180, air cooled"
IB-22235651,1LA44006NA70Z - N8/3004308393,08-10-2022 23:15,Verified,1LA44006NA70Z,N8/3004308393,JINDAL STEEL LIMITED,"IN-Angul-Jindal Nagar, Village-Nisha, State",Motors HV H-compact (Non-Ex)
IB-22203387,6SR4502-2HD41-5BH1 - Z8-182044504-028,08-10-2022 23:19,Verified,6SR4502-2HD41-5BH1,Z8-182044504-028,Ultratech Cement Ltd.,"IN-Krishna-Survey No. 99, Vill - Post Budawad","PH GH180, air cooled"
IB-22206204,6SR4502-2HD41-5BH1 - Z8-182044504-027,08-10-2022 23:19,Verified,6SR4502-2HD41-5BH1,Z8-182044504-027,Sunflag Iron And Steel Company Ltd.,"IN-Nagpur-Bhandara, Bhandara Rd., Warthi","PH GH180, air cooled"
IB-18204267,1LA4314-2AN00-Z - 64308490,09-10-2022 00:13,Verified,1LA4314-2AN00-Z,64308490,PHILIPS CARBON BLACK,"IN-Kochi-Kochi Unit, Bramhapuram PO, Chithrappuzha-Ponjassery Rd",Motors HV H-compact (Non-Ex)
IB-18204268,1LA4314-2AN00-Z - 64308491,09-10-2022 00:13,Verified,1LA4314-2AN00-Z,64308491,PHILIPS CARBON BLACK,"IN-Kochi-Kochi Unit, Bramhapuram PO, Chithrappuzha-Ponjassery Rd",Motors HV H-compact (Non-Ex)
IB-61986843,6SR5502-2HC41-2BH2-Z8-232151540-011,30-10-2023 20:01,Verified,6SR5502-2HC41-2BH2,Z8-232151540-011,JSW Vijayanagar Metallics Ltd.,"IN-Bellary-P.O. Vidyanagar,","PH GH180, air cooled"
IB-61134913,6SR5502-2HB38-0BH2 - Z8-231651535-0B1,30-10-2023 22:27,To be verified,6SR5502-2HB38-0BH2,Z8-231651535-0B1,Jindal Coke Ltd.,IN-Jajpur-Jajpur Road 755026,"PH GH180, air cooled"
IB-61253411,6SR4502-2HG43-5BH2 - Z8-231745507-017,30-10-2023 22:41,Verified,6SR4502-2HG43-5BH2,Z8-231745507-017,JSW Steel Ltd.,IN-Bellary-P.O. Vidyanagar,"PH GH180, air cooled"
IB-61406556,6SR5502-2HD41-2BH2 - Z8-231851544-0E9,30-10-2023 23:13,Verified,6SR5502-2HD41-2BH2,Z8-231851544-0E9,McNally Bharat Engineering Company Ltd.,"IN-Talcher-7TH AMALAPADA-IN-Angul, Talcher","PH GH180, air cooled"
IB-63536678,1LA43164AN70Z - N8/65372132,30-10-2023 23:36,Verified,1LA43164AN70Z,N8/65372132,Jindal Steel Odisha Ltd,"IN-At/P.O. Jindal Nagar-Nisa SH-63, Chhendipada Rd. Angul .",Motors HV H-compact (Non-Ex)
IB-63536679,1LA43164AN70Z - N8/65372129,30-10-2023 23:36,Verified,1LA43164AN70Z,N8/65372129,Jindal Steel Odisha Ltd,"IN-At/P.O. Jindal Nagar-Nisa SH-63, Chhendipada Rd. Angul .",Motors HV H-compact (Non-Ex)
IB-62177878,1PQ45024CM00Z - ZYKN3004537845001000001/2018,31-10-2023 00:01,Verified,1PQ45024CM00Z,ZYKN3004537845001000001/2018,Ineos Styrolution India Ltd.,"IN-Vadodara-Sankarda Bhadarva Rd., Post Poicha","Motors HV H-compact (async., Non-Ex, SEDL)"
IB-62189526,6SR5502-2HB35-0BH2 - Z8-232151535-03E,31-10-2023 00:23,Active,6SR5502-2HB35-0BH2,Z8-232151535-03E,SIEMENS LARGE DRIVES INDIA PVT LTD,"IN -Navi Mumbai, Thane","PH GH180, air cooled"
IB-64059547,1NN1358-6AA00-3AA0-Z - N-R85033334011001,31-10-2023 00:45,Active,1NN1358-6AA00-3AA0-Z,N-R85033334011001,Sulzer Pumps India Pvt. Ltd.,"IN-Thane-Plot No. 9, Moirvali - M I D C,",Motors HV Innomotics HV C (Ex)
IB-64780895,6SR4802-2HC41-0BH1 - STB8H0228PHG4800,31-10-2023 01:27,Active,6SR4802-2HC41-0BH1,STB8H0228PHG4800,Orissa Stevedores Ltd.,IN-Paradeep-Badapadiaparadeep Port,"PH GH180, air cooled"
IB-64794731,6SR5502-5NG45-5BH0 - Z8-233150890-05D,31-10-2023 01:27,Active,6SR5502-5NG45-5BH0,Z8-233150890-05D,Pilbara Iron Company (Services) P/L,IN - Pilgangoora Operations,"PH GH180, air cooled"
IB-64940046,1LA4314-2AW60-Z - N-R15032016010001,31-10-2023 01:31,Active,1LA4314-2AW60-Z,N-R15032016010001,Flowserve India Controls Pvt. Ltd.,IN-Coimbatore-SF No.136/3 & 137 Myleripalayam Rd.,Motors HV H-compact (Non-Ex)
IB-64940069,1LA4314-2AW60-Z - N-R15032016010002,31-10-2023 01:31,Active,1LA4314-2AW60-Z,N-R15032016010002,Flowserve India Controls Pvt. Ltd.,IN-Coimbatore-SF No.136/3 & 137 Myleripalayam Rd.,Motors HV H-compact (Non-Ex)
IB-64940092,1LA4314-2AW60-Z - N-R15032016010003,31-10-2023 01:31,Active,1LA4314-2AW60-Z,N-R15032016010003,Flowserve India Controls Pvt. Ltd.,IN-Coimbatore-SF No.136/3 & 137 Myleripalayam Rd.,Motors HV H-compact (Non-Ex)
IB-64940115,1LA4314-2AW60-Z - N-R15032016010004,31-10-2023 01:31,Active,1LA4314-2AW60-Z,N-R15032016010004,Flowserve India Controls Pvt. Ltd.,IN-Coimbatore-SF No.136/3 & 137 Myleripalayam Rd.,Motors HV H-compact (Non-Ex)
IB-64943541,6SL3826-3AM41-5HE2-Z - N-P15028147200001,31-10-2023 01:31,Active,6SL3826-3AM41-5HE2-Z,N-P15028147200001,Siemens Ltd.,"IN-Navi Mumbai-Thane Belapur Rd., Airoli","PH GH150, water cooled"
IB-64943567,9AA1001-4AH00-0AA0 - SV-N7ZZ1177+2PV01.04.08,31-10-2023 01:31,To be verified,9AA1001-4AH00-0AA0,SV-N7ZZ1177+2PV01.04.08,Siemens Ltd.,IN -Navi Mumbai-Thane Belapur Road,Managed Security
IB-57243964,6SR5502-2HD41-6FH2-Z8-224951544-118,03-04-2023 12:28,Verified,6SR5502-2HD41-6FH2,Z8-224951544-118,The Admiral Superintendent Naval Dockyard (Mumbai),"IN-Mumbai-Shahid Bhagat Singh Marg Fort, Maharashtra","PH GH180, air cooled"
IB-57243514,6SR5502-2HD41-6FH2-Z8-224951544-113,03-04-2023 12:28,Verified,6SR5502-2HD41-6FH2,Z8-224951544-113,The Admiral Superintendent Naval Dockyard (Mumbai),"IN-Mumbai-Shahid Bhagat Singh Marg Fort, Maharashtra","PH GH180, air cooled"
IB-56846907,1RN1636-3KJ70-Z - N8/65312027,03-04-2023 12:33,Verified,1RN1636-3KJ70-Z,N8/65312027,JSW Steel Ltd.,"IN-bellary-BF#3, HR building, Vijayanagar works bellary","Motors HV A-compact+ (async., Non-Ex)"
IB-55677145,6SR5502-2HB38-0FH2 - Z8-224251535-4BC,20-01-2023 20:21,Active,6SR5502-2HB38-0FH2,Z8-224251535-4BC,Siemens Ltd.,"IN-Navi Mumbai-Thane Belapur Rd., Airoli","PH GH180, air cooled"
IB-55677830,6SR5502-2HB38-0FH2 - Z8-224251535-4BD,20-01-2023 20:21,Active,6SR5502-2HB38-0FH2,Z8-224251535-4BD,Siemens Ltd.,"IN-Navi Mumbai-Thane Belapur Rd., Airoli","PH GH180, air cooled"
IB-55695836,6SR5502-2HB38-0FH2 - Z8-224251535-4C2,20-01-2023 20:21,Active,6SR5502-2HB38-0FH2,Z8-224251535-4C2,Siemens Ltd.,"IN-Navi Mumbai-Thane Belapur Rd., Airoli","PH GH180, air cooled"
IB-55678647,6SR5502-2HB38-7FH2 - Z8-224051535-3AC,20-01-2023 20:21,Verified,6SR5502-2HB38-7FH2,Z8-224051535-3AC,Adhunik Power & Natural Resources Ltd.,"IN-Saraikela-Village, Padampur.","PH GH180, air cooled"
IB-55683118,6SR5502-2NF42-5BH2 - Z8-224051552-2E7,20-01-2023 20:21,Verified,6SR5502-2NF42-5BH2,Z8-224051552-2E7,Indian Cane Power Ltd.,"IN-Bagalkot-Uttur Village, Taluk Mudhol","PH GH180, air cooled"
IB-55696571,6SR5502-2HC41-2FH2 - Z8-224251540-426,20-01-2023 20:21,Verified,6SR5502-2HC41-2FH2,Z8-224251540-426,Gurugram Metropolitan Development Authority,"IN-Haryana-Boosting Station, Sector-72, Gurgaon","PH GH180, air cooled"
IB-55701448,6SR5502-2HC41-2FH2 - Z8-224251540-4C1,20-01-2023 20:21,Active,6SR5502-2HC41-2FH2,Z8-224251540-4C1,Siemens Ltd.,"IN-Navi Mumbai-Thane Belapur Rd., Airoli","PH GH180, air cooled"
IB-55700722,6SR5502-2HC41-2FH2 - Z8-224251540-427,20-01-2023 20:21,Active,6SR5502-2HC41-2FH2,Z8-224251540-427,Siemens Ltd.,"IN-Navi Mumbai-Thane Belapur Rd., Airoli","PH GH180, air cooled"
IB-55700056,6SR5502-2HA35-0FH2 - Z8-224251534-4C0,20-01-2023 20:21,Active,6SR5502-2HA35-0FH2,Z8-224251534-4C0,Siemens Ltd.,"IN-Navi Mumbai-Thane Belapur Rd., Airoli","PH GH180, air cooled"
IB-55699472,6SR5502-2HA35-0FH2 - Z8-224251534-4BF,20-01-2023 20:21,Active,6SR5502-2HA35-0FH2,Z8-224251534-4BF,Siemens Ltd.,"IN-Navi Mumbai-Thane Belapur Rd., Airoli","PH GH180, air cooled"
IB-55698733,6SR5502-2HA35-0FH2 - Z8-224251534-4BE,20-01-2023 20:21,Active,6SR5502-2HA35-0FH2,Z8-224251534-4BE,Siemens Ltd.,"IN-Navi Mumbai-Thane Belapur Rd., Airoli","PH GH180, air cooled"
IB-55700261,6SR5502-2HH43-7BH2 - Z8-224051596-3AE,20-01-2023 20:21,Verified,6SR5502-2HH43-7BH2,Z8-224051596-3AE,My Home Industries Pvt. Ltd.,"IN-Nalgonda-Srinagar, Mellacheruvu Village &","PH GH180, air cooled"
IB-55715266,1NA1564-4AT94-0AA0-Z - ZY3007401287001000001,20-01-2023 20:21,Active,1NA1564-4AT94-0AA0-Z,ZY3007401287001000001,Resources Pellets Concentrates,"IN -S. No. 159, Somalapura Village-(Yeshwantnagar), Ballari Dist.,",Motors HV Innomotics HV C (Non-Ex)
IB-48007770,6SR5502-2HB38-7BH2 - Z8-213551535-213,07-10-2022 03:17,Verified,6SR5502-2HB38-7BH2,Z8-213551535-213,The Ramco Cements Ltd.,IN-Krishna-Kumarasamy Raja Nagar,"PH GH180, air cooled"
IB-47781616,6SR5502-2HF43-0BH2 - Z8-213451552-22D,07-10-2022 03:18,Verified,6SR5502-2HF43-0BH2,Z8-213451552-22D,The Ramco Cements Ltd.,IN-Perambalur-Cement Nagar Post,"PH GH180, air cooled"
IB-48260988,6SR5502-2HF43-0BH2 - Z8-213951552-0F3,07-10-2022 03:18,Verified,6SR5502-2HF43-0BH2,Z8-213951552-0F3,ACC Ltd.,"IN-Sultanpur-Tikaria Cement Works,","PH GH180, air cooled"
IB-49260416,1TV15428AU03Z - FQ1527908802,07-10-2022 06:48,Verified,1TV15428AU03Z,FQ1527908802,Bhushan Power & Steel Ltd.,"IN-Rengoli-VIill:- Thelkoli,  PO :- Lapanga","Motors HV A-modyn  (async., Non-Ex)"
IB-49260417,1TV15428AU03Z - FQ1527908801,07-10-2022 06:48,Verified,1TV15428AU03Z,FQ1527908801,Bhushan Power & Steel Ltd.,"IN-Rengoli-VIill:- Thelkoli,  PO :- Lapanga","Motors HV A-modyn  (async., Non-Ex)"
IB-49318181,6SB2015-5UM41-9KU0-Z - N-T427414300012-01,07-10-2022 06:49,Verified,6SB2015-5UM41-9KU0-Z,N-T427414300012-01,Reliance Industries Ltd.,IN-Bharuch-Dahej Manufacturing Division,SIMOVERT S
IB-49351026,1RN6560-4HJ90-Z - N-NO1623822010001,07-10-2022 06:49,Verified,1RN6560-4HJ90-Z,N-NO1623822010001,Century Plyboards (India) Ltd.,"IN-Hoshiarpur-Village Doulowal,",Motors HV Innomotics HV M (Non-Ex)
IB-49368437,6SR5502-2HF42-7BF2 - Z8-214251552-4C1,07-10-2022 06:49,Active,6SR5502-2HF42-7BF2,Z8-214251552-4C1,Icm Mp,"IN -Worli, Mumbai","PH GH180, air cooled"
IB-49368578,6SR5502-2HF42-7BF2 - Z8-214251552-4C2,07-10-2022 06:49,Active,6SR5502-2HF42-7BF2,Z8-214251552-4C2,Icm Mp,"IN -Worli, Mumbai","PH GH180, air cooled"
IB-49369712,6SR5502-2HF42-7BF2 - Z8-214251552-450,07-10-2022 06:49,Active,6SR5502-2HF42-7BF2,Z8-214251552-450,Icm Mp,"IN -Worli, Mumbai","PH GH180, air cooled"
IB-49369430,6SR5502-2HF42-7BF2 - Z8-214251552-07D,07-10-2022 06:49,Active,6SR5502-2HF42-7BF2,Z8-214251552-07D,Icm Mp,"IN -Worli, Mumbai","PH GH180, air cooled"
IB-49369571,6SR5502-2HF42-7BF2 - Z8-214251552-44A,07-10-2022 06:49,Active,6SR5502-2HF42-7BF2,Z8-214251552-44A,Icm Mp,"IN -Worli, Mumbai","PH GH180, air cooled"
IB-49368914,6SR5502-2HB37-0BF2 - Z8-214251535-07C,07-10-2022 06:49,Active,6SR5502-2HB37-0BF2,Z8-214251535-07C,Icm Mp,"IN -Worli, Mumbai","PH GH180, air cooled"
IB-51847537,6SR5502-2HF43-0BH2-Z - Z8-213951552-OF3,07-10-2022 12:20,Verified,6SR5502-2HF43-0BH2-Z,Z8-213951552-OF3,ACC Ltd.,"IN-Sultanpur-Tikaria Cement Works,","PH GH180, air cooled"
IB-51857309,6SR4502-5NH46-7BH2-Z - Z8-212545808-765,07-10-2022 12:20,Verified,6SR4502-5NH46-7BH2-Z,Z8-212545808-765,ACC Ltd.,"IN-Katni-Kymore Cement Works, P.O. Kymore","PH GH180, air cooled"
IB-51658271,6SR4102-2HB36-0BH0-Z - S N-A31286933010001,07-10-2022 12:21,Verified,6SR4102-2HB36-0BH0-Z,N-A31286933010001,Brahmaputra Cracker And Polymer Ltd.,"IN-Dibrugarh-BCPL Project Site, Lepetkata","PH GH180, air cooled"
IB-12608854,1RQ145621A90Z - 64574922,08-10-2022 11:58,Verified,1RQ145621A90Z,64574922,Atlas Copco (India) Ltd.,IN-Pune-Tellus Technologies Bldg. 2nd Floor,"Motors HV A-compact+ (async., Non-Ex)"
IB-12544657,1LA45004CM00Z - N8/64953958,08-10-2022 12:04,Verified,1LA45004CM00Z,N8/64953958,Khanna Paper Mills Ltd.,"IN-Amritsar-NH-1, Majitha Bypass",Motors HV H-compact (Non-Ex)
IB-8859279,6SR3802-6CF43-2BH0 - STB12W0159-PH-MVD,08-10-2022 12:11,Verified,6SR3802-6CF43-2BH0,STB12W0159-PH-MVD,Udaipur Cement Works Ltd.,"IN-Udaipur-Shripati Nagar, CFA, P.O. Dabok","PH GH180, air cooled"
IB-8907086,6SR4102-2HF42-0BH0 - SN-W6243622-00001,08-10-2022 12:11,Verified,6SR4102-2HF42-0BH0,N-W6243622-00001,Bharat Petroleum Corporation Ltd.,"IN-Sagar-Borl Refinery Gate No. 03, Bina Mungawali Rd.","PH GH180, air cooled"
IB-8907087,6SR4102-2HF42-0BH0 - SN-W6263622-00001,08-10-2022 12:11,Verified,6SR4102-2HF42-0BH0,N-W6263622-00001,Bharat Petroleum Corporation Ltd.,"IN-Sagar-Borl Refinery Gate No. 03, Bina Mungawali Rd.","PH GH180, air cooled"
IB-9135950,6SL3951-6RC10-0BA0 - NED15360300002,08-10-2022 12:12,Verified,6SL3951-6RC10-0BA0,N-ED153603-00002,JSW Vijayanagar Metallics Ltd.,"IN-Bellary-P.O. Vidyanagar,",GL150 CU
IB-9135951,6SL3951-6RC10-0BA0 - NED15360300004,08-10-2022 12:12,Verified,6SL3951-6RC10-0BA0,N-ED153603-00004,JSW Steel Ltd.,"IN-Bellary-P.O. Vidyanagar,",GL150 CU
IB-8827273,1PQ4502-6CM90-Z - N-DD1399040020003,08-10-2022 12:13,Verified,1PQ4502-6CM90-Z,N-DD1399040020003,JSW Steel Ltd.,"IN-Bellary-P.O. Vidyanagar,",Motors HV H-compact (Non-Ex)
IB-8827280,1PQ4500-6CM90-Z - EN61418307020001,08-10-2022 12:13,Verified,1PQ4500-6CM90-Z,EN61418307020001,JSW Steel Ltd.,"IN-Bellary-P.O. Vidyanagar,",Motors HV H-compact (Non-Ex)
IB-8827281,1PQ4500-6CM90-Z - EN61418307020002,08-10-2022 12:13,Verified,1PQ4500-6CM90-Z,EN61418307020002,JSW Steel Ltd.,"IN-Bellary-P.O. Vidyanagar,",Motors HV H-compact (Non-Ex)
IB-8827282,1PQ4500-6CM90-Z - EN61418307020003,08-10-2022 12:13,Verified,1PQ4500-6CM90-Z,EN61418307020003,JSW Steel Ltd.,"IN-Bellary-P.O. Vidyanagar,",Motors HV H-compact (Non-Ex)
IB-8827274,1PQ4500-6CM90-Z - DN1399040015002,08-10-2022 12:13,Verified,1PQ4500-6CM90-Z,DN1399040015002,JSW Steel Ltd.,"IN-Bellary-P.O. Vidyanagar,",Motors HV H-compact (Non-Ex)
IB-8827270,1PQ4500-6CM90-Z - DN1399040015001,08-10-2022 12:13,Verified,1PQ4500-6CM90-Z,DN1399040015001,JSW Steel Ltd.,"IN-Bellary-P.O. Vidyanagar,",Motors HV H-compact (Non-Ex)
IB-8827271,1PQ4500-6CM90-Z - DN1399040015003,08-10-2022 12:13,Verified,1PQ4500-6CM90-Z,DN1399040015003,JSW Steel Ltd.,"IN-Bellary-P.O. Vidyanagar,",Motors HV H-compact (Non-Ex)
IB-8827267,1PQ4500-6CM00-Z - DN1399040010001,08-10-2022 12:14,Verified,1PQ4500-6CM00-Z,DN1399040010001,JSW Steel Ltd.,"IN-Bellary-P.O. Vidyanagar,",Motors HV H-compact (Non-Ex)
IB-8827244,1PQ4500-6CM00-Z - N-V01205829030001,08-10-2022 12:14,Verified,1PQ4500-6CM00-Z,N-V01205829030001,JSW Steel Ltd.,"IN-Bellary-P.O. Vidyanagar,",Motors HV H-compact (Non-Ex)
IB-8827245,1PQ4500-6CM00-Z - N-V01205829030002,08-10-2022 12:14,Verified,1PQ4500-6CM00-Z,N-V01205829030002,JSW Steel Ltd.,"IN-Bellary-P.O. Vidyanagar,",Motors HV H-compact (Non-Ex)
IB-8827246,1PQ4500-6CM00-Z - N-V01205829030003,08-10-2022 12:14,Verified,1PQ4500-6CM00-Z,N-V01205829030003,JSW Steel Ltd.,"IN-Bellary-P.O. Vidyanagar,",Motors HV H-compact (Non-Ex)
IB-8827247,1PQ4500-6CM00-Z - N-V01205829030004,08-10-2022 12:14,Verified,1PQ4500-6CM00-Z,N-V01205829030004,JSW Steel Ltd.,"IN-Bellary-P.O. Vidyanagar,",Motors HV H-compact (Non-Ex)
IB-8827248,1PQ4500-6CM00-Z - N-V01205831010001,08-10-2022 12:14,Verified,1PQ4500-6CM00-Z,N-V01205831010001,JSW Steel Ltd.,"IN-Bellary-P.O. Vidyanagar,",Motors HV H-compact (Non-Ex)
IB-8827249,1PQ4500-6CM00-Z - N-V01205831010002,08-10-2022 12:14,Verified,1PQ4500-6CM00-Z,N-V01205831010002,JSW Steel Ltd.,"IN-Bellary-P.O. Vidyanagar,",Motors HV H-compact (Non-Ex)
IB-8827250,1PQ4500-6CM00-Z - N-V01205831010003,08-10-2022 12:14,Verified,1PQ4500-6CM00-Z,N-V01205831010003,JSW Steel Ltd.,"IN-Bellary-P.O. Vidyanagar,",Motors HV H-compact (Non-Ex)
IB-8827251,1PQ4500-6CM00-Z - N-V01205831010004,08-10-2022 12:14,Verified,1PQ4500-6CM00-Z,N-V01205831010004,JSW Steel Ltd.,"IN-Bellary-P.O. Vidyanagar,",Motors HV H-compact (Non-Ex)
IB-8827252,1PQ4500-6CM00-Z - N-V01205831010005,08-10-2022 12:14,Verified,1PQ4500-6CM00-Z,N-V01205831010005,JSW Steel Ltd.,"IN-Bellary-P.O. Vidyanagar,",Motors HV H-compact (Non-Ex)
IB-7638190,1TM3633-4BE03 - D7533400101,08-10-2022 12:19,Verified,1TM3633-4BE03,D7533400101,Essar Steel India Ltd.,"IN-Pune-Gat No. 437 & 442 Golechiwadi Ambi Nigade Rd.,  MIDC Talegao",Motors HV Others
IB-8859215,6SR3502-6HE37-5BH0 - Z831501002665,08-10-2022 12:20,Verified,6SR3502-6HB37-5BH0,Z8-31501002-665,B L A Power Pvt. Ltd.,"IN-Narsinghpur-Village Newari, Khursipar","PH GH180, air cooled"
IB-8859216,6SR3502-6HE37-5BH0 - Z831501002664,08-10-2022 12:20,Verified,6SR3502-6HB37-5BH0,Z8-31501002-664,B L A Power Pvt. Ltd.,"IN-Narsinghpur-Village Newari, Khursipar","PH GH180, air cooled"
IB-8859217,6SR3502-6HE37-5BH0 - Z831501002663,08-10-2022 12:20,Verified,6SR3502-6HB37-5BH0,Z8-31501002-663,B L A Power Pvt. Ltd.,"IN-Narsinghpur-Village Newari, Khursipar","PH GH180, air cooled"
IB-8859218,6SR3502-6HE37-5BH0 - Z831501002662,08-10-2022 12:20,Verified,6SR3502-6HB37-5BH0,Z8-31501002-662,B L A Power Pvt. Ltd.,"IN-Narsinghpur-Village Newari, Khursipar","PH GH180, air cooled"
IB-8859285,A5E35046853 - STB10W0150-PHMVD,08-10-2022 12:20,Verified,A5E35046853,STB10W0150-PHMVD,CESC Ltd.,IN-Pujali-24 Parganas (South),"PH GH180, air cooled"
IB-8859284,A5E34639308 - STB10W0146-PHMVD,08-10-2022 12:20,Verified,A5E34639308,STB10W0146-PHMVD,CESC Ltd.,IN-Pujali-24 Parganas (South),"PH GH180, air cooled"
IB-8859283,A5E35033223 - STB10W0147-PHMVD,08-10-2022 12:20,Verified,A5E35033223,STB10W0147-PHMVD,CESC Ltd.,IN-Pujali-24 Parganas (South),"PH GH180, air cooled"
IB-8859282,A5E34639536 - STB10W0148-PHMVD,08-10-2022 12:20,Verified,A5E34639536,STB10W0148-PHMVD,CESC Ltd.,IN-Pujali-24 Parganas (South),"PH GH180, air cooled"
IB-8859281,A5E35033230 - STB10W0149-PHMVD,08-10-2022 12:20,Verified,A5E35033230,STB10W0149-PHMVD,CESC Ltd.,IN-Pujali-24 Parganas (South),"PH GH180, air cooled"
IB-8859280,A5E35033262 - STB10W0151-PHMVD,08-10-2022 12:20,Verified,A5E35033262,STB10W0151-PHMVD,CESC Ltd.,IN-Pujali-24 Parganas (South),"PH GH180, air cooled"
IB-8859274,A5E35033191 - STB-1F0166-PH-MVD,08-10-2022 12:20,Verified,A5E35033191,STB-1F0166-PH-MVD,Reliance Industries Ltd.,IN-Bharuch-Dahej Manufacturing Division,"PH GH180, air cooled"
IB-8859275,A5E35033191 - STB-1F0165-PH-MVD,08-10-2022 12:20,Verified,A5E35033191,STB-1F0165-PH-MVD,Reliance Industries Ltd.,IN-Bharuch-Dahej Manufacturing Division,"PH GH180, air cooled"
IB-8859276,A5E35033191 - STB-1F0164-PH-MVD,08-10-2022 12:20,Verified,A5E35033191,STB-1F0164-PH-MVD,Reliance Industries Ltd.,IN-Bharuch-Dahej Manufacturing Division,"PH GH180, air cooled"
IB-8859263,A5E33996959 - STB07W0132-PH-MVD,08-10-2022 12:20,Verified,A5E33996959,STB07W0132-PH-MVD,Ultratech Cement Ltd.,"IN-Chandrapur-Awarpur Cement Works Tal - Korpana,","PH GH180, air cooled"
IB-8859262,A5E33901666 - STB06W0120-PH-MVD,08-10-2022 12:20,Verified,A5E33901666,STB06W0120-PH-MVD,Kalyani Steels Ltd.,IN-Koppal-Hospet Rd. Ginigera,"PH GH180, air cooled"
IB-8859261,A5E33902815 - STB06W0121-PH-MVD,08-10-2022 12:20,Verified,A5E33902815,STB06W0121-PH-MVD,Kalyani Steels Ltd.,IN-Koppal-Hospet Rd. Ginigera,"PH GH180, air cooled"
IB-8859259,A5E33701462 - STB07W0125-PH-MVD,08-10-2022 12:20,Verified,A5E33701462,STB07W0125-PH-MVD,Indian Oil Corporation Ltd.,"IN-Haldia-Pipeline Division , PHBPL Village:","PH GH180, air cooled"
IB-8859258,A5E33701509 - STB07W0126-PH-MVD,08-10-2022 12:20,Verified,A5E33701509,STB07W0126-PH-MVD,Indian Oil Corporation Ltd.,"IN-Haldia-Pipeline Division , PHBPL Village:","PH GH180, air cooled"
IB-8859257,A5E33701510 - STB07W0127-PH-MVD,08-10-2022 12:20,Verified,A5E33701510,STB07W0127-PH-MVD,Indian Oil Corporation Ltd.,"IN-Haldia-Pipeline Division , PHBPL Village:","PH GH180, air cooled"
IB-8859251,A5E33394837 - STB03W0099-PH-MVD,08-10-2022 12:20,Verified,A5E33394837,STB03W0099-PH-MVD,Hindustan Zinc Ltd.,"IN-Rajsamand-Dariba Smelter Complex, Rajpura Dariba Mines","PH GH180, air cooled"
IB-8859250,A5E33395205 - STB03W0100-PH-MVD,08-10-2022 12:20,Verified,A5E33395205,STB03W0100-PH-MVD,Hindustan Zinc Ltd.,"IN-Rajsamand-Dariba Smelter Complex, Rajpura Dariba Mines","PH GH180, air cooled"
IB-8859249,A5E33395286 - STB03W0101-PH-MVD,08-10-2022 12:20,Verified,A5E33395286,STB03W0101-PH-MVD,Hindustan Zinc Ltd.,"IN-Rajsamand-Dariba Smelter Complex, Rajpura Dariba Mines","PH GH180, air cooled"
IB-8859248,A5E33395367 - STB03W0102-PH-MVD,08-10-2022 12:20,Verified,A5E33395367,STB03W0102-PH-MVD,Hindustan Zinc Ltd.,"IN-Rajsamand-Dariba Smelter Complex, Rajpura Dariba Mines","PH GH180, air cooled"
IB-8859247,A5E33395374 - STB03W0103-PH-MVD,08-10-2022 12:20,Verified,A5E33395374,STB03W0103-PH-MVD,Hindustan Zinc Ltd.,"IN-Rajsamand-Dariba Smelter Complex, Rajpura Dariba Mines","PH GH180, air cooled"
IB-8859243,6SR3802-6HC41-2BH0 - STB02W0088-PH-MVD,08-10-2022 12:20,Verified,6SR3802-6HC41-2BH0,STB02W0088-PH-MVD,JSW Steel Ltd.,"IN-Salem-Mecheri, Pottaneri Post M Kalipatti Village Mettur Taluk","PH GH180, air cooled"
IB-8859240,6SR3802-6HE42-5BH0 - STB01W0082-PH-MVD,08-10-2022 12:20,Verified,6SR3802-6HE42-5BH0,STB01W0082-PH-MVD,J. K. Cement Ltd.,"IN-Chittorgarh-Kailash Nagar - 1, Nimbahera","PH GH180, air cooled"
IB-8859234,A5E32369073 - STB12V0079-PH-MVD,08-10-2022 12:20,Verified,A5E32369073,STB12V0079-PH-MVD,Monnet Ispat Ltd.,"IN-Raigarh-Village-Naharpalli, Tehsil-Kharsia","PH GH180, air cooled"
IB-8859233,A5E32369039 - STB11V0073-PH-MVD,08-10-2022 12:20,Verified,A5E32369039,STB11V0073-PH-MVD,Monnet Ispat Ltd.,"IN-Raigarh-Village-Naharpalli, Tehsil-Kharsia","PH GH180, air cooled"
IB-8859232,A5E32368907 - STB11V0074-PH-MVD,08-10-2022 12:20,Verified,A5E32368907,STB11V0074-PH-MVD,Monnet Ispat Ltd.,"IN-Raigarh-Village-Naharpalli, Tehsil-Kharsia","PH GH180, air cooled"
IB-8859226,A5E32881878 - STB12V0077-PH-MVD,08-10-2022 12:20,Verified,A5E32881878,STB12V0077-PH-MVD,Godawari Green Energy Ltd.,"IN-Jaisalmer-Village Nokh, Tehsil Pokhran","PH GH180, air cooled"
IB-8859225,A5E32881947 - STB12V0078-PH-MVD,08-10-2022 12:20,Verified,A5E32881947,STB12V0078-PH-MVD,Godawari Green Energy Ltd.,"IN-Jaisalmer-Village Nokh, Tehsil Pokhran","PH GH180, air cooled"
IB-8859224,A5E32683925 - STB11V0069-PH-MVD,08-10-2022 12:20,Verified,A5E32683925,STB11V0069-PH-MVD,CESC Ltd.,"IN-Kolkata-CESC House, Chowringhee Square","PH GH180, air cooled"
IB-8859223,A5E32683930 - STB11V0070-PH-MVD,08-10-2022 12:20,Verified,A5E32683930,STB11V0070-PH-MVD,CESC Ltd.,"IN-Kolkata-CESC House, Chowringhee Square","PH GH180, air cooled"
IB-8859221,A5E32683935 - STB10V0067-PH-MVD,08-10-2022 12:20,Verified,A5E32683935,STB10V0067-PH-MVD,CESC Ltd.,"IN-Kolkata-CESC House, Chowringhee Square","PH GH180, air cooled"
IB-8859206,A5E31736574 - STB03V0033-PH-MVD,08-10-2022 12:20,Verified,A5E31736574,STB03V0033-PH-MVD,JINDAL STEEL LIMITED,"IN-Angul-Jindal Nagar, Village-Nisha, State","PH GH180, air cooled"
IB-8859204,A5E31257320 - STB12U0027-PH-MVD,08-10-2022 12:20,Verified,A5E31257320,STB12U0027-PH-MVD,Tata Steel Ltd.,"IN-Jajpur-Block-2, General Admin Office Kalinga Nagar Indl. Complex","PH GH180, air cooled"
IB-8859187,A5E03815729 - STB-2F0178-PH-MVD,08-10-2022 12:20,Verified,A5E03815729,STB-2F0178-PH-MVD,Pro Minerals Pvt. Ltd.,"IN-Kendujhar-Village Basantpur, Teshsil Barbil, Dabuna","PH GH180, air cooled"
IB-8859186,A5E03815728 - STB-08U0023-PH-MVD,08-10-2022 12:20,Verified,A5E03815728,STB-08U0023-PH-MVD,Pro Minerals Pvt. Ltd.,"IN-Kendujhar-Village Basantpur, Teshsil Barbil, Dabuna","PH GH180, air cooled"
IB-8859185,A5E03815868 - STB-08U0021-PH-MVD,08-10-2022 12:20,Verified,A5E03815868,STB-08U0021-PH-MVD,Pro Minerals Pvt. Ltd.,"IN-Kendujhar-Village Basantpur, Teshsil Barbil, Dabuna","PH GH180, air cooled"
IB-8853620,A5E31352692 - STB02V0029-PH-MVD,08-10-2022 12:20,Verified,A5E31352692,STB02V0029-PH-MVD,Godawari Power and Ispat Ltd.,"IN-Raipur-Plot No.428/2, Phase I, Indl. Area, Siltara","PH GH180, air cooled"
IB-8859244,6SR3802-7HG43-0BH0 - STB03W0097-PH-MVD,08-10-2022 12:20,Verified,6SR3802-7HG43-0BH0,STB03W0097-PH-MVD,NMDC Ltd.,IN-Bastar-Nmdc Iron & Steel Plant,"PH GH180, air cooled"
IB-8859245,6SR3802-7HG43-0BH0 - STB03W0096-PH-MVD,08-10-2022 12:20,Verified,6SR3802-7HG43-0BH0,STB03W0096-PH-MVD,NMDC Ltd.,IN-Bastar-Nmdc Iron & Steel Plant,"PH GH180, air cooled"
IB-8859246,6SR3802-7HG43-0BH0 - STB03W0095-PH-MVD,08-10-2022 12:20,Verified,6SR3802-7HG43-0BH0,STB03W0095-PH-MVD,NMDC Ltd.,IN-Bastar-Nmdc Iron & Steel Plant,"PH GH180, air cooled"
IB-9008487,6SR3802-6HB37-0BH0 - STB4F0188PHMVD,08-10-2022 12:20,Verified,6SR3802-6HB37-0BH0,STB4F0188PHMVD,Kamachi Industries Ltd.,"IN-Gummidipoondi-Survey No. 86, 115-119,123","PH GH180, air cooled"
IB-9008488,6SR3802-6HB37-0BH0 - STB4F0187PHMVD,08-10-2022 12:20,Verified,6SR3802-6HB37-0BH0,STB4F0187PHMVD,Kamachi Industries Ltd.,"IN-Gummidipoondi-Survey No. 86, 115-119,123","PH GH180, air cooled"
IB-9008489,6SR3802-6HB37-0BH0 - STB06W0115PHMVD,08-10-2022 12:20,Verified,6SR3802-6HB37-0BH0,STB06W0115PHMVD,Kamachi Industries Ltd.,"IN-Gummidipoondi-Survey No. 86, 115-119,123","PH GH180, air cooled"
IB-9008490,6SR3802-6HB37-0BH0 - STB06W0113PHMVD,08-10-2022 12:20,Verified,6SR3802-6HB37-0BH0,STB06W0113PHMVD,Kamachi Industries Ltd.,"IN-Gummidipoondi-Survey No. 86, 115-119,123","PH GH180, air cooled"
IB-9036233,6SR3802-6HB36-0BH0 - STB09W0145-PH-MVD,08-10-2022 12:20,Verified,6SR3802-6HB36-0BH0,STB09W0145-PH-MVD,Ambuja Cements Ltd.,"IN-Murshidabad-Village Kendua, PO Srimantapur PS-Farakka,","PH GH180, air cooled"
IB-9174829,6SR3802-6HB36-0BH0 - STB02T0005-PH-MVD,08-10-2022 12:20,Verified,6SR3802-6HB36-0BH0,STB02T0005-PH-MVD,Hindustan Petroleum Corporation Ltd.,"IN-Visakhapatnam-HPCL, Viskha Refinery, PB # 15,","PH GH180, air cooled"
IB-8986543,6SR3502-7NJ45-7BH0 - 31501000460,08-10-2022 12:20,Verified,6SR3502-7NJ45-7BH0,31501000460,Mahan Energen Ltd.,"IN-Singrauli-Village- Bhandora, P.O. Karsualal,","PH GH180, air cooled"
IB-8986545,6SR3502-7NJ45-7BH0 - 31501000458,08-10-2022 12:20,Verified,6SR3502-7NJ45-7BH0,31501000458,Mahan Energen Ltd.,"IN-Singrauli-Village- Bhandora, P.O. Karsualal,","PH GH180, air cooled"
IB-8907239,6SR3502-7NJ45-7BH0 - 31501000464,08-10-2022 12:20,Verified,6SR3502-7NJ45-7BH0,31501000464,Essar Power Gujarat Ltd.,"IN-Jamnagar-44 Km, Jamnagar Okha Highway, Khambhaliya,","PH GH180, air cooled"
IB-8907348,6SR3502-7NJ45-7BH0 - 31501000462,08-10-2022 12:20,Verified,6SR3502-7NJ45-7BH0,31501000462,Essar Power Gujarat Ltd.,"IN-Jamnagar-44 Km, Jamnagar Okha Highway, Khambhaliya,","PH GH180, air cooled"
IB-9334081,6SR3502-7NJ45-7BH0 - 31501000461,08-10-2022 12:20,Verified,6SR3502-7NJ45-7BH0,31501000461,Mahan Energen Ltd.,IN-Waidhan-Near Rajmata Chunkumari Stadium Thana Rd.,"PH GH180, air cooled"
IB-8859241,6SR3802-6HE42-0BH0 - STB01W0081-PH-MVD,08-10-2022 12:20,Verified,6SR3802-6HE42-0BH0,STB01W0081-PH-MVD,J. K. Cement Ltd.,"IN-Chittorgarh-Mangrol, Tehsil Nimbahera","PH GH180, air cooled"
IB-8859242,6SR3802-6HE42-0BH0 - STB01W0080-PH-MVD,08-10-2022 12:20,Verified,6SR3802-6HE42-0BH0,STB01W0080-PH-MVD,J. K. Cement Ltd.,"IN-Chittorgarh-Mangrol, Tehsil Nimbahera","PH GH180, air cooled"
IB-8859260,6SR3802-6HE42-0BH0 - STB07W0122-PH-MVD,08-10-2022 12:20,Verified,6SR3802-6HE42-0BH0,STB07W0122-PH-MVD,Hindustan Zinc Ltd.,"IN-Rajsamand-Sindesar Khurd Mines, Po Dariba Mana","PH GH180, air cooled"
IB-9006302,1DE5532-9HC79-Z - N-5002636020001,08-10-2022 12:20,Verified,1DE5532-9HC79-Z,N-5002636020001,Bharat Oman Refineries Ltd.,"IN-Bina Etawa-Village Dehri, District Sagar Bina Mungawali Rd.","Motors HV VEM (Siemens labeled, sync.)"
IB-9008491,6SR3802-6HB35-0BH0 - STB05W0105PHMVD,08-10-2022 12:20,Verified,6SR3802-6HB35-0BH0,STB05W0105PHMVD,Kamachi Industries Ltd.,"IN-Gummidipoondi-Survey No. 86, 115-119,123","PH GH180, air cooled"
IB-9008492,6SR3802-6HB35-0BH0 - STB05W0107PHMVD,08-10-2022 12:20,Verified,6SR3802-6HB35-0BH0,STB05W0107PHMVD,Kamachi Industries Ltd.,"IN-Gummidipoondi-Survey No. 86, 115-119,123","PH GH180, air cooled"
IB-9008493,6SR3802-6HB35-0BH0 - STB05W0106PHMVD,08-10-2022 12:20,Verified,6SR3802-6HB35-0BH0,STB05W0106PHMVD,Kamachi Industries Ltd.,"IN-Gummidipoondi-Survey No. 86, 115-119,123","PH GH180, air cooled"
IB-9008494,6SR3802-6HB35-0BH0 - STB05W0108PHMVD,08-10-2022 12:20,Verified,6SR3802-6HB35-0BH0,STB05W0108PHMVD,Kamachi Industries Ltd.,"IN-Gummidipoondi-Survey No. 86, 115-119,123","PH GH180, air cooled"
IB-9008495,6SR3802-6HB34-0BH0 - STB06W0118PHMVD,08-10-2022 12:20,Verified,6SR3802-6HB34-0BH0,STB06W0118PHMVD,Kamachi Industries Ltd.,"IN-Gummidipoondi-Survey No. 86, 115-119,123","PH GH180, air cooled"
IB-9008496,6SR3802-6HB34-0BH0 - STB06W0119PHMVD,08-10-2022 12:20,Verified,6SR3802-6HB34-0BH0,STB06W0119PHMVD,Kamachi Industries Ltd.,"IN-Gummidipoondi-Survey No. 86, 115-119,123","PH GH180, air cooled"
IB-9014536,1RQ1454-2JA90-Z - 3002865726100001,08-10-2022 12:20,Verified,1RQ1454-2JA90-Z,3002865726100001,Wellknown Polyesters Ltd.,"IN-Daman-Plot No.210 / 3, 213 / 2 To 213/4, Dabhel Indl. Co-Op Society, Nani","Motors HV A-compact+ (async., Non-Ex)"
IB-9014537,1RQ1454-2JA90-Z - 3002851331100004,08-10-2022 12:20,Verified,1RQ1454-2JA90-Z,3002851331100004,Wellknown Polyesters Ltd.,"IN-Daman-Plot No.210 / 3, 213 / 2 To 213/4, Dabhel Indl. Co-Op Society, Nani","Motors HV A-compact+ (async., Non-Ex)"
IB-9014538,1RQ1454-2JA90-Z - 3002830567100001,08-10-2022 12:20,Verified,1RQ1454-2JA90-Z,3002830567100001,Wellknown Polyesters Ltd.,"IN-Daman-Plot No.210 / 3, 213 / 2 To 213/4, Dabhel Indl. Co-Op Society, Nani","Motors HV A-compact+ (async., Non-Ex)"
IB-9014539,1RQ1454-2JA90-Z - 3002830648100002,08-10-2022 12:20,Verified,1RQ1454-2JA90-Z,3002830648100002,Wellknown Polyesters Ltd.,"IN-Daman-Plot No.210 / 3, 213 / 2 To 213/4, Dabhel Indl. Co-Op Society, Nani","Motors HV A-compact+ (async., Non-Ex)"
IB-9014540,1RQ1454-2JA90-Z - 3002830741100001,08-10-2022 12:20,Verified,1RQ1454-2JA90-Z,3002830741100001,Wellknown Polyesters Ltd.,"IN-Daman-Plot No.210 / 3, 213 / 2 To 213/4, Dabhel Indl. Co-Op Society, Nani","Motors HV A-compact+ (async., Non-Ex)"
IB-9458934,6SR3802-6HE42-5BH0-Z - STB0F0204PHG32250,08-10-2022 12:20,Verified,6SR3802-6HE42-5BH0-Z,STB0F0204PHG32250,My Home Industries Pvt. Ltd.,"IN-Hyderabad-9th Floor, 3rd Block, Myhome Hub, Madhapur","PH GH180, air cooled"
IB-8853582,6SR3502-6HD41-4BH0 - 31501001610,08-10-2022 12:20,Verified,6SR3502-6HD41-4BH0,31501001610,Nuvoco Vistas Corporation Ltd.,"IN-Chittorgarh-Bhawalia, Nimbahera","PH GH180, air cooled"
IB-8859198,6SR3502-6HD41-4BH0 - 31501002486,08-10-2022 12:20,Verified,6SR3502-6HD41-4BH0,31501002486,Tata Steel Ltd.,"IN-Jajpur-Block-2, General Admin Office Kalinga Nagar Indl. Complex","PH GH180, air cooled"
IB-8859199,6SR3502-6HD41-4BH0 - 31501002485,08-10-2022 12:20,Verified,6SR3502-6HD41-4BH0,31501002485,Tata Steel Ltd.,"IN-Jajpur-Block-2, General Admin Office Kalinga Nagar Indl. Complex","PH GH180, air cooled"
IB-8859200,6SR3502-6HD41-4BH0 - 31501002484,08-10-2022 12:20,Verified,6SR3502-6HD41-4BH0,31501002484,Tata Steel Ltd.,"IN-Jajpur-Block-2, General Admin Office Kalinga Nagar Indl. Complex","PH GH180, air cooled"
IB-8859201,6SR3502-6HD41-4BH0 - 31501002483,08-10-2022 12:20,Verified,6SR3502-6HD41-4BH0,31501002483,Tata Steel Ltd.,"IN-Jajpur-Block-2, General Admin Office Kalinga Nagar Indl. Complex","PH GH180, air cooled"
IB-8859202,6SR3502-6HD41-4BH0 - 31501002482,08-10-2022 12:20,Verified,6SR3502-6HD41-4BH0,31501002482,Tata Steel Ltd.,"IN-Jajpur-Block-2, General Admin Office Kalinga Nagar Indl. Complex","PH GH180, air cooled"
IB-9033120,6SR3102-7HG42-5BH0 - STB05V0039-PH-MVD,08-10-2022 12:20,Verified,6SR3102-7HG42-5BH0,STB05V0039-PH-MVD,ACC Ltd.,IN-Bilaspur-Gagal Cement Works P O Barmana,"PH GH180, air cooled"
IB-9033117,6SR3802-6HF42-7BH0 - STB7F0197-PHG32250,08-10-2022 12:20,Verified,6SR3802-6HF42-7BH0,STB7F0197-PHG32250,Ambuja Cements Ltd.,"IN-Solan-PO Darlaghat, Arki Tehsil","PH GH180, air cooled"
IB-9041255,6SR3802-6HD41-5BH0 - STB03W0094PH-MVD,08-10-2022 12:20,Verified,6SR3802-6HD41-5BH0,STB03W0094PH-MVD,Oil And Natural Gas Corporation Ltd.,IN-Mumbai-Vasundhara Bhawan Bandra (East),"PH GH180, air cooled"
IB-8859267,6SR3802-6HD41-5BH0 - STB-2F0173-PH-MVD,08-10-2022 12:20,Verified,6SR3802-6HD41-5BH0,STB-2F0173-PH-MVD,Reliance Industries Ltd.,IN-Bharuch-Dahej Manufacturing Division,"PH GH180, air cooled"
IB-8859268,6SR3802-6HD41-5BH0 - STB-2F0172-PH-MVD,08-10-2022 12:20,Verified,6SR3802-6HD41-5BH0,STB-2F0172-PH-MVD,Reliance Industries Ltd.,IN-Bharuch-Dahej Manufacturing Division,"PH GH180, air cooled"
IB-8859269,6SR3802-6HD41-5BH0 - STB-1F0171-PH-MVD,08-10-2022 12:20,Verified,6SR3802-6HD41-5BH0,STB-1F0171-PH-MVD,Reliance Industries Ltd.,IN-Bharuch-Dahej Manufacturing Division,"PH GH180, air cooled"
IB-8859270,6SR3802-6HD41-5BH0 - STB-1F0170-PH-MVD,08-10-2022 12:20,Verified,6SR3802-6HD41-5BH0,STB-1F0170-PH-MVD,Reliance Industries Ltd.,IN-Bharuch-Dahej Manufacturing Division,"PH GH180, air cooled"
IB-8859271,6SR3802-6HD41-5BH0 - STB-1F0169-PH-MVD,08-10-2022 12:20,Verified,6SR3802-6HD41-5BH0,STB-1F0169-PH-MVD,Reliance Industries Ltd.,IN-Bharuch-Dahej Manufacturing Division,"PH GH180, air cooled"
IB-8859272,6SR3802-6HD41-5BH0 - STB-1F0168-PH-MVD,08-10-2022 12:20,Verified,6SR3802-6HD41-5BH0,STB-1F0168-PH-MVD,Reliance Industries Ltd.,IN-Bharuch-Dahej Manufacturing Division,"PH GH180, air cooled"
IB-9049918,6SR3802-7NJ44-5BH0 - STB09V0061PHMVD,08-10-2022 12:20,Verified,6SR3802-7NJ44-5BH0,STB09V0061PHMVD,RCCPL Pvt. Ltd.,"IN-Satna-Village Bharauli, Post Itahara Tehsil - Maihar","PH GH180, air cooled"
IB-8859211,6SR3802-7NJ44-5BH0 - STB09V0060-PH-MVD,08-10-2022 12:20,Verified,6SR3802-7NJ44-5BH0,STB09V0060-PH-MVD,RCCPL Pvt. Ltd.,"IN-Satna-Village Bharauli, Post Itahara Tehsil - Maihar","PH GH180, air cooled"
IB-9169621,6SR3802-6HE42-5BH0 - 3002236071/100,08-10-2022 12:20,Verified,6SR3802-6HE42-5BH0,3002236071/100,Bharat Petroleum Corporation Ltd.,"IN-Mumbai-Bharat Petroleum Refinery,","PH GH180, air cooled"
IB-9277988,6SR3802-6HE42-5BH0 - STB2G0002PHG43000,08-10-2022 12:20,Verified,6SR3802-6HE42-5BH0,STB2G0002PHG43000,J. K. Cement Ltd.,"IN-Chittorgarh-Village Mangrol, Tehsil Nimbaher","PH GH180, air cooled"
IB-8859208,6SR3802-6HE42-5BH0 - STB06V0040-PH-MVD,08-10-2022 12:20,Verified,6SR3802-6HE42-5BH0,STB06V0040-PH-MVD,NMDC Ltd.,"IN-Bellary-Donimalai Iron Ore Mine,","PH GH180, air cooled"
IB-8859273,6SR3802-6HD41-0BH0 - STB-1F0167-PH-MVD,08-10-2022 12:21,Verified,6SR3802-6HD41-0BH0,STB-1F0167-PH-MVD,Reliance Industries Ltd.,IN-Bharuch-Dahej Manufacturing Division,"PH GH180, air cooled"
IB-8859278,6SR3802-6HD41-0BH0 - STB-1F0162-PH-MVD,08-10-2022 12:21,Verified,6SR3802-6HD41-0BH0,STB-1F0162-PH-MVD,Reliance Industries Ltd.,IN-Bharuch-Dahej Manufacturing Division,"PH GH180, air cooled"
IB-9331884,AHSK-500LM-84A - 5126497,08-10-2022 12:21,Verified,AHSK-500LM-84A,5126497,MCC PTA India Corp Pvt Ltd,"IN-Haldia, West Bengal-4th Floor,, 22, Camac St, Block C",Motors HV Loher Vario (Ex)
IB-10894426,1RQ14542JA90Z - 30028645726-100-001,08-10-2022 12:21,Verified,1RQ14542JA90Z,30028645726-100-001,Atlas Copco Compressor Sales,IN-Mumbai-Mahatma Gandhi Memorial Bldg.,"Motors HV A-compact+ (async., Non-Ex)"
IB-6657519,1PS4405-2BJ90-4BA0-Z - 5154063,08-10-2022 12:21,Verified,1PS4405-2BJ90-4BA0-Z,5154063,Reliance Petroleum Ltd.,IN-Jamanagar-Unit At Jamanagar SEZ Village Meghapar/Padana,Motors HV Loher Vario (Ex flameproof)
IB-7174843,6SR3802-7NG43-5BH0 - STB09V0059-PH-MVD,08-10-2022 12:23,Verified,6SR3802-7NG43-5BH0,STB09V0059-PH-MVD,RCCPL Pvt. Ltd.,"IN-Satna-Village Bharauli, Post Itahara Tehsil - Maihar","PH GH180, air cooled"
IB-7175579,6SR3802-6NF42-7BH0 - STB08V0056-PH-MVD,08-10-2022 12:23,Verified,6SR3802-6NF42-7BH0,STB08V0056-PH-MVD,RCCPL Pvt. Ltd.,"IN-Satna-Village Bharauli, Post Itahara Tehsil - Maihar","PH GH180, air cooled"
IB-7040101,6SD2810-0UJ43-2BB0-Z-N-T906492500022,08-10-2022 12:23,Verified,6SD2810-0UJ43-2BB0-Z,N-T906492500022,Bhushan Power & Steel Ltd.,IN-Orissa-Tahasil Rengali,SIMOVERT D
IB-7040102,6SD2810-0UJ43-2BB0-Z-N-T906492500024,08-10-2022 12:23,Verified,6SD2810-0UJ43-2BB0-Z,N-T906492500024,Bhushan Power & Steel Ltd.,IN-Orissa-Tahasil Rengali,SIMOVERT D
IB-7175507,31800003 - HG804678,08-10-2022 12:23,Verified,31800003,HG804678,Hindustan Petroleum Corporation Ltd.,IN-Jaipur-D-7 Lal Bahadur Nagar(E) JLN Marg.,"PH GH180, air cooled"
IB-7174756,102839931 -  STB11S0003-PH-MVD,08-10-2022 12:23,Verified,102839931,STB11S0003-PH-MVD,Mangalore Refinery and Petrochemicals Ltd.,"IN-Mangalore-Mudapadav, Kuthethoor P.O,","PH GH180, air cooled"
IB-6665376,1LA4402-6AN70 - ITC/PSPD/MOT/084,08-10-2022 12:25,Verified,1LA4402-6AN70,ITC/PSPD/MOT/084,ITC Ltd.,"IN-Bhadrachalam-PO. No.4, Sarapaka Village",Motors HV H-compact (Non-Ex)
IB-6166795,1PQ4502-6CM00-Z - BAN_JSW_1PQ4_2,08-10-2022 13:34,Verified,1PQ4502-6CM00-Z,BAN_JSW_1PQ4_2,JSW Steel Ltd.,"IN-Bellary-P.O. Vidyanagar,",Motors HV H-compact (Non-Ex)
IB-6120768,1LA4354-4AN70-Z - BAN_JSW_1LA4_7,08-10-2022 13:34,Verified,1LA4354-4AN70-Z,BAN_JSW_1LA4_7,JSW Steel Ltd.,"IN-Bellary-P.O. Vidyanagar,",Motors HV H-compact (Non-Ex)
IB-6031839,1LA4354-4AN70-Z - BAN_JSW_1LA4_10,08-10-2022 13:34,Verified,1LA4354-4AN70-Z,BAN_JSW_1LA4_10,JSW Steel Ltd.,"IN-Bellary-P.O. Vidyanagar,",Motors HV H-compact (Non-Ex)
IB-6041914,1LA4354-4AN70-Z - BAN_JSW_1LA4_8,08-10-2022 13:34,Verified,1LA4354-4AN70-Z,BAN_JSW_1LA4_8,JSW Steel Ltd.,"IN-Bellary-P.O. Vidyanagar,",Motors HV H-compact (Non-Ex)
IB-6036877,1LA4354-4AN70-Z - BAN_JSW_1LA4_9,08-10-2022 13:34,Verified,1LA4354-4AN70-Z,BAN_JSW_1LA4_9,JSW Steel Ltd.,"IN-Bellary-P.O. Vidyanagar,",Motors HV H-compact (Non-Ex)
IB-6164036,1LA4354-4AN70-Z - BAN_JSW_1LA4_5,08-10-2022 13:34,Verified,1LA4354-4AN70-Z,BAN_JSW_1LA4_5,JSW Steel Ltd.,"IN-Bellary-P.O. Vidyanagar,",Motors HV H-compact (Non-Ex)
IB-6164037,1LA4354-4AN70-Z - BAN_JSW_1LA4_4,08-10-2022 13:34,Verified,1LA4354-4AN70-Z,BAN_JSW_1LA4_4,JSW Steel Ltd.,"IN-Bellary-P.O. Vidyanagar,",Motors HV H-compact (Non-Ex)
IB-6164038,1LA4354-4AN70-Z - BAN_JSW_1LA4_3,08-10-2022 13:34,Verified,1LA4354-4AN70-Z,BAN_JSW_1LA4_3,JSW Steel Ltd.,"IN-Bellary-P.O. Vidyanagar,",Motors HV H-compact (Non-Ex)
IB-6164010,1LA4354-4AN70-Z - AAL/ELM/MOT/015,08-10-2022 13:34,Verified,1LA4354-4AN70-Z,AAL/ELM/MOT/015,Anrak Aluminium Ltd.,"IN-Visakhapatnam-Apiic Indl. Park, Gkoduru",Motors HV H-compact (Non-Ex)
IB-6140993,1LA4354-4AN70-Z - BAN_JSW_1LA4_6,08-10-2022 13:34,Verified,1LA4354-4AN70-Z,BAN_JSW_1LA4_6,JSW Steel Ltd.,"IN-Bellary-P.O. Vidyanagar,",Motors HV H-compact (Non-Ex)
IB-6217204,1LA4354-4AN70-Z - BAN_JSW_1LA4_1,08-10-2022 13:34,Verified,1LA4354-4AN70-Z,BAN_JSW_1LA4_1,JSW Steel Ltd.,"IN-Bellary-P.O. Vidyanagar,",Motors HV H-compact (Non-Ex)
IB-6203622,1LA4354-4AN70-Z - BAN_JSW_1LA4_2,08-10-2022 13:34,Verified,1LA4354-4AN70-Z,BAN_JSW_1LA4_2,JSW Steel Ltd.,"IN-Bellary-P.O. Vidyanagar,",Motors HV H-compact (Non-Ex)
IB-5766077,HKG:550L02 - 52633907001,08-10-2022 13:34,Verified,HKG:550L02,52633907001,JSW Steel Ltd.,"IN-Bellary-P.O. Vidyanagar,",Non-Innomotics HV Motors
IB-5766108,K450-L - 44209011/2,08-10-2022 13:34,Verified,K450-L,44209011/2,Linde India Ltd.,"IN-Jamshedpur-Tonnage plant (2,250 tpd & 1,290)",Non-Innomotics HV Motors
IB-5766109,K450-L - 44209011/1,08-10-2022 13:34,Verified,K450-L,44209011/1,Linde India Ltd.,"IN-Jamshedpur-Tonnage plant (2,250 tpd & 1,290)",Non-Innomotics HV Motors
IB-5766118,HKG550L02 - 52672110001,08-10-2022 13:34,Verified,HKG550L02,52672110001,Linde India Ltd.,"IN-Jamshedpur-Tonnage plant (2,250 tpd & 1,290)",Non-Innomotics HV Motors
IB-5766119,HKM:163DO2 - 52656809001,08-10-2022 13:34,Verified,HKM:163DO2,52656809001,Jindal Stainless Ltd.,IN-Jajapur-Kalinga Nagar Indl. Complex,Non-Innomotics HV Motors
IB-5766120,HKM:163DO2 - 52656800002,08-10-2022 13:34,Verified,HKM:163DO2,52656800002,Jindal Stainless Ltd.,IN-Jajapur-Kalinga Nagar Indl. Complex,Non-Innomotics HV Motors
IB-5766070,1TZ1248-8AF02-Z - D0531408301,08-10-2022 13:34,Verified,1TZ1248-8AF02-Z,D0531408301,Linde India Ltd.,"IN-Ahmedabad-Unit No. 102 & 103, Rembrandt Bldg., C. G. Rd.",Motors HV H-modyn (async.)
IB-5766072,KR5434G-B002 - 44025511/1,08-10-2022 13:34,Verified,KR5434G-B002,44025511/1,JSW Steel Ltd.,"IN-Bellary-P.O. Vidyanagar,",Non-Innomotics HV Motors
IB-5766095,GBA1000SL - 8266006,08-10-2022 13:34,Verified,GBA1000SL,8266006,Linde India Ltd.,"IN-Jamshedpur-Tonnage plant (2,250 tpd & 1,290)",Non-Innomotics HV Motors
IB-5766104,SL5609J - 26244/1,08-10-2022 13:34,Verified,SL5609J,26244/1,Linde India Ltd.,"IN-Jamshedpur-Tonnage plant (2,250 tpd & 1,290)",Non-Innomotics HV Motors
IB-5766105,SL5609J - 261608/1,08-10-2022 13:34,Verified,SL5609J,261608/1,Linde India Ltd.,"IN-Jamshedpur-Tonnage plant (2,250 tpd & 1,290)",Non-Innomotics HV Motors
IB-6157022,1LA3324-6 - DPL/Durgapur/PP-6/1,08-10-2022 13:36,Verified,1LA3324-6,DPL/Durgapur/PP-6/1,The Durgapur Projects Ltd.Mr. P. K. Samanta D G M (Stores & Purchase),IN-Durgapur-New Administrative Bldg.Durgapur Express Highway,Motors HV H-compact (Atlas Copco)
IB-6157023,1LA3324-6 - DPL/Durgapur/PP-6/2,08-10-2022 13:36,Verified,1LA3324-6,DPL/Durgapur/PP-6/2,The Durgapur Projects Ltd.Mr. P. K. Samanta D G M (Stores & Purchase),IN-Durgapur-New Administrative Bldg.Durgapur Express Highway,Motors HV H-compact (Atlas Copco)
IB-6157018,1LA3312-6 - 83611,08-10-2022 13:36,Verified,1LA3312-6,83611,The Durgapur Projects Ltd.Mr. P. K. Samanta D G M (Stores & Purchase),IN-Durgapur-New Administrative Bldg.Durgapur Express Highway,Motors HV H-compact (Atlas Copco)
IB-6157019,1LA3312-6 - 83612,08-10-2022 13:36,Verified,1LA3312-6,83612,The Durgapur Projects Ltd.Mr. P. K. Samanta D G M (Stores & Purchase),IN-Durgapur-New Administrative Bldg.Durgapur Express Highway,Motors HV H-compact (Atlas Copco)
IB-6157020,1LA3312-6 - 83610,08-10-2022 13:36,Verified,1LA3312-6,83610,The Durgapur Projects Ltd.Mr. P. K. Samanta D G M (Stores & Purchase),IN-Durgapur-New Administrative Bldg.Durgapur Express Highway,Motors HV H-compact (Atlas Copco)
IB-6157021,1LA3312-6 - 83608,08-10-2022 13:36,Verified,1LA3312-6,83608,The Durgapur Projects Ltd.Mr. P. K. Samanta D G M (Stores & Purchase),IN-Durgapur-New Administrative Bldg.Durgapur Express Highway,Motors HV H-compact (Atlas Copco)
IB-6364373,6SR3802-6HE41-5BH0 - STB05V0037-PH-MVD,08-10-2022 13:36,Verified,6SR3802-6HE41-5BH0,STB05V0037-PH-MVD,Ambuja Cements Ltd.,"IN-Howrah-Jaladhulagori Village, PO Dhulagori P.S Sankrail","PH GH180, air cooled"
IB-6426796,6SR3802-7NH44-OSHO - STB02V0030-PH-MVD,08-10-2022 13:36,Verified,6SR3802-7NH44-OSHO,STB02V0030-PH-MVD,Godawari Power and Ispat Ltd.,"IN-Raipur-Plot No.428/2, Phase I, Indl. Area, Siltara","PH GH180, air cooled"
IB-6135467,6SR3802-6HC41-0BH0 - STB08V0052-PH-MVD,08-10-2022 13:36,Verified,6SR3802-6HC41-0BH0,STB08V0052-PH-MVD,ACC Ltd.,IN-Bilaspur-Gagal Cement Works P O Barmana,"PH GH180, air cooled"
IB-6164041,1PQ4564-6CM90-Z - RINL/VSP/MOT/027,08-10-2022 13:36,Verified,1PQ4564-6CM90-Z,RINL/VSP/MOT/027,Rashtriya Ispat Nigam Ltd.,"IN-Visakhapatnam-Administrative Bldg. D Block, Visakapatnam Steel Plant,",Motors HV H-compact (Non-Ex)
IB-6164042,1PQ4564-6CM90-Z - RINL/VSP/MOT/026,08-10-2022 13:36,Verified,1PQ4564-6CM90-Z,RINL/VSP/MOT/026,Rashtriya Ispat Nigam Ltd.,"IN-Visakhapatnam-Administrative Bldg. D Block, Visakapatnam Steel Plant,",Motors HV H-compact (Non-Ex)
IB-6164043,1PQ4564-6CM90-Z - RINL/VSP/MOT/025,08-10-2022 13:36,Verified,1PQ4564-6CM90-Z,RINL/VSP/MOT/025,Rashtriya Ispat Nigam Ltd.,"IN-Visakhapatnam-Administrative Bldg. D Block, Visakapatnam Steel Plant,",Motors HV H-compact (Non-Ex)
IB-6164044,1PQ4564-6CM90-Z - RINL/VSP/MOT/024,08-10-2022 13:36,Verified,1PQ4564-6CM90-Z,RINL/VSP/MOT/024,Rashtriya Ispat Nigam Ltd.,"IN-Visakhapatnam-Administrative Bldg. D Block, Visakapatnam Steel Plant,",Motors HV H-compact (Non-Ex)
IB-6164045,1PQ4564-6CM90-Z - RINL/VSP/MOT/023,08-10-2022 13:36,Verified,1PQ4564-6CM90-Z,RINL/VSP/MOT/023,Rashtriya Ispat Nigam Ltd.,"IN-Visakhapatnam-Administrative Bldg. D Block, Visakapatnam Steel Plant,",Motors HV H-compact (Non-Ex)
IB-6164046,1PQ4564-6CM90-Z - RINL/VSP/MOT/022,08-10-2022 13:36,Verified,1PQ4564-6CM90-Z,RINL/VSP/MOT/022,Rashtriya Ispat Nigam Ltd.,"IN-Visakhapatnam-Administrative Bldg. D Block, Visakapatnam Steel Plant,",Motors HV H-compact (Non-Ex)
IB-6157345,1LA4404-6AN70-Z - RSP/ID FAN-3,08-10-2022 13:37,Verified,1LA4404-6AN70-Z,RSP/ID FAN-3,Steel Authority of India Ltd.,"IN-Rourkela-Mm Projects Bldg. Sail,",Motors HV H-compact (Non-Ex)
IB-6157351,1LA4404-6AN70-Z - RSP/ID FAN-1,08-10-2022 13:37,Verified,1LA4404-6AN70-Z,RSP/ID FAN-1,Steel Authority of India Ltd.,"IN-Rourkela-Mm Projects Bldg. Sail,",Motors HV H-compact (Non-Ex)
IB-6157352,1LA4404-6AN70-Z - RSP/ID FAN-2,08-10-2022 13:37,Verified,1LA4404-6AN70-Z,RSP/ID FAN-2,Steel Authority of India Ltd.,"IN-Rourkela-Mm Projects Bldg. Sail,",Motors HV H-compact (Non-Ex)
IB-6360387,1LA4314-4AN70-Z - HOOGLY METCOKE/COAL CRUSHER -1,08-10-2022 13:37,Verified,1LA4314-4AN70-Z,HOOGLY METCOKE/COAL CRUSHER -1,Tata Steel Ltd.,"IN-Haldia-Patikhali, PO Haldia Oil Refinery",Motors HV H-compact (Non-Ex)
IB-6360446,1LA4314-4AN70-Z - HOOGLY METCOKE/COAL CRUSHER -2,08-10-2022 13:37,Verified,1LA4314-4AN70-Z,HOOGLY METCOKE/COAL CRUSHER -2,Tata Steel Ltd.,"IN-Haldia-Patikhali, PO Haldia Oil Refinery",Motors HV H-compact (Non-Ex)
IB-6365965,1LA4314-4AN70-Z - HOOGLY METCOKE/COAL CRUSHER -5,08-10-2022 13:37,Verified,1LA4314-4AN70-Z,HOOGLY METCOKE/COAL CRUSHER -5,Tata Steel Ltd.,"IN-Haldia-Patikhali, PO Haldia Oil Refinery",Motors HV H-compact (Non-Ex)
IB-6237895,1PQ4504-8DM00-Z - 3001043714,08-10-2022 13:37,Verified,1PQ4504-8DM00-Z,3001043714,Steel Authority of India Ltd.,"IN-Rourkela-Mm Projects Bldg. Sail,",Motors HV H-compact (Non-Ex)
IB-6237896,1PQ4504-8DM00-Z - 3001043714/6,08-10-2022 13:37,Verified,1PQ4504-8DM00-Z,3001043714/6,Steel Authority of India Ltd.,"IN-Rourkela-Mm Projects Bldg. Sail,",Motors HV H-compact (Non-Ex)
IB-6237897,1PQ4504-8DM00-Z - 3001043714/5,08-10-2022 13:37,Verified,1PQ4504-8DM00-Z,3001043714/5,Steel Authority of India Ltd.,"IN-Rourkela-Mm Projects Bldg. Sail,",Motors HV H-compact (Non-Ex)
IB-6237898,1PQ4504-8DM00-Z - 3001043714/4,08-10-2022 13:37,Verified,1PQ4504-8DM00-Z,3001043714/4,Steel Authority of India Ltd.,"IN-Rourkela-Mm Projects Bldg. Sail,",Motors HV H-compact (Non-Ex)
IB-6237899,1PQ4504-8DM00-Z - 3001043714/3,08-10-2022 13:37,Verified,1PQ4504-8DM00-Z,3001043714/3,Steel Authority of India Ltd.,"IN-Rourkela-Mm Projects Bldg. Sail,",Motors HV H-compact (Non-Ex)
IB-6237900,1PQ4504-8DM00-Z - 3001043714/2,08-10-2022 13:37,Verified,1PQ4504-8DM00-Z,3001043714/2,Steel Authority of India Ltd.,"IN-Rourkela-Mm Projects Bldg. Sail,",Motors HV H-compact (Non-Ex)
IB-6237786,1RN4564-2HE90-Z - WD1236861020001/2009,08-10-2022 13:37,Verified,1RN4564-2HE90-Z,WD1236861020001/2009,Steel Authority of India Ltd.,"IN-Rourkela-Mm Projects Bldg. Sail,",Motors HV H-compact+ (Non-Ex)
IB-6237787,1RN4564-2HE90-Z - WD1236861020001/2008,08-10-2022 13:37,Verified,1RN4564-2HE90-Z,WD1236861020001/2008,Steel Authority of India Ltd.,"IN-Rourkela-Mm Projects Bldg. Sail,",Motors HV H-compact+ (Non-Ex)
IB-6238359,6SR3802-7HG43-5BH0 - STB05V0038-PH-MVD,08-10-2022 13:37,Verified,6SR3802-7HG43-5BH0,STB05V0038-PH-MVD,ACC Ltd.,IN-Bilaspur-Gagal Cement Works P O Barmana,"PH GH180, air cooled"
IB-6568740,6SR3802-6HE42-5BH0 - STB01W0083-PH-MVD,08-10-2022 13:37,Verified,6SR3802-6HE42-5BH0,STB01W0083-PH-MVD,J. K. Cement Ltd.,"IN-Chittorgarh-Kailash Nagar - 1, Nimbahera","PH GH180, air cooled"
IB-6330790,1LA4454-2 - BAN-SIL-1LA4-1,08-10-2022 13:37,Verified,1LA4454-2,BAN-SIL-1LA4-1,Sathavahana Ispat Ltd.,IN-Ananthapur-Haresamudram Village Bommanhal Mandal,Motors HV H-compact (Non-Ex)
IB-6238356,"1MS4350-2AN70-Z - 1,16E+12",08-10-2022 13:37,Verified,1MS4350-2AN70-Z,"1,16E+12",Reliance Industries Ltd.,"IN-Surat-Surat-Hazira Rd., Village Mora",Motors HV H-compact (Ex)
IB-6164030,1LA4352-6AN70-Z - AAL/ELM/MOT/008,08-10-2022 13:37,Verified,1LA4352-6AN70-Z,AAL/ELM/MOT/008,Anrak Aluminium Ltd.,"IN-Visakhapatnam-Apiic Indl. Park, Gkoduru",Motors HV H-compact (Non-Ex)
IB-6164008,1LA4352-6AN70-Z - AAL/ELM/MOT/011,08-10-2022 13:37,Verified,1LA4352-6AN70-Z,AAL/ELM/MOT/011,Anrak Aluminium Ltd.,"IN-Visakhapatnam-Apiic Indl. Park, Gkoduru",Motors HV H-compact (Non-Ex)
IB-6164011,1LA4352-6AN70-Z - AAL/ELM/MOT/010,08-10-2022 13:37,Verified,1LA4352-6AN70-Z,AAL/ELM/MOT/010,Anrak Aluminium Ltd.,"IN-Visakhapatnam-Apiic Indl. Park, Gkoduru",Motors HV H-compact (Non-Ex)
IB-6164012,1LA4352-6AN70-Z - AAL/ELM/MOT/009,08-10-2022 13:37,Verified,1LA4352-6AN70-Z,AAL/ELM/MOT/009,Anrak Aluminium Ltd.,"IN-Visakhapatnam-Apiic Indl. Park, Gkoduru",Motors HV H-compact (Non-Ex)
IB-6164002,1LA4352-6AN70-Z - AAL/ELM/MOT/014,08-10-2022 13:37,Verified,1LA4352-6AN70-Z,AAL/ELM/MOT/014,Anrak Aluminium Ltd.,"IN-Visakhapatnam-Apiic Indl. Park, Gkoduru",Motors HV H-compact (Non-Ex)
IB-6164003,1LA4352-6AN70-Z - AAL/ELM/MOT/013,08-10-2022 13:37,Verified,1LA4352-6AN70-Z,AAL/ELM/MOT/013,Anrak Aluminium Ltd.,"IN-Visakhapatnam-Apiic Indl. Park, Gkoduru",Motors HV H-compact (Non-Ex)
IB-6164004,1LA4352-6AN70-Z - AAL/ELM/MOT/012,08-10-2022 13:37,Verified,1LA4352-6AN70-Z,AAL/ELM/MOT/012,Anrak Aluminium Ltd.,"IN-Visakhapatnam-Apiic Indl. Park, Gkoduru",Motors HV H-compact (Non-Ex)
IB-6163997,1LA4350-4AN70-Z - AAL/ELM/MOT/007,08-10-2022 13:37,Verified,1LA4350-4AN70-Z,AAL/ELM/MOT/007,Anrak Aluminium Ltd.,"IN-Visakhapatnam-Apiic Indl. Park, Gkoduru",Motors HV H-compact (Non-Ex)
IB-6163998,1LA4350-4AN70-Z - AAL/ELM/MOT/006,08-10-2022 13:37,Verified,1LA4350-4AN70-Z,AAL/ELM/MOT/006,Anrak Aluminium Ltd.,"IN-Visakhapatnam-Apiic Indl. Park, Gkoduru",Motors HV H-compact (Non-Ex)
IB-6237845,1LA4350-4AN70-Z - 3002464199,08-10-2022 13:37,Verified,1LA4350-4AN70-Z,3002464199,Adhunik Power & Natural Resources Ltd.,"IN-Saraikela-Village, Padampur.",Motors HV H-compact (Non-Ex)
IB-6238650,1PQ4502-4CM00-Z - 3000733013,08-10-2022 13:37,Verified,1PQ4502-4CM00-Z,3000733013,Vedanta Ltd.,"IN-Mumbai-1st Floor, C wing, Unit 103 Corp. Avenue, Atul Projec, Chaka",Motors HV H-compact (Non-Ex)
IB-6166796,1PQ4560-6CM00-Z - BAN_JSW_1PQ4_1,08-10-2022 13:38,Verified,1PQ4560-6CM00-Z,BAN_JSW_1PQ4_1,JSW Steel Ltd.,"IN-Bellary-P.O. Vidyanagar,",Motors HV H-compact (Non-Ex)
IB-6157178,1PQ4560-6CM00-Z - N8/64746224,08-10-2022 13:38,Verified,1PQ4560-6CM00-Z,N8/64746224,Jindal Steel And Power Ltd.,"IN-Ramgarh-Balkudra, Patratu",Motors HV H-compact (Non-Ex)
IB-6157137,1PQ4560-6CM00-Z - 3003807947-700-002,08-10-2022 13:38,Verified,1PQ4560-6CM00-Z,3003807947-700-002,Jindal Steel And Power Ltd.,"IN-Ramgarh-Balkudra, Patratu",Motors HV H-compact (Non-Ex)
IB-6238900,1DX1553-8AS03-Z - D0631701101,08-10-2022 13:38,Verified,1DX1553-8AS03-Z,D0631701101,Jindal Power Ltd.,"IN-New Delhi-Jindal Centre, 12 Bhikaji Cama","Motors HV H-modyn (sync., cylindrical)"
IB-6164033,1LA4404-6AN74-Z - AAL/ELM/MOT/022,08-10-2022 13:38,Verified,1LA4404-6AN74-Z,AAL/ELM/MOT/022,Anrak Aluminium Ltd.,"IN-Visakhapatnam-Apiic Indl. Park, Gkoduru",Motors HV H-compact (Non-Ex)
IB-6164023,1LA4404-6AN74-Z - AAL/ELM/MOT/029,08-10-2022 13:38,Verified,1LA4404-6AN74-Z,AAL/ELM/MOT/029,Anrak Aluminium Ltd.,"IN-Visakhapatnam-Apiic Indl. Park, Gkoduru",Motors HV H-compact (Non-Ex)
IB-6164024,1LA4404-6AN74-Z - AAL/ELM/MOT/028,08-10-2022 13:38,Verified,1LA4404-6AN74-Z,AAL/ELM/MOT/028,Anrak Aluminium Ltd.,"IN-Visakhapatnam-Apiic Indl. Park, Gkoduru",Motors HV H-compact (Non-Ex)
IB-6164025,1LA4404-6AN74-Z - AAL/ELM/MOT/027,08-10-2022 13:38,Verified,1LA4404-6AN74-Z,AAL/ELM/MOT/027,Anrak Aluminium Ltd.,"IN-Visakhapatnam-Apiic Indl. Park, Gkoduru",Motors HV H-compact (Non-Ex)
IB-6164026,1LA4404-6AN74-Z - AAL/ELM/MOT/026,08-10-2022 13:38,Verified,1LA4404-6AN74-Z,AAL/ELM/MOT/026,Anrak Aluminium Ltd.,"IN-Visakhapatnam-Apiic Indl. Park, Gkoduru",Motors HV H-compact (Non-Ex)
IB-6164027,1LA4404-6AN74-Z - AAL/ELM/MOT/025,08-10-2022 13:38,Verified,1LA4404-6AN74-Z,AAL/ELM/MOT/025,Anrak Aluminium Ltd.,"IN-Visakhapatnam-Apiic Indl. Park, Gkoduru",Motors HV H-compact (Non-Ex)
IB-6164028,1LA4404-6AN74-Z - AAL/ELM/MOT/024,08-10-2022 13:38,Verified,1LA4404-6AN74-Z,AAL/ELM/MOT/024,Anrak Aluminium Ltd.,"IN-Visakhapatnam-Apiic Indl. Park, Gkoduru",Motors HV H-compact (Non-Ex)
IB-6164029,1LA4404-6AN74-Z - AAL/ELM/MOT/023,08-10-2022 13:38,Verified,1LA4404-6AN74-Z,AAL/ELM/MOT/023,Anrak Aluminium Ltd.,"IN-Visakhapatnam-Apiic Indl. Park, Gkoduru",Motors HV H-compact (Non-Ex)
IB-6164017,1LA4500-4AN70-Z - AAL/ELM/MOT/034,08-10-2022 13:38,Verified,1LA4500-4AN70-Z,AAL/ELM/MOT/034,Anrak Aluminium Ltd.,"IN-Visakhapatnam-Apiic Indl. Park, Gkoduru",Motors HV H-compact (Non-Ex)
IB-6164018,1LA4500-4AN70-Z - AAL/ELM/MOT/033,08-10-2022 13:38,Verified,1LA4500-4AN70-Z,AAL/ELM/MOT/033,Anrak Aluminium Ltd.,"IN-Visakhapatnam-Apiic Indl. Park, Gkoduru",Motors HV H-compact (Non-Ex)
IB-6164019,1LA4500-4AN70-Z - AAL/ELM/MOT/032,08-10-2022 13:38,Verified,1LA4500-4AN70-Z,AAL/ELM/MOT/032,Anrak Aluminium Ltd.,"IN-Visakhapatnam-Apiic Indl. Park, Gkoduru",Motors HV H-compact (Non-Ex)
IB-6164020,1LA4500-4AN70-Z - AAL/ELM/MOT/031,08-10-2022 13:38,Verified,1LA4500-4AN70-Z,AAL/ELM/MOT/031,Anrak Aluminium Ltd.,"IN-Visakhapatnam-Apiic Indl. Park, Gkoduru",Motors HV H-compact (Non-Ex)
IB-6164021,1LA4500-4AN70-Z - AAL/ELM/MOT/030,08-10-2022 13:38,Verified,1LA4500-4AN70-Z,AAL/ELM/MOT/030,Anrak Aluminium Ltd.,"IN-Visakhapatnam-Apiic Indl. Park, Gkoduru",Motors HV H-compact (Non-Ex)
IB-388964,1DZ1743-8AF03-Z - D0631618602,08-10-2022 13:53,Verified,1DZ1743-8AF03-Z,D0631618602,Bellary Oxygen Company Pvt. Ltd.,"IN-Bellary-855 tpd Plant, JSW Steel Ltd. Premises, Torangallu","Motors HV H-modyn (sync., salient pole)"
IB-388965,1DZ1743-8AF03-Z - D0631618601,08-10-2022 13:53,Verified,1DZ1743-8AF03-Z,D0631618601,Bellary Oxygen Company Pvt. Ltd.,"IN-Bellary-855 tpd Plant, JSW Steel Ltd. Premises, Torangallu","Motors HV H-modyn (sync., salient pole)"
IB-520413,1DZ1743-8AF03-Z - D0531614601,08-10-2022 13:53,Verified,1DZ1743-8AF03-Z,D0531614601,Bellary Oxygen Company Pvt. Ltd.,"IN-Bellary-855 tpd Plant, JSW Steel Ltd. Premises, Torangallu","Motors HV H-modyn (sync., salient pole)"
IB-348842,1PQ4502-6CM00-Z - N-WO5003038080001,08-10-2022 13:53,Verified,1PQ4502-6CM00-Z,N-WO5003038080001,Steel Authority of India Ltd.,IN-Salem-Salem Steel Plant,Motors HV H-compact (Non-Ex)
IB-384049,1RN6714-6FS90-Z - N-A45005194010001,08-10-2022 13:57,Verified,1RN6714-6FS90-Z,N-A45005194010001,Bhushan Energy Ltd.,"IN-Narendra Pur-P.O. Shibapur, Village Meramandali District  Dhenkanal",Motors HV H-compact+ (Non-Ex)
IB-387141,DHSL355LM02A - 5143748,08-10-2022 13:57,Verified,DHSL355LM02A,5143748,Petronet LNG Ltd.,"IN-New Delhi-1st Floor, World Trade Center",Motors HV Loher Vario (Ex flameproof)
IB-388265,DHSL400LK04A - 5145405,08-10-2022 13:58,Verified,DHSL400LK04A,5145405,Indian Oil Corporation Ltd.,"IN-New Delhi-3079/3, J B Tito Marg, Sadiq Nagar",Motors HV Loher Vario (Ex flameproof)
IB-562764,DHSL400LK04A - 5145406,08-10-2022 13:58,Verified,DHSL400LK04A,5145406,Indian Oil Corporation Ltd.,"IN-New Delhi-3079/3, J B Tito Marg, Sadiq Nagar",Motors HV Loher Vario (Ex flameproof)
IB-562765,DHSL400LK04A - 5145407,08-10-2022 13:58,Verified,DHSL400LK04A,5145407,Indian Oil Corporation Ltd.,"IN-New Delhi-3079/3, J B Tito Marg, Sadiq Nagar",Motors HV Loher Vario (Ex flameproof)
IB-562766,DHSL400LK04A - 5145408,08-10-2022 13:58,Verified,DHSL400LK04A,5145408,Indian Oil Corporation Ltd.,"IN-New Delhi-3079/3, J B Tito Marg, Sadiq Nagar",Motors HV Loher Vario (Ex flameproof)
IB-516818,AHRA-500LC-04A - 5121304,08-10-2022 14:01,Preliminary,AHRA-500LC-04A,5121304,Arcelormittal Nippon Steel India Ltd.,"IN-Hazira-27Km, Surat Hazira Rd., Surat",Motors HV Loher Tube Cooled (Non-Ex)
IB-516819,AHRA-500LC-04A - 5121306,08-10-2022 14:01,Preliminary,AHRA-500LC-04A,5121306,Arcelormittal Nippon Steel India Ltd.,"IN-Hazira-27Km, Surat Hazira Rd., Surat",Motors HV Loher Tube Cooled (Non-Ex)
IB-516820,AHRA-500LC-04A - 5121301,08-10-2022 14:01,Preliminary,AHRA-500LC-04A,5121301,Arcelormittal Nippon Steel India Ltd.,"IN-Hazira-27Km, Surat Hazira Rd., Surat",Motors HV Loher Tube Cooled (Non-Ex)
IB-516821,AHRA-500LC-04A - 5121300,08-10-2022 14:01,Preliminary,AHRA-500LC-04A,5121300,Arcelormittal Nippon Steel India Ltd.,"IN-Hazira-27Km, Surat Hazira Rd., Surat",Motors HV Loher Tube Cooled (Non-Ex)
IB-516822,AHRA-500LC-04A - 5121299,08-10-2022 14:01,Preliminary,AHRA-500LC-04A,5121299,Arcelormittal Nippon Steel India Ltd.,"IN-Hazira-27Km, Surat Hazira Rd., Surat",Motors HV Loher Tube Cooled (Non-Ex)
IB-516823,AHRA-500LC-04A - 5121305,08-10-2022 14:01,Preliminary,AHRA-500LC-04A,5121305,Arcelormittal Nippon Steel India Ltd.,"IN-Hazira-27Km, Surat Hazira Rd., Surat",Motors HV Loher Tube Cooled (Non-Ex)
IB-516824,AHRA-500LC-04A - 5121303,08-10-2022 14:01,Preliminary,AHRA-500LC-04A,5121303,Arcelormittal Nippon Steel India Ltd.,"IN-Hazira-27Km, Surat Hazira Rd., Surat",Motors HV Loher Tube Cooled (Non-Ex)
IB-516825,AHRA-500LC-04A - 5121302,08-10-2022 14:01,Preliminary,AHRA-500LC-04A,5121302,Arcelormittal Nippon Steel India Ltd.,"IN-Hazira-27Km, Surat Hazira Rd., Surat",Motors HV Loher Tube Cooled (Non-Ex)
IB-325610,1PQ4560-6CM00 - N-WN1238729020001,08-10-2022 14:05,Verified,1PQ4560-6CM00,N-WN1238729020001,Jindal Steel And Power Ltd.,"IN-Ramgarh-Balkudra, Patratu",Motors HV H-compact (Non-Ex)
IB-325611,1PQ4560-6CM00 - N-WN1238729010001,08-10-2022 14:05,Verified,1PQ4560-6CM00,N-WN1238729010001,Jindal Steel And Power Ltd.,"IN-Ramgarh-Balkudra, Patratu",Motors HV H-compact (Non-Ex)
IB-256088,1RN4560-6FM00 - N-VO1207987020001,08-10-2022 14:06,Verified,1RN4560-6FM00,N-VO1207987020001,JSW Steel Ltd.,"IN-Bellary-P.O. Vidyanagar,",Motors HV H-compact+ (Non-Ex)
IB-273886,1RN4560-6FM00 - N-VO1207987010001,08-10-2022 14:06,Verified,1RN4560-6FM00,N-VO1207987010001,JSW Steel Ltd.,"IN-Bellary-P.O. Vidyanagar,",Motors HV H-compact+ (Non-Ex)
IB-333248,1RN4560-6FM00 - N-WN1238729030001,08-10-2022 14:06,Verified,1RN4560-6FM00,N-WN1238729030001,Jindal Steel And Power Ltd.,"IN-Ramgarh-Balkudra, Patratu",Motors HV H-compact+ (Non-Ex)
IB-339762,1RN4560-6FM00 - N-WN1238729040001,08-10-2022 14:06,Verified,1RN4560-6FM00,N-WN1238729040001,Jindal Steel And Power Ltd.,"IN-Ramgarh-Balkudra, Patratu",Motors HV H-compact+ (Non-Ex)
IB-42781486,6SR4502-2HD41-5FG1 - Z8-184644504-405,08-10-2022 14:56,Verified,6SR4502-2HD41-5FG1,Z8-184644504-405,Orissa Metaliks Pvt. Ltd.,IN-West Midnapore-Tata Metaliks Rd. Mathura Kismat Paschim,"PH GH180, air cooled"
IB-35650083,6SR4802-2HC41-0BH1 - A5E42172587,08-10-2022 20:53,Verified,6SR4802-2HC41-0BH1,A5E42172587,Megha Engineering Infrastructure Ltd.,"IN-BANGALORE-VARTHUR Balagere Road, BWSSB STP, Near Panatur,","PH GH180, air cooled"
IB-33285066,VIN RHF HV3 50002089 - DVY/15678431001,08-10-2022 21:06,Verified,VIN RHF HV3 50002089,DVY/15678431001,TKIL Industries PVT Ltd.,IN-Pune-Station Rd. Pimpri,Miscellaneous (F)
IB-33347731,6SR4502-2HB38-7BH1-Z8-191644502-602,08-10-2022 21:06,Verified,6SR4502-2HB38-7BH1,Z8-191644502-602,Birla Carbon India Pvt. Ltd.,"IN-Tiruvallur-Hi-Tech Carbon, K 16 Phase II,","PH GH180, air cooled"
IB-33348436,6SR4502-2HB38-7BH1-Z8-191644502-603,08-10-2022 21:06,Verified,6SR4502-2HB38-7BH1,Z8-191644502-603,Birla Carbon India Private Ltd,IN,"PH GH180, air cooled"
IB-33350242,6SR4502-2HD41-6BH1 - Z8-191644504-581,08-10-2022 21:06,Verified,6SR4502-2HD41-6BH1,Z8-191644504-581,Birla Corporation Ltd.,"IN-Chittorgarh-P.O.Cement Factory, Chanderia Chittogarh Rd. Madhav Nagar Se","PH GH180, air cooled"
IB-33395589,1LA43162AN06Z - N8/65154945,08-10-2022 21:06,Verified,1LA43162AN06Z,N8/65154945,Elgi Equipments Ltd.,"IN-Coimbatore-1st Floor, #622-A, Near Elgi Indl.",Motors HV H-compact (Non-Ex)
IB-33485332,6SR5502-5ND42-0BH1-Z8-191950844-770,08-10-2022 21:06,Verified,6SR5502-5ND42-0BH1,Z8-191950844-770,Hindustan Urvarak & Rasayan Ltd.,IN,"PH GH180, air cooled"
IB-33488229,6SR5502-5ND42-0BH1-Z8-191950844-835,08-10-2022 21:06,Verified,6SR5502-5ND42-0BH1,Z8-191950844-835,Hindustan Urvarak & Rasayan Ltd.,"IN-Dhanbad-Hurl Sindri Project Office,","PH GH180, air cooled"
IB-33488892,6SR5502-5ND42-0BH1 - Z8-191950844-801,08-10-2022 21:06,Verified,6SR5502-5ND42-0BH1,Z8-191950844-801,Hindustan Urvarak & Rasayan Limited,"IN-Barauni-Barauni Fertilizer Corporation,NH31, Begusarai","PH GH180, air cooled"
IB-33488671,6SR5502-5ND42-0BH1-Z8-191950844-800,08-10-2022 21:06,Verified,6SR5502-5ND42-0BH1,Z8-191950844-800,Hindustan Urvarak & Rasayan Ltd.,IN,"PH GH180, air cooled"
IB-33487011,6SR5502-5ND42-0BH1 - Z8-191950844-798,08-10-2022 21:06,Verified,6SR5502-5ND42-0BH1,Z8-191950844-798,Hindustan Urvarak & Rasayan Ltd.,"IN-Dhanbad-Hurl Sindri Project Office,","PH GH180, air cooled"
IB-33487232,6SR5502-5ND42-0BH1 - Z8-191950844-799,08-10-2022 21:06,Verified,6SR5502-5ND42-0BH1,Z8-191950844-799,Hindustan Urvarak & Rasayan Limited,"IN-Barauni-Barauni Fertilizer Corporation,NH31, Begusarai","PH GH180, air cooled"
IB-33487854,6SR5502-5ND42-2BH1 - Z8-191950844-840,08-10-2022 21:06,Verified,6SR5502-5ND42-2BH1,Z8-191950844-840,Hindustan Urvarak & Rasayan Limited,"IN-Barauni-Barauni Fertilizer Corporation,NH31, Begusarai","PH GH180, air cooled"
IB-33488450,6SR5502-5ND42-2BH1-Z8-191950844-839,08-10-2022 21:06,Verified,6SR5502-5ND42-2BH1,Z8-191950844-839,Hindustan Urvarak & Rasayan Ltd.,IN,"PH GH180, air cooled"
IB-33545468,1RN15628RJ74Z - N8/65131878,08-10-2022 21:07,Verified,1RN15628RJ74Z,N8/65131878,WPIL Ltd.,"IN-Kolkata-Trinity Plaza, 3rd Floor, 84/1A,Topsia Rd. (South)","Motors HV A-compact+ (async., Non-Ex)"
IB-33674356,JFPA560SR04ASKD3 - 65072088,08-10-2022 21:07,Verified,JFPA560SR04ASKD3,65072088,GE India Industrial Pvt Ltd,"IN-Wind Div. A-22/1| Chakan MIDC Phase-Khalumbre, Tal: Khed | Pune- 410501, MH, India",Generators
IB-24501533,6SR4502-5NF44-5BH1 - Z8-181440303-029,08-10-2022 21:11,Verified,6SR4502-5NF44-5BH1,Z8-181440303-029,ACC Ltd.,IN-Chandrapur-Chanda Cement Works Po Cement Nagar,"PH GH180, air cooled"
IB-24343359,6SR3802-7HG43-0BH0 - STB6J0288PHG3E3000,08-10-2022 21:12,Verified,6SR3802-7HG43-0BH0,STB6J0288PHG3E3000,Primetals Technologies India Private Limited,"IN-Jamshedpur-Room No. 6, 2nd Floor Dream Heights","PH GH180, air cooled"
IB-28052927,1LA45646CN70Z - V53000280489002000002/2017,08-10-2022 23:10,Verified,1LA45646CN70Z,V53000280489002000002/2017,Vedanta Ltd.,"IN-Jharsuguda-PMO Office, Bhurkahamunda",Motors HV H-compact (Non-Ex)
IB-28052960,1RN45062HE70Z - V91191797010002/2007,08-10-2022 23:10,Verified,1RN45062HE70Z,V91191797010002/2007,Tata Steel BSL Ltd.,"IN-Dhenkanal-Narendra Pur. P.O Shibapur,",Motors HV H-compact+ (Non-Ex)
IB-28064771,6SR4502-2HJ45-5BH1 - Z8-184944509-431,08-10-2022 23:10,Verified,6SR4502-2HJ45-5BH1,Z8-184944509-431,Ultratech Cement Ltd.,"IN-Solan-Village Baga, Post Kandhar","PH GH180, air cooled"
IB-28067115,6SR4502-2HD41-5FG1 - Z8-184644504-418,08-10-2022 23:10,Verified,6SR4502-2HD41-5FG1,Z8-184644504-418,Nuvoco Vistas Corporation Ltd.,"IN-Janjgir-Champa-Gopal Nagar, Janjgir -Champa","PH GH180, air cooled"
IB-28074361,6SR4502-2HD41-5FG1 - Z8-184644504-406,08-10-2022 23:10,Verified,6SR4502-2HD41-5FG1,Z8-184644504-406,Orissa Metaliks Pvt. Ltd.,IN-West Midnapore-Tata Metaliks Rd. Mathura Kismat Paschim,"PH GH180, air cooled"
IB-28073809,6SR4502-2HD41-5FG1 - Z8-190543802-416,08-10-2022 23:11,Verified,6SR4502-2HD41-5FG1,Z8-190543802-416,Balaji Action Buildwell Pvt. Ltd.,"IN-Sitarganj-C-34(a), Eldeco Sidcul","PH GH180, air cooled"
IB-28067667,6SR4502-2HC41-2FG1 - Z8-184844503-502,08-10-2022 23:11,Verified,6SR4502-2HC41-2FG1,Z8-184844503-502,Orissa Metaliks Pvt. Ltd.,IN-West Midnapore-Tata Metaliks Rd. Mathura Kismat Paschim,"PH GH180, air cooled"
IB-28072783,6SR4502-2HC38-7FG1 - Z8-184644503-416,08-10-2022 23:11,Verified,6SR4502-2HC38-7FG1,Z8-184644503-416,Orissa Metaliks Pvt. Ltd.,IN-West Midnapore-Tata Metaliks Rd. Mathura Kismat Paschim,"PH GH180, air cooled"
IB-28073296,6SR4502-2HC38-7FG1 - Z8-184644503-417,08-10-2022 23:11,Verified,6SR4502-2HC38-7FG1,Z8-184644503-417,Orissa Metaliks Pvt. Ltd.,IN-West Midnapore-Tata Metaliks Rd. Mathura Kismat Paschim,"PH GH180, air cooled"
IB-61267497,6SL3982-5CX10-0AA3 - N-R2173601-00037,02-12-2023 09:55,Active,6SL3982-5CX10-0AA3,N-R2173601-00037,Arcelormittal Nippon Steel India Ltd.,"IN-Hazira-27Km, Surat Hazira Rd., Surat",Miscellaneous
IB-61267603,6SL3982-5CX10-0AA3 - N-R2173601-00038,02-12-2023 09:56,Active,6SL3982-5CX10-0AA3,N-R2173601-00038,Arcelormittal Nippon Steel India Ltd.,"IN-Hazira-27Km, Surat Hazira Rd., Surat",Miscellaneous
IB-61267682,6SL3982-5CX10-0AA3 - N-R2173601-00039,02-12-2023 09:56,Active,6SL3982-5CX10-0AA3,N-R2173601-00039,Arcelormittal Nippon Steel India Ltd.,"IN-Hazira-27Km, Surat Hazira Rd., Surat",Miscellaneous
IB-63009174,6SL3810-2LN34-0AA0-Z - N-AN1294792020001,30-10-2023 22:34,Active,6SL3810-2LN34-0AA0-Z,N-AN1294792020001,Brahmaputra Cracker And Polymer Ltd.,"IN-Dibrugarh-BCPL Project Site, Lepetkata","GM150 IGBT, air cooled"
IB-61259581,6SR4502-2HG43-5BH2 - Z8-231745507-088,30-10-2023 22:52,Verified,6SR4502-2HG43-5BH2,Z8-231745507-088,JSW Steel Ltd.,"IN-Bellary-P.O. Vidyanagar,","PH GH180, air cooled"
IB-62181650,6SR5502-2HB35-0BH2 - Z8-232251535-004,31-10-2023 00:07,Active,6SR5502-2HB35-0BH2,Z8-232251535-004,SIEMENS LARGE DRIVES INDIA PVT LTD,"IN -Navi Mumbai, Thane","PH GH180, air cooled"
IB-62183540,6SR5502-2HB35-0BH2 - Z8-232251535-00E,31-10-2023 00:11,Active,6SR5502-2HB35-0BH2,Z8-232251535-00E,SIEMENS LARGE DRIVES INDIA PVT LTD,"IN -Navi Mumbai, Thane","PH GH180, air cooled"
IB-62193913,6SR5502-2HB35-0BH2 - Z8-232251535-009,31-10-2023 00:33,Active,6SR5502-2HB35-0BH2,Z8-232251535-009,SIEMENS LARGE DRIVES INDIA PVT LTD,"IN -Navi Mumbai, Thane","PH GH180, air cooled"
IB-59886854,6SR5502-5NC42-0BH2-Z8-230850840-0C7,15-06-2023 17:26,Verified,6SR5502-5NC42-0BH2,Z8-230850840-0C7,Adani Power (Mundra) Ltd.,"IN-Mundra-Mundra Thermal Power Project, Adani Power SEZ","PH GH180, air cooled"
IB-55820319,6SR5502-5NB41-1BF2 - Z8-224350835-43D,20-01-2023 20:22,Verified,6SR5502-5NB41-1BF2,Z8-224350835-43D,Goodyear South Asia Tyres Pvt. Ltd.,"IN-Aurangabad-H-18, MIDC, Waluj","PH GH180, air cooled"
IB-55821820,6SR4502-5NG45-0BH2 - Z8-224245807-485,20-01-2023 20:22,Verified,6SR4502-5NG45-0BH2,Z8-224245807-485,Uttam Galva Metallics Ltd.,"IN-Navi Mumbai-Thane Belapur Rd., Airoli","PH GH180, air cooled"
IB-55959932,6SR4502-2XH44-0BH2 - Z8-224445508-0AC,20-01-2023 20:23,Verified,6SR4502-2XH44-0BH2,Z8-224445508-0AC,Udaipur Cement Works Ltd,"IN-Mavli-Shripatinagar , PO CFA","PH GH180, air cooled"
IB-56044872,6SR5502-5ND42-2BH1-Z - ZB-191950844-840,20-01-2023 20:23,Active,6SR5502-5ND42-2BH1-Z,ZB-191950844-840,Boldrocchi India Pvt. Ltd.,"IN-Kanchipuram-B 56 & 57, Sipcot Indl. Park","PH GH180, air cooled"
IB-41567319,6SR4102-2CC38-7BH0-Z - N-M91602095010001,06-10-2022 22:13,Verified,6SR4102-2CC38-7BH0-Z,N-M91602095010001,Gujarat Narmada Valley Fertilizers & Chemicals Ltd.,IN -Bharuch-Dahej Site ( Non S. E. Z. ) G. I. D. C. Dahej - I I Indl.,"PH GH180, air cooled"
IB-25694540,6SL3310-1BD37-2AA0 - ZYD50267000001,07-10-2022 00:08,Verified,6SL3310-1BD37-2AA0,ZYD50267000001,Sahyadri Sahakari Sakhar Karkhana Ltd.,"IN-Satara-Yashwant Nagar, Taluka-Karad",Miscellaneous (F)
IB-36191230,6SR4502-2HB34-0BH1 - Z8-193544502-567,07-10-2022 05:48,Verified,6SR4502-2HB34-0BH1,Z8-193544502-567,JSW Steel Ltd.,"IN-Raigad-Dolvi Geetapuram, Taluka Pen","PH GH180, air cooled"
IB-36191833,6SR4502-2HC38-7BH1 - Z8-193544503-427,07-10-2022 05:48,Verified,6SR4502-2HC38-7BH1,Z8-193544503-427,JSW Steel Ltd.,IN-Dolvi-Taluka Pen,"PH GH180, air cooled"
IB-36192346,6SR4502-2HC38-7BH1 - Z8-193544503-428,07-10-2022 05:48,Verified,6SR4502-2HC38-7BH1,Z8-193544503-428,JSW Steel Ltd.,IN-Dolvi-Taluka Pen,"PH GH180, air cooled"
IB-36192859,6SR4502-2HC38-7BH1 - Z8-193544503-564,07-10-2022 05:48,Verified,6SR4502-2HC38-7BH1,Z8-193544503-564,JSW Steel Ltd.,"IN-Raigad-Dolvi Geetapuram, Taluka Pen","PH GH180, air cooled"
IB-36193373,6SR4502-2HC38-7BH1 - Z8-193544503-565,07-10-2022 05:48,Verified,6SR4502-2HC38-7BH1,Z8-193544503-565,JSW Steel Ltd.,"IN-Raigad-Dolvi Geetapuram, Taluka Pen","PH GH180, air cooled"
IB-36243359,1RN1636-4KJ70 - 65131965,07-10-2022 05:48,Verified,1RN1636-4KJ70,65131965,Linde India Ltd.,IN-Palakkad-Site At Inox Air Products Pvt. Ltd.,"Motors HV A-compact+ (async., Non-Ex)"
IB-36268860,1RQ145481A74Z - 65110470,07-10-2022 05:48,Verified,1RQ145481A74Z,65110470,Megha Engineering and infrastructures Ltd,"IN -Bengalore,Karnataka-Chickballapur Lift-3, Prarthana Kaveri Layout, near NLCI, Horamavu Agar","Motors HV A-compact+ (async., Non-Ex)"
IB-36268861,1RQ145481A74Z - 65109176,07-10-2022 05:48,Verified,1RQ145481A74Z,65109176,Megha Engineering and infrastructures Ltd,"IN -Bengalore,Karnataka-Chickballapur Lift-3, Prarthana Kaveri Layout, near NLCI, Horamavu Agar","Motors HV A-compact+ (async., Non-Ex)"
IB-36268862,1RQ145481A74Z - 65114076,07-10-2022 05:48,Verified,1RQ145481A74Z,65114076,Megha Engineering and infrastructures Ltd,"IN -Bengalore,Karnataka-Chickballapur Lift-3, Prarthana Kaveri Layout, near NLCI, Horamavu Agar","Motors HV A-compact+ (async., Non-Ex)"
IB-53191713,6SR5502-2HB38-0BH2 - Z8-222351535-1D4,07-10-2022 15:48,Verified,6SR5502-2HB38-0BH2,Z8-222351535-1D4,Suryadev Alloys and Power Pvt. Ltd.,"IN-Tiruvallur-S.No. 298/2, New Gummidipoondi","PH GH180, air cooled"
IB-53192054,6SR5502-2HB38-0BH2 - Z8-222351535-1D5,07-10-2022 15:48,Verified,6SR5502-2HB38-0BH2,Z8-222351535-1D5,Suryadev Alloys and Power Pvt. Ltd.,"IN-Tiruvallur-S.No. 298/2, New Gummidipoondi","PH GH180, air cooled"
IB-53192389,6SR5502-2HB38-0BH2 - Z8-222351535-1D6,07-10-2022 15:48,Verified,6SR5502-2HB38-0BH2,Z8-222351535-1D6,Suryadev Alloys and Power Pvt. Ltd.,"IN-Tiruvallur-S.No. 298/2, New Gummidipoondi","PH GH180, air cooled"
IB-53192722,6SR5502-2HD41-6FH2 - Z8-222351544-192,07-10-2022 15:48,Verified,6SR5502-2HD41-6FH2,Z8-222351544-192,The Admiral Superintendent Naval Dockyard (Mumbai),IN-Mumbai-Shahid Bhagat Singh Rd.,"PH GH180, air cooled"
IB-53193064,6SR5502-2HD41-6FH2 - Z8-222351544-193,07-10-2022 15:48,Verified,6SR5502-2HD41-6FH2,Z8-222351544-193,The Admiral Superintendent Naval Dockyard (Mumbai),IN-Mumbai-Shahid Bhagat Singh Rd.,"PH GH180, air cooled"
IB-53338382,6SR5502-5NA37-5BH2 - Z8-222350834-1D7,07-10-2022 15:48,Verified,6SR5502-5NA37-5BH2,Z8-222350834-1D7,Welspun Steel Ltd.,"IN-Anjar-Survey no. 650, PO-Versamedi, Kutch","PH GH180, air cooled"
IB-53328373,6SR5502-5NA37-5BH2 - Z8-222350834-1D8,07-10-2022 15:48,Verified,6SR5502-5NA37-5BH2,Z8-222350834-1D8,Welspun Steel Ltd.,"IN-Anjar-Survey no. 650, PO-Versamedi, Kutch","PH GH180, air cooled"
IB-53331005,6SR5502-5NH45-5BH0-Z8-222250896-24E,07-10-2022 15:48,Verified,6SR5502-5NH45-5BH0,Z8-222250896-24E,Nayara Energy Ltd.,"IN-Jamnagar-Khambhalia Post, District Devbhumi Dwarka, Vadinar","PH GH180, air cooled"
IB-53334387,6SR4502-2HG43-5BH2 - Z8-222545507-1FF,07-10-2022 15:48,Verified,6SR4502-2HG43-5BH2,Z8-222545507-1FF,JSW Steel Ltd.,"IN-Bellary-P.O. Vidyanagar,","PH GH180, air cooled"
IB-53333976,6SR4502-2HG43-5BH2 - Z8-222545507-1FE,07-10-2022 15:48,Verified,6SR4502-2HG43-5BH2,Z8-222545507-1FE,JSW Vijayanagar Metallics Ltd.,"IN-Bellary-P.O. Vidyanagar,","PH GH180, air cooled"
IB-9800808,1PQ4454-6AM90-Z - N-H61476603010001,08-10-2022 12:01,Verified,1PQ4454-6AM90-Z,N-H61476603010001,Jindal Power Ltd.,"IN-New Delhi-Jindal Centre, 12 Bhikaji Cama",Motors HV H-compact (Non-Ex)
IB-9800809,1PQ4560-6CM90-Z - N-H51476603020001,08-10-2022 12:01,Verified,1PQ4560-6CM90-Z,N-H51476603020001,Jindal Power Ltd.,"IN-New Delhi-Jindal Centre, 12 Bhikaji Cama",Motors HV H-compact (Non-Ex)
IB-7665436,1LA7906-4HF90-Z - D8770100801,08-10-2022 12:17,Verified,1LA7906-4HF90-Z,D8770100801,Indian Petrochemicals Corporation Ltd.,"IN-Mumbai-19th Floor, Air India Bldg.,","Motors HV Tube Cooled (async., Non-Ex)"
IB-10457023,ANGA355LB04P - 5151564,08-10-2022 12:20,Verified,ANGA355LB04P,5151564,Asian Paints Ltd.,"IN-Satara-Plant Plot No. A1 M I D C, Khandala Indl. Area",Motors HV Loher Vario (Non-Ex)
IB-10597827,ANGA355LB04P - -5149631,08-10-2022 12:20,Verified,ANGA355LB04P,-5149631,Asian Paints Ltd.,"IN-Rohtak-Plot No 1, Phase 1 Sector - 30 B",Motors HV Loher Vario (Non-Ex)
IB-10647310,6SL3815-2LP41-8AA1-Z - N-H61468120011001,08-10-2022 12:21,Verified,6SL3815-2LP41-8AA1-Z,N-H61468120011001,Bhushan Power & Steel Ltd.,"IN-Sambalpur-Village Thelkoloi PO Lapanga Tehshill Rengali, District","GM150 IGBT, water cooled"
IB-10648319,6SL3815-2LP41-8AA1-Z - N-H51468120010001,08-10-2022 12:21,Verified,6SL3815-2LP41-8AA1-Z,N-H51468120010001,Bhushan Power & Steel Ltd.,"IN-Sambalpur-Village Thelkoloi PO Lapanga Tehshill Rengali, District","GM150 IGBT, water cooled"
IB-588313,6SL3855-5UM11-1KA0 - N-X2104143-00008,08-10-2022 13:31,Verified,6SL3855-5UM11-1KA0,N-X2104143-00008,Steel Authority of India Ltd.,"IN-Burnpur-IISCO Steel Plant, 7 The Ridge","GL150, water cooled"
IB-588608,LDZ31500335.00 - LDZ31500335.00,08-10-2022 13:31,Verified,LDZ31500335.00,LDZ31500335.00,Nuvoco Vistas Corporation Ltd.,"IN-Raipur-P.O. Raseda, Dist: Balodabazar- Bhatapara","PH GH180, air cooled"
IB-588609,LDZ31500334.00 - LDZ31500334.00,08-10-2022 13:31,Verified,LDZ31500334.00,LDZ31500334.00,Nuvoco Vistas Corporation Ltd.,"IN-Raipur-P.O. Raseda, Dist: Balodabazar- Bhatapara","PH GH180, air cooled"
IB-589196,6SR3502-6HE41-7BH0 - 31501001256,08-10-2022 13:32,Verified,6SR3502-6HE41-7BH0,31501001256,Jsw Techno Projects Management Ltd.,IN-Bellary-Post Vidyanagar,"PH GH180, air cooled"
IB-588583,6SR3502-0HB33-2HB0 - 31501002228,08-10-2022 13:32,Verified,6SR3502-0HB33-2HB0,31501002228,Oil And Natural Gas Corporation Ltd.,IN-Mumbai-Vasundhara Bhawan Bandra (East),"PH GH180, air cooled"
IB-588584,6SR3502-0HB33-2HB0 - 31501002229,08-10-2022 13:32,Verified,6SR3502-0HB33-2HB0,31501002229,Oil And Natural Gas Corporation Ltd.,IN-Mumbai-Vasundhara Bhawan Bandra (East),"PH GH180, air cooled"
IB-589687,6SL3855-5UN11-1KA0 - N-A9283603-00002,08-10-2022 13:32,Verified,6SL3855-5UN11-1KA0,N-A9283603-00002,JSW Steel Ltd.,"IN-Bellary-P.O. Vidyanagar,","GL150, water cooled"
IB-588279,6SR3502-2NB33-2BH0 - 31501002230,08-10-2022 13:32,Verified,6SR3502-2NB33-2BH0,31501002230,Oil And Natural Gas Corporation Ltd.,IN-Mumbai-Vasundhara Bhawan Bandra (East),"PH GH180, air cooled"
IB-640468,NMA:A5E03057793 - N-DO153603-00001,08-10-2022 13:32,Verified,NMA:A5E03057793,N-DO153603-00001,Praxair India Private Ltd.,IN-Marathahalli-Outer Ring Road,Miscellaneous
IB-6157108,6SL3845-7NN41-8AA0 - N-X1154121-00007,08-10-2022 13:40,Verified,6SL3845-7NN41-8AA0,N-X1154121-00007,Steel Authority of India Ltd.,IN-Bokaro-Bokaro Steel City,"SM150 IGCT, water cooled"
IB-6157109,6SL3845-7NN41-8AA0 - N-X1154121-00019,08-10-2022 13:40,Verified,6SL3845-7NN41-8AA0,N-X1154121-00019,Steel Authority of India Ltd.,IN-Bokaro-Bokaro Steel City,"SM150 IGCT, water cooled"
IB-6157110,6SL3845-7NN41-8AA0 - N-X1154121-00013,08-10-2022 13:40,Verified,6SL3845-7NN41-8AA0,N-X1154121-00013,Steel Authority of India Ltd.,IN-Bokaro-Bokaro Steel City,"SM150 IGCT, water cooled"
IB-6157111,6SL3845-7NN41-8AA0 - N-X1154121-00025,08-10-2022 13:40,Verified,6SL3845-7NN41-8AA0,N-X1154121-00025,Steel Authority of India Ltd.,IN-Bokaro-Bokaro Steel City,"SM150 IGCT, water cooled"
IB-6157112,6SL3845-7NN41-8AA0 - N-X1154121-00031,08-10-2022 13:40,Verified,6SL3845-7NN41-8AA0,N-X1154121-00031,Steel Authority of India Ltd.,IN-Bokaro-Bokaro Steel City,"SM150 IGCT, water cooled"
IB-6486246,6SR382-7HG43-7BH0 - STB02W0093-PH-MVD,08-10-2022 13:43,Verified,6SR382-7HG43-7BH0,STB02W0093-PH-MVD,Nuvoco Vistas Corporation Ltd.,"IN-Chittorgarh-Bhawalia, Nimbahera","PH GH180, air cooled"
IB-6316660,6SR3502-6HC38-7BH0-31501002177,08-10-2022 13:43,Verified,6SR3502-6HC38-7BH0,31501002177,JSW Steel Ltd.,"IN-Bellary-P.O. Vidyanagar,","PH GH180, air cooled"
IB-6248815,1LA4316-4AN70 - DSPM/KON/1LA4/001,08-10-2022 13:43,Verified,1LA4316-4AN70,DSPM/KON/1LA4/001,Deevya Shakti Paper Mills Pvt. Ltd.,"IN-Kondurg-Survey No 207-210, Kondurg Village Shadnagar-Pargi Rd.",Motors HV H-compact (Non-Ex)
IB-6355053,1LA4350-2AN00 - N83002634136100003,08-10-2022 13:43,Verified,1LA4350-2AN00,N83002634136100003,Atlas Copco (India) Ltd,"IN-Pune-Sveanagar, Mumbai Pune Rd.",Motors HV H-compact (Non-Ex)
IB-6031473,1LA4354-6AN70 - DSPML/KON/1LA4/008,08-10-2022 13:43,Verified,1LA4354-6AN70,DSPML/KON/1LA4/008,Deevya Shakti Paper Mills Pvt. Ltd.,"IN-Kondurg-Survey No 207-210, Kondurg Village Shadnagar-Pargi Rd.",Motors HV H-compact (Non-Ex)
IB-588809,6SR3802-6HB38-7BH0 - STB08T0001-PH-MVD,08-10-2022 13:44,Verified,6SR3802-6HB38-7BH0,STB08T0001-PH-MVD,Hindalco Industries Ltd.,"IN-Renukoot-P. O. Renukoot, Main Rd.","PH GH180, air cooled"
IB-588575,6SL3845-7NN41-8AA0 - N-W7314121-00005,08-10-2022 13:44,Verified,6SL3845-7NN41-8AA0,N-W7314121-00005,Jindal Stainless Ltd.,IN-Jajapur-Kalinga Nagar Indl. Complex,"SM150 IGCT, water cooled"
IB-588821,6SL3845-7NN41-8AA0 - N-W7314121-00011,08-10-2022 13:44,Verified,6SL3845-7NN41-8AA0,N-W7314121-00011,Jindal Stainless Ltd.,IN-Jajapur-Kalinga Nagar Indl. Complex,"SM150 IGCT, water cooled"
IB-588574,6SL3845-7NN42-2AA0 - N-W7294121-00034,08-10-2022 13:44,Verified,6SL3845-7NN42-2AA0,N-W7294121-00034,Jindal Stainless Ltd.,IN-Jajapur-Kalinga Nagar Indl. Complex,"SM150 IGCT, water cooled"
IB-588820,6SL3845-7NN42-2AA0 - N-W7294121-00046,08-10-2022 13:44,Verified,6SL3845-7NN42-2AA0,N-W7294121-00046,Jindal Stainless Ltd.,IN-Jajapur-Kalinga Nagar Indl. Complex,"SM150 IGCT, water cooled"
IB-588576,6SL3845-7NN43-6AA0 - N-W7294121-00004,08-10-2022 13:44,Verified,6SL3845-7NN43-6AA0,N-W7294121-00004,Jindal Stainless Ltd.,IN-Jajapur-Kalinga Nagar Indl. Complex,"SM150 IGCT, water cooled"
IB-471622,1DZ1741-8AF02-Z - D1031627802,08-10-2022 13:51,Verified,1DZ1741-8AF02-Z,D1031627802,Linde India Ltd.,"IN-Ahmedabad-Unit No. 102 & 103, Rembrandt Bldg., C. G. Rd.","Motors HV H-modyn (sync., salient pole)"
IB-473626,1MS4560-6FV90 - N-AD1295330010001,08-10-2022 13:52,Verified,1MS4560-6FV90,N-AD1295330010001,Brahmaputra Cracker And Polymer Ltd.,"IN-Assam-PO-Lepetkata, Dibrugarh",Motors HV H-compact (Ex)
IB-508494,1PQ4564-6CM90 - N-BO1332602010001,08-10-2022 13:59,Verified,1PQ4564-6CM90,N-BO1332602010001,Steel Authority of India Ltd.,IN-Durgapur-Durgapur Steel Plant,Motors HV H-compact (Non-Ex)
IB-508041,1PQ4564-6CM90 - N-BO1332602015003,08-10-2022 13:59,Verified,1PQ4564-6CM90,N-BO1332602015003,Steel Authority of India Ltd.,IN-Durgapur-Durgapur Steel Plant,Motors HV H-compact (Non-Ex)
IB-507802,1PQ4564-6CM90 - N-BO1332602015001,08-10-2022 13:59,Verified,1PQ4564-6CM90,N-BO1332602015001,Steel Authority of India Ltd.,IN-Durgapur-Durgapur Steel Plant,Motors HV H-compact (Non-Ex)
IB-507294,1PQ4564-6CM90 - N-BO1332602010002,08-10-2022 13:59,Verified,1PQ4564-6CM90,N-BO1332602010002,Steel Authority of India Ltd.,IN-Durgapur-Durgapur Steel Plant,Motors HV H-compact (Non-Ex)
IB-509168,1PQ4564-6CM90 - N-BO1332602010003,08-10-2022 13:59,Verified,1PQ4564-6CM90,N-BO1332602010003,Steel Authority of India Ltd.,IN-Durgapur-Durgapur Steel Plant,Motors HV H-compact (Non-Ex)
IB-509169,1PQ4564-6CM90 - N-BO1332602010004,08-10-2022 13:59,Verified,1PQ4564-6CM90,N-BO1332602010004,Steel Authority of India Ltd.,IN-Durgapur-Durgapur Steel Plant,Motors HV H-compact (Non-Ex)
IB-504404,1PQ4564-6CM90 - N-BO1332602015004,08-10-2022 13:59,Verified,1PQ4564-6CM90,N-BO1332602015004,Steel Authority of India Ltd.,IN-Durgapur-Durgapur Steel Plant,Motors HV H-compact (Non-Ex)
IB-504405,1PQ4564-6CM90 - N-BO1332602015002,08-10-2022 13:59,Verified,1PQ4564-6CM90,N-BO1332602015002,Steel Authority of India Ltd.,IN-Durgapur-Durgapur Steel Plant,Motors HV H-compact (Non-Ex)
IB-502169,1RN1630-2HE70-Z - D9641137601,08-10-2022 14:00,Verified,1RN1630-2HE70-Z,D9641137601,Torrent Energy Ltd.,"IN-Bharuch-Plot No.Z-9,Dgen Mega Power Project Dahej SEZ Area(Eastern S","Motors HV H-modul (async., Non-Ex)"
IB-464006,LDX:DNSW400LN08A - 5151146,08-10-2022 14:00,Verified,LDX:DNSW400LN08A,5151146,Reliance Industries Ltd.,IN-Jamnagar-Village Meghpar/Padana,Motors HV Loher Vario (Ex flameproof)
IB-502174,1SN1632-2HN90-Z - D9541127301,08-10-2022 14:01,Verified,1SN1632-2HN90-Z,D9541127301,Gujarat State Fertilizers & Chemicals Ltd. Attn:Mr.B.D. Hardikar,IN-Vadodara-P.O. Fertilizernagar,"Motors HV H-modul (async., Ex)"
IB-502192,1DX15538A503 - D0531700401,08-10-2022 14:01,Verified,1DX15538A503,D0531700401,Jindal Power Ltd.,"IN-New Delhi-Jindal Centre, 12 Bhikaji Cama","Motors HV H-modyn (sync., cylindrical)"
IB-434345,1DQ3837-8TT03-Z - D0750237601,08-10-2022 14:01,Verified,1DQ3837-8TT03-Z,D0750237601,Jindal Stainless Ltd.,IN-Jajapur-Kalinga Nagar Indl. Complex,"Motors HV Milling Motors (sync., small)"
IB-434346,1DQ3837-8TT03-Z - D0750237602,08-10-2022 14:01,Verified,1DQ3837-8TT03-Z,D0750237602,Jindal Stainless Ltd.,IN-Jajapur-Kalinga Nagar Indl. Complex,"Motors HV Milling Motors (sync., small)"
IB-42987449,1PQ44506AM00Z - N8/3006005416,08-10-2022 14:25,Verified,1PQ44506AM00Z,N8/3006005416,JSW Steel Ltd.,"IN-Toranagallu-PB No 9, Bellary",Motors HV H-compact (Non-Ex)
IB-42955166,1RQ13562IA90Z - N8-3004773390100013,08-10-2022 14:26,Verified,1RQ13562IA90Z,N8-3004773390100013,Visaka Industries Ltd.,"IN-Nagpur-N H No 6, Bhandara Rd., Vil Chiruwa","Motors HV A-compact+ (async., Non-Ex)"
IB-42956926,1PQ4454-6AM00 - 65201803,08-10-2022 14:26,Verified,1PQ4454-6AM00,65201803,JSW Steel Ltd.,"IN-Toranagallu-PB No 9, Bellary",Motors HV H-compact (Non-Ex)
IB-41956166,1PS4568-8BJ70-4BA0-Z - LDX-50000282,08-10-2022 14:28,Verified,1PS4568-8BJ70-4BA0-Z,LDX-50000282,JSW Steel Ltd.,"IN-Boisar-B/6, Tarapur MIDC Ind.Area Navapur Rd., Boisar",Motors HV Loher Vario (Ex flameproof)
IB-41956167,DHSL-560LM-04A - 5150994,08-10-2022 14:28,Verified,DHSL-560LM-04A,5150994,JSW Steel Ltd.,"IN-Boisar-B/6, Tarapur MIDC Ind.Area Navapur Rd., Boisar",Motors HV Loher Vario (Ex flameproof)
IB-41956640,1SG4564-4JW70-Z - N-C81352759020001,08-10-2022 14:28,Verified,1SG4564-4JW70-Z,N-C81352759020001,JSW Projects Ltd.,IN-Toranagallu-Po Vidyanagar,Motors HV H-compact+ (Ex)
IB-41956643,1DE5716-4HC90-Z - N-1340470020001,08-10-2022 14:28,Verified,1DE5716-4HC90-Z,N-1340470020001,JSW Projects Ltd.,IN-Toranagallu-Po Vidyanagar,Motors HV H-compact+ (Non-Ex)
IB-41956654,1DE5716-4HC90-Z - N-1340470010001,08-10-2022 14:28,Verified,1DE5716-4HC90-Z,N-1340470010001,JSW Projects Ltd.,IN-Toranagallu-Po Vidyanagar,Motors HV H-compact+ (Non-Ex)
IB-42845984,6SR5502-2HB36-0BG1 - Z8-204151535-582,08-10-2022 14:43,Verified,6SR5502-2HB36-0BG1,Z8-204151535-582,GACL-NALCO Alkalies & Chemicals Pvt. Ltd.,IN-Bharuch-Plot DII/9/2 P.O. Dahej,"PH GH180, air cooled"
IB-42846183,6SR5502-2HE42-2BG1 - Z8-204251548-214,08-10-2022 14:43,Verified,6SR5502-2HE42-2BG1,Z8-204251548-214,GACL-NALCO Alkalies & Chemicals Pvt. Ltd.,IN-Bharuch-Plot DII/9/2 P.O. Dahej,"PH GH180, air cooled"
IB-42848229,6SR5502-2HE42-2BG1 - Z8-204251548-058,08-10-2022 14:43,Verified,6SR5502-2HE42-2BG1,Z8-204251548-058,GACL-NALCO Alkalies & Chemicals Pvt. Ltd.,IN-Bharuch-Plot DII/9/2 P.O. Dahej,"PH GH180, air cooled"
IB-53733163,6SR5502-2HE42-2BH2 - Z8-222751548-337,08-10-2022 15:27,Active,6SR5502-2HE42-2BH2,Z8-222751548-337,Siemens Ltd.,"IN-Navi Mumbai-Thane Belapur Rd., Airoli","PH GH180, air cooled"
IB-53732751,6SR5502-2HE42-2BH2-Z8-222751548-1B3,08-10-2022 15:27,Verified,6SR5502-2HE42-2BH2,Z8-222751548-1B3,Deccan Cements Ltd.,IN-Nalgonda,"PH GH180, air cooled"
IB-53739093,6SR5502-2HE42-2BH2-Z8-222751548-385,08-10-2022 15:27,Active,6SR5502-2HE42-2BH2,Z8-222751548-385,Deccan Cements Ltd.,"IN-Nalgonda-Bhavanipuram, Janpahad P.O. Suryapet District","PH GH180, air cooled"
IB-53734435,6SR5502-2HE42-2BH2 - Z8-222751548-339,08-10-2022 15:27,Active,6SR5502-2HE42-2BH2,Z8-222751548-339,Siemens Ltd.,"IN-Navi Mumbai-Thane Belapur Rd., Airoli","PH GH180, air cooled"
IB-53725827,6SR5502-5ND42-5BH2 - Z8-222850844-38C,08-10-2022 15:27,Verified,6SR5502-5ND42-5BH2,Z8-222850844-38C,Telangana Drinking Water Supply Corporation Ltd.,"IN-Hyderabad-Room No.302, 3rd Floor, Srtgn","PH GH180, air cooled"
IB-53741644,6SR5502-5ND42-5BH2 - Z8-222850844-38D,08-10-2022 15:27,Verified,6SR5502-5ND42-5BH2,Z8-222850844-38D,Telangana Drinking Water Supply Corporation Ltd.,"IN-Hyderabad-Room No.302, 3rd Floor, Srtgn","PH GH180, air cooled"
IB-24869246,6SL3951-5RC10-0BA0 - N-JN223603-00001,08-10-2022 20:35,Verified,6SL3951-5RC10-0BA0,N-JN223603-00001,Tata Steel Ltd.,IN-Jamshedpur-General Office Bldg. Near Bistupur,GL150 CU
IB-24636673,6SR4802-2HA34-0BH1 - STB8J0315PHG4400,08-10-2022 20:41,Verified,6SR4802-2HA34-0BH1,STB8J0315PHG4400,Steel Authority of India Ltd.,"IN-Burnpur-IISCO Steel Plant, 7 The Ridge","PH GH180, air cooled"
IB-32300814,6SR3602-7XB32-5BH0 - SJK9023740460200001,08-10-2022 21:48,Verified,6SR3602-7XB32-5BH0,SJK9023740460200001,National Institute of Ocean Technology,"IN-Chennai-Velacherry-Tambaram Main Rd., Narayanapuram, Pallikaranai","PH GH180, air cooled"
IB-22636243,6SR4602-0CC35-0AJ0 - S-JHN021041980500001,08-10-2022 23:06,Verified,6SR4602-0CC35-0AJ0,S-JHN021041980500001,Gujarat State Fertilizers & Chemicals Ltd.,IN-Vadodara-P.O. Fertilizernagar,"PH GH180, air cooled"
IB-22636408,6SR4602-0CB33-0AJ0 - S-JJ1021041980300004,08-10-2022 23:06,Verified,6SR4602-0CB33-0AJ0,S-JJ1021041980300004,Gujarat State Fertilizers & Chemicals Ltd.,IN-Vadodara-P.O. Fertilizernagar,"PH GH180, air cooled"
IB-22635945,6SR4602-0CB33-0AJ0 - S-JJ1021041980300002,08-10-2022 23:06,Verified,6SR4602-0CB33-0AJ0,S-JJ1021041980300002,Gujarat State Fertilizers & Chemicals Ltd.,IN-Vadodara-P.O. Fertilizernagar,"PH GH180, air cooled"
IB-22635986,6SR4602-0CB33-0AJ0 - S-JJ1021041980300003,08-10-2022 23:06,Verified,6SR4602-0CB33-0AJ0,S-JJ1021041980300003,Gujarat State Fertilizers & Chemicals Ltd.,IN-Vadodara-P.O. Fertilizernagar,"PH GH180, air cooled"
IB-22636071,6SR4602-0CB33-0AJ0 - S-JHN021041980200001,08-10-2022 23:06,Verified,6SR4602-0CB33-0AJ0,S-JHN021041980200001,Gujarat State Fertilizers & Chemicals Ltd.,IN-Vadodara-P.O. Fertilizernagar,"PH GH180, air cooled"
IB-22636154,6SR4602-0CB33-0AJ0 - S-JJ1021041980300001,08-10-2022 23:06,Verified,6SR4602-0CB33-0AJ0,S-JJ1021041980300001,Gujarat State Fertilizers & Chemicals Ltd.,IN-Vadodara-P.O. Fertilizernagar,"PH GH180, air cooled"
IB-22669503,6SR4802-2HE42-2BH1 - STB4K0403PHG42250,08-10-2022 23:07,Verified,6SR4802-2HE42-2BH1,STB4K0403PHG42250,Ultratech Cement Ltd.,"IN-Krishna-Survey No. 99, Vill - Post Budawad","PH GH180, air cooled"
IB-22895369,6SR4802-2HE42-2BH1 - STB3K0388PHG42250,08-10-2022 23:07,Verified,6SR4802-2HE42-2BH1,STB3K0388PHG42250,ACC Ltd.,"IN-Katni-Kymore Cement Works, P.O. Kymore","PH GH180, air cooled"
IB-22162680,6SR4802-2HC41-2FH1 - STB7J0296PHG41250,08-10-2022 23:07,Verified,6SR4802-2HC41-2FH1,STB7J0296PHG41250,Ambuja Cements Ltd.,"IN-Kodinar-P. O. Ambuja Nagar, Tal. Kodinar, Amreli","PH GH180, air cooled"
IB-22162722,6SR4802-2HC41-2FH1 - STB7J0297PHG41250,08-10-2022 23:07,Verified,6SR4802-2HC41-2FH1,STB7J0297PHG41250,Ambuja Cements Ltd.,"IN-Kodinar-P. O. Ambuja Nagar, Tal. Kodinar, Amreli","PH GH180, air cooled"
IB-22143283,6SR4802-2HE41-7BH1 - STB4K-0400-PHG41750,08-10-2022 23:08,Verified,6SR4802-2HE41-7BH1,STB4K-0400-PHG41750,Ultratech Cement Ltd.,"IN-Solan-Village Baga, Post Kandhar","PH GH180, air cooled"
IB-22343352,6SR4802-2HE41-7BH1 - STB4K0408PHG41750,08-10-2022 23:08,Verified,6SR4802-2HE41-7BH1,STB4K0408PHG41750,Ultratech Cement Ltd.,IN-Rewa-Jaypee Puram P.O. Jaypee Puram,"PH GH180, air cooled"
IB-22343363,6SR4802-2HE41-7BH1 - STB4K0409PHG41750,08-10-2022 23:08,Verified,6SR4802-2HE41-7BH1,STB4K0409PHG41750,Ultratech Cement Ltd.,IN-Rewa-Jaypee Puram P.O. Jaypee Puram,"PH GH180, air cooled"
IB-22895376,6SR4802-2HE41-7BH1 - STB3K0387PHG41750,08-10-2022 23:08,Verified,6SR4802-2HE41-7BH1,STB3K0387PHG41750,ACC Ltd.,"IN-Katni-Kymore Cement Works, P.O. Kymore","PH GH180, air cooled"
IB-22775069,6SR4802-2HE41-7BH1 - STB-4K0404-PHG4-1750,08-10-2022 23:08,Verified,6SR4802-2HE41-7BH1,STB-4K0404-PHG4-1750,ULTRATECH CEMENT LIMITED,"IN-Madya Pradesh-Sidhi Cement Works,Jaypee Vihar Majhigawan, Bharatpur Sidhi","PH GH180, air cooled"
IB-22186049,6SR4802-2HC41-0BH1 - STB1K0372PHG41000,08-10-2022 23:08,Verified,6SR4802-2HC41-0BH1,STB1K0372PHG41000,Bangalore Water Supply And Sewerage Board,IN-Bangalore-VARTHUR,"PH GH180, air cooled"
IB-61987225,6SR5502-2HC41-2BH2-Z8-232151540-020,30-10-2023 20:02,Verified,6SR5502-2HC41-2BH2,Z8-232151540-020,JSW Vijayanagar Metallics Ltd.,"IN-Bellary-P.O. Vidyanagar,","PH GH180, air cooled"
IB-54406298,6SR5502-2HE42-0BH2-Z8-223451548-253,15-06-2023 15:52,Verified,6SR5502-2HE42-0BH2,Z8-223451548-253,"Tata Steel Ltd, Kalinganagar",IN-Jajpur-Block2,"PH GH180, air cooled"
IB-54829470,6SR5502-2HE42-0BH2 - Z8-223651548-251,15-06-2023 18:27,Verified,6SR5502-2HE42-0BH2,Z8-223651548-251,My Home Industries Pvt. Ltd.,"IN-Nalgonda-Srinagar, Mellacheruvu Village &","PH GH180, air cooled"
IB-54832554,6SR5502-2HD41-5BH2 - Z8-223651544-252,15-06-2023 18:35,Verified,6SR5502-2HD41-5BH2,Z8-223651544-252,My Home Industries Pvt. Ltd.,"IN-Nalgonda-Srinagar, Mellacheruvu Village &","PH GH180, air cooled"
IB-60498961,6SR5502-2HG43-0BH2 - Z8-231451590-01C,15-06-2023 19:11,Verified,6SR5502-2HG43-0BH2,Z8-231451590-01C,Arcelormittal Nippon Steel India Ltd.,"IN-Keonjhar-Beneficiation Plant,","PH GH180, air cooled"
IB-60655750,1RN7806-6PS50-0CJ0-Z - DVY/16571361201,15-06-2023 19:31,Active,1RN7806-6PS50-0CJ0-Z,DVY/16571361201,Arcelormittal Nippon Steel India Ltd.,"IN-Hazira-27Km, Surat Hazira Rd., Surat",Motors HV Innomotics HV M (Non-Ex)
IB-60655763,1RQ7802-4JT90-0CJ0-Z - DVY/16568511001,15-06-2023 19:31,Active,1RQ7802-4JT90-0CJ0-Z,DVY/16568511001,Kutch Copper Ltd.,IN-Mundra-Plot no.1 sector 04N S.No 295/Paiki,Motors HV Innomotics HV M (Non-Ex)
IB-60664595,1RN7806-6PS50-0CJ0-Z - DVY/16571361101,15-06-2023 19:31,Active,1RN7806-6PS50-0CJ0-Z,DVY/16571361101,Arcelormittal Nippon Steel India Ltd.,"IN-Hazira-27Km, Surat Hazira Rd., Surat",Motors HV Innomotics HV M (Non-Ex)
IB-60664613,1RN7806-6PS50-0CJ0-Z - DVY/16571361301,15-06-2023 19:31,Active,1RN7806-6PS50-0CJ0-Z,DVY/16571361301,Arcelormittal Nippon Steel India Ltd.,"IN-Hazira-27Km, Surat Hazira Rd., Surat",Motors HV Innomotics HV M (Non-Ex)
IB-60664616,COOLING FAN-Z - DVY/16568526001,15-06-2023 19:31,Active,COOLING FAN-Z,DVY/16568526001,Kutch Copper Ltd.,IN-Mundra-Plot no.1 sector 04N S.No 295/Paiki,Miscellaneous (F)
IB-66838156,6SR5502-2HC41-0BH2 - Z8-234651540-48D,25-01-2024 21:14,Active,6SR5502-2HC41-0BH2,Z8-234651540-48D,SIEMENS Ltd. (MUMBAI OFFICE),"IN-MUMBAI-130, PANDURANG BUDHKAR MARG,","PH GH180, air cooled"
IB-41576053,6SR4802-2HB38-0BH1 - STB-1J0259-PHG4800,06-10-2022 22:14,Verified,6SR4802-2HB38-0BH1,STB-1J0259-PHG4800,Bhushan Energy Ltd.,"IN-Narendra Pur-P.O. Shibapur, Village Meramandali District  Dhenkanal","PH GH180, air cooled"
IB-46875904,1RQ14548IA74Z - KW180865114076,07-10-2022 03:11,Verified,1RQ14548IA74Z,KW180865114076,Megha Engineering and infrastructures Ltd,"IN -Bengalore,Karnataka-Chickballapur Lift-3, Prarthana Kaveri Layout, near NLCI, Horamavu Agar","Motors HV A-compact+ (async., Non-Ex)"
IB-46875905,1RQ14548IA74Z - KW180865110470,07-10-2022 03:11,Verified,1RQ14548IA74Z,KW180865110470,Megha Engineering and infrastructures Ltd,"IN -Bengalore,Karnataka-Chickballapur Lift-3, Prarthana Kaveri Layout, near NLCI, Horamavu Agar","Motors HV A-compact+ (async., Non-Ex)"
IB-47656385,6SR5502-2HC41-2BH2 - Z8-213451540-083,07-10-2022 03:18,Verified,6SR5502-2HC41-2BH2,Z8-213451540-083,Hindustan petroleum Corporation Ltd,IN-Navi Mumbai-UCSPL LPG P/L,"PH GH180, air cooled"
IB-47781777,6SR5502-2HC41-2BH2 - Z8-213451540-18A,07-10-2022 03:18,Verified,6SR5502-2HC41-2BH2,Z8-213451540-18A,The Ramco Cements Ltd.,IN-Perambalur-Cement Nagar Post,"PH GH180, air cooled"
IB-47780997,6SR5502-2HC41-2BH2 - Z8-213451540-156,07-10-2022 03:18,Verified,6SR5502-2HC41-2BH2,Z8-213451540-156,The Ramco Cements Ltd.,IN-Perambalur-Cement Nagar Post,"PH GH180, air cooled"
IB-47781283,6SR5502-2HC41-2BH2 - Z8-213451540-232,07-10-2022 03:18,Verified,6SR5502-2HC41-2BH2,Z8-213451540-232,The Ramco Cements Ltd.,IN-Perambalur-Cement Nagar Post,"PH GH180, air cooled"
IB-47767090,6SL3850-5UP20-9AA0-Z - N-N95028235011001,07-10-2022 03:19,Verified,6SL3850-5UP20-9AA0-Z,N-N95028235011001,Bharat Heavy Electricals Ltd.,IN-Bangalore-Mysore Rd.,"GL150, air cooled"
IB-47766828,6SL3850-5UP20-9AA0-Z - N-N95028235010001,07-10-2022 03:19,Verified,6SL3850-5UP20-9AA0-Z,N-N95028235010001,Bharat Heavy Electricals Ltd.,IN-Bangalore-Mysore Rd.,"GL150, air cooled"
IB-47767351,6SL3850-5UP20-9AA0-Z - N-N95028235020001,07-10-2022 03:19,Verified,6SL3850-5UP20-9AA0-Z,N-N95028235020001,Bharat Heavy Electricals Ltd.,IN-Bangalore-Mysore Rd.,"GL150, air cooled"
IB-47767611,6SL3850-5UP20-9AA0-Z - N-N95028235021001,07-10-2022 03:19,Verified,6SL3850-5UP20-9AA0-Z,N-N95028235021001,Bharat Heavy Electricals Ltd.,IN-Bangalore-Mysore Rd.,"GL150, air cooled"
IB-37036796,6SR4502-2HJ45-7BH1 - Z8-194144509-183,07-10-2022 04:16,Verified,6SR4502-2HJ45-7BH1,Z8-194144509-183,Nuvoco Vistas Corporation Ltd.,"IN-Chittorgarh-Bhawalia, Nimbahera","PH GH180, air cooled"
IB-37139934,6SR5502-2HC41-2JH1 - Z8-194351540-551,07-10-2022 04:16,Active,6SR5502-2HC41-2JH1,Z8-194351540-551,Yantra Harvest Energy Pvt. Ltd.,"IN-Pune-Shed No. 4, Anant Indl. Estate Narhe Rd. Dhayari Gaon","PH GH180, air cooled"
IB-27423217,6SR4502-5ND42-2BH1 - Z8-184743804-672,07-10-2022 04:30,Verified,6SR4502-5ND42-2BH1,Z8-184743804-672,Ultratech Cement Ltd.,"IN-Krishna-Survey No. 99, Vill - Post Budawad","PH GH180, air cooled"
IB-27403659,6RN8011-2SE41-2AA0-Z - N-KN1529994102001,07-10-2022 04:31,Verified,6RN8011-2SE41-2AA0-Z,N-KN1529994102001,JSW Steel Ltd.,"IN-Raigarh-Survey No. 96/1, 96/2 97/0 Village Khar Karavi, Taluka Pen",Excitation Units
IB-27403662,6RN8011-2SE41-2AA0-Z - N-KN1529994103001,07-10-2022 04:31,Verified,6RN8011-2SE41-2AA0-Z,N-KN1529994103001,JSW Steel Ltd.,"IN-Raigarh-Survey No. 96/1, 96/2 97/0 Village Khar Karavi, Taluka Pen",Excitation Units
IB-27404259,6RN8011-1SH42-0AA0-Z - N-KN1529994091001,07-10-2022 04:31,Verified,6RN8011-1SH42-0AA0-Z,N-KN1529994091001,JSW Steel Ltd.,"IN-Raigarh-Survey No. 96/1, 96/2 97/0 Village Khar Karavi, Taluka Pen",Excitation Units
IB-27404261,6RN8011-1SH42-0AA0-Z - N-KD1529994092001,07-10-2022 04:31,Verified,6RN8011-1SH42-0AA0-Z,N-KD1529994092001,JSW Steel Ltd.,"IN-Raigarh-Survey No. 96/1, 96/2 97/0 Village Khar Karavi, Taluka Pen",Excitation Units
IB-27403208,1RN4632-8FV90-Z - N-KN1533051020001,07-10-2022 04:31,Verified,1RN4632-8FV90-Z,N-KN1533051020001,JSW Steel Ltd.,"IN-Raigarh-Survey No. 96/1, 96/2 97/0 Village Khar Karavi, Taluka Pen",Motors HV H-compact+ (Non-Ex)
IB-27403255,1DX1742-8BS02-Z - D1731705701,07-10-2022 04:31,Active,1DX1742-8BS02-Z,D1731705701,JSW Steel Ltd.,"IN-Bellary-P.O. Vidyanagar,","Motors HV H-modyn (sync., cylindrical)"
IB-27403281,1PQ4564-8CM90-Z - N-KN1533051100001,07-10-2022 04:31,Verified,1PQ4564-8CM90-Z,N-KN1533051100001,JSW Steel Ltd.,"IN-Raigarh-Survey No. 96/1, 96/2 97/0 Village Khar Karavi, Taluka Pen",Motors HV H-compact (Non-Ex)
IB-50530310,1PS5350-0BH90-4BA0-Z - P2LDX/50003157,07-10-2022 05:28,Active,1PS5350-0BH90-4BA0-Z,P2LDX/50003157,Indian Oil Corporation Ltd.,IN-Paradip-P.O. Paradip At. Po. Jhimani - Via Kujang Dist. Jagatsinghpur,Motors HV Loher Vario (Ex flameproof)
IB-49371676,6SR5502-2HB37-0BF2 - Z8-214251535-44B,07-10-2022 06:44,Active,6SR5502-2HB37-0BF2,Z8-214251535-44B,Icm Mp,"IN -Worli, Mumbai","PH GH180, air cooled"
IB-49371955,6SR5502-2HB37-0BF2 - Z8-214251535-4C3,07-10-2022 06:44,Active,6SR5502-2HB37-0BF2,Z8-214251535-4C3,Icm Mp,"IN -Worli, Mumbai","PH GH180, air cooled"
IB-49371862,6SR5502-2HB37-0BF2 - Z8-214251535-4C0,07-10-2022 06:44,Active,6SR5502-2HB37-0BF2,Z8-214251535-4C0,Icm Mp,"IN -Worli, Mumbai","PH GH180, air cooled"
IB-49371769,6SR5502-2HB37-0BF2 - Z8-214251535-44C,07-10-2022 06:44,Active,6SR5502-2HB37-0BF2,Z8-214251535-44C,Icm Mp,"IN -Worli, Mumbai","PH GH180, air cooled"
IB-49381372,6SR4802-5HD41-7BH1 - STBOH0251PHG41500,07-10-2022 06:44,Verified,6SR4802-5HD41-7BH1,STBOH0251PHG41500,Soil & Enviro Industries Pvt. Ltd.,"IN-Kolkata-40 / 6, Gariahat Rd. ( S)","PH GH180, air cooled"
IB-49097002,6SR5502-2HF43-0BH2 - Z8-214551552-5BC,07-10-2022 06:46,Active,6SR5502-2HF43-0BH2,Z8-214551552-5BC,Siemens Limited,"IN-Navi Mumbai-Kharghar, Plot - II Sector - 2","PH GH180, air cooled"
IB-49095484,6SR5502-2HF43-0BH2 - Z8-214651552-02C,07-10-2022 06:46,Active,6SR5502-2HF43-0BH2,Z8-214651552-02C,Siemens Limited,"IN-Navi Mumbai-Kharghar, Plot - II Sector - 2","PH GH180, air cooled"
IB-48789584,6SR5502-2HC41-2BH2 - Z8-214251540-555,07-10-2022 06:46,Verified,6SR5502-2HC41-2BH2,Z8-214251540-555,JSW Dolvi Ltd,"IN-Raigad-Geetapuram,Dolvi, Taluka Pen, Dist.","PH GH180, air cooled"
IB-48789392,6SR5502-2HC41-2BH2 - Z8-214251540-554,07-10-2022 06:46,Verified,6SR5502-2HC41-2BH2,Z8-214251540-554,JSW Dolvi Ltd,"IN-Raigad-Geetapuram,Dolvi, Taluka Pen, Dist.","PH GH180, air cooled"
IB-48787642,6SR5502-2HC41-2BH2 - Z8-214251540-558,07-10-2022 06:46,Verified,6SR5502-2HC41-2BH2,Z8-214251540-558,JSW Dolvi Ltd,"IN-Raigad-Geetapuram,Dolvi, Taluka Pen, Dist.","PH GH180, air cooled"
IB-49091139,6SR5502-5ND42-0BH2 - Z8-214450844-0E3,07-10-2022 06:49,Verified,6SR5502-5ND42-0BH2,Z8-214450844-0E3,Jaykaycem (Central) Ltd.,"IN-Amanganj-NA, C/o Rudra Pratap Tiwari Ward No. 14, Gunnore Rd.","PH GH180, air cooled"
IB-48547725,1RN6450-4HP90-Z - N-D91389006015001,07-10-2022 06:49,Active,1RN6450-4HP90-Z,N-D91389006015001,Siemens Ltd.,IN-Mumbai-Thane Belapur Road,Motors HV Innomotics HV M (Non-Ex)
IB-49096299,6SR4502-5NG46-0BH2 - Z8-214545807-11C,07-10-2022 06:49,Verified,6SR4502-5NG46-0BH2,Z8-214545807-11C,Jaykaycem (Central) Ltd.,"IN-Amanganj-NA, C/o Rudra Pratap Tiwari Ward No. 14, Gunnore Rd.","PH GH180, air cooled"
IB-49096538,6SR4502-5NG46-0BH2 - Z8-214545807-3FB,07-10-2022 06:49,Verified,6SR4502-5NG46-0BH2,Z8-214545807-3FB,Jaykaycem (Central) Ltd.,IN-Madhya Pradesh-Amanganj District: Panna Panna,"PH GH180, air cooled"
IB-49093217,6SR4502-5NG46-0BH2 - Z8-214545807-0BD,07-10-2022 06:49,Verified,6SR4502-5NG46-0BH2,Z8-214545807-0BD,Jaykaycem (Central) Ltd.,"IN-Hamirpur-Village Ingotha, Revenue","PH GH180, air cooled"
IB-49093979,6SR5502-5NC42-0BH2 - Z8-214450840-13D,07-10-2022 06:49,Verified,6SR5502-5NC42-0BH2,Z8-214450840-13D,Jaykaycem (Central) Ltd.,"IN-Amanganj-NA, C/o Rudra Pratap Tiwari Ward No. 14, Gunnore Rd.","PH GH180, air cooled"
IB-49095023,6SR5502-5NF44-5BH2 - Z8-214550852-136,07-10-2022 06:49,Verified,6SR5502-5NF44-5BH2,Z8-214550852-136,Jaykaycem (Central) Ltd.,"IN-Amanganj-NA, C/o Rudra Pratap Tiwari Ward No. 14, Gunnore Rd.","PH GH180, air cooled"
IB-48549460,1RN4636-6FM90-Z - N-KD1533051130001,07-10-2022 07:01,Verified,1RN4636-6FM90-Z,N-KD1533051130001,"JSW Steel, Dolvi Works",IN -Rheinberg-Saalhoffer Str. 17,Motors HV H-compact+ (Non-Ex)
IB-48767551,6SL3810-2LP31-8AA0-Z - N-K81529994073001,07-10-2022 07:01,Verified,6SL3810-2LP31-8AA0-Z,N-K81529994073001,JSW Steel Ltd.,"IN -Dolvi, Maharashtra-Dharamatar, Taluka - Pen, District-","GM150 IGBT, air cooled"
IB-52257344,6SR3802-6HF42-5BH0-Z - STB01V0027-PH-MVD,07-10-2022 11:01,Verified,6SR3802-6HF42-5BH0-Z,STB01V0027-PH-MVD,Tata Steel Ltd.,"IN-Jajpur-Block-2, General Admin Office Kalinga Nagar Indl. Complex","PH GH180, air cooled"
IB-12607107,1PS5637-7BJ70-4CA0-Z - LDX/50001060,08-10-2022 12:01,Verified,1PS5637-7BJ70-4CA0-Z,LDX/50001060,HPCL-Milttal Pipelines Ltd.,"IN-Jalor-IPS-3, Dhansa, Nr Primary School: Vill: Dhansa Via Modran: B",Motors HV Loher Vario (Ex flameproof)
IB-12613699,1PQ4564-6CM90 - N8-3001985085,08-10-2022 12:02,Verified,1PQ4564-6CM90,N8-3001985085,Vizag Steel Project,IN-Visakhapatnam-Administration Bldg.,Motors HV H-compact (Non-Ex)
IB-16280249,1PQ4564-6CM90 - 3001985085,08-10-2022 12:02,Verified,1PQ4564-6CM90,3001985085,VIZAG STEEL,IN-VISAKHAPATNAM-Steel Plant Road,Motors HV H-compact (Non-Ex)
IB-6691091,6SL3855-5UN11-3KA0 - N-C9283603-00014,08-10-2022 12:12,Verified,6SL3855-5UN11-3KA0,N-C9283603-00014,Tata Steel Ltd.,"IN-Jajpur-Block-2, General Admin Office Kalinga Nagar Indl. Complex","GL150, water cooled"
IB-7665324,1RQ1714-4HN70-Z - D8675100401,08-10-2022 12:19,Verified,1RQ1714-4HN70-Z,D8675100401,Engineers India Ltd.,"IN-New Delhi-EI Bhavan,1, Bhikaiji Cama Place,","Motors HV H-modul (async., Non-Ex)"
IB-7665325,1RQ1714-4HN70-Z - D8675100402,08-10-2022 12:19,Verified,1RQ1714-4HN70-Z,D8675100402,Engineers India Ltd.,"IN-New Delhi-EI Bhavan,1, Bhikaiji Cama Place,","Motors HV H-modul (async., Non-Ex)"
IB-10232813,1DE5906-6FC90-Z - 5004825040001,08-10-2022 12:21,Verified,1DE5906-6FC90-Z,5004825040001,Steel Authority of India Ltd.,"IN-Rourkela-Mm Projects Bldg. Sail,","Motors HV VEM (Siemens labeled, sync.)"
IB-10232814,1DE5906-6FC90-Z - 5004825030001,08-10-2022 12:21,Verified,1DE5906-6FC90-Z,5004825030001,Steel Authority of India Ltd.,"IN-Rourkela-Mm Projects Bldg. Sail,","Motors HV VEM (Siemens labeled, sync.)"
IB-9530027,A5E02606385 - STB07S0008-DCC-182AC,08-10-2022 12:21,Verified,A5E02606385,STB07S0008-DCC-182AC,BEML Ltd.,"IN-Singrauli-Singrauli PB No.5,","PH GH180, air cooled"
IB-9530028,A5E02606385 - STB06S0008-DCC-182AC,08-10-2022 12:21,Verified,A5E02606385,STB06S0008-DCC-182AC,BEML Ltd.,"IN-Singrauli-Singrauli PB No.5,","PH GH180, air cooled"
IB-9543692,1LA4452-4AN70-Z - N-H11471759010001,08-10-2022 12:21,Verified,1LA4452-4AN70-Z,N-H11471759010001,Komatsu India Pvt. Ltd.,"IN-Chennai-Plot No.A-1, SIPCOT Indl. Park",Motors HV H-compact (Non-Ex)
IB-9091804,1SQ4636-4HY70-Z - N-FD5015693010001,08-10-2022 12:21,Verified,1SQ4636-4HY70-Z,N-FD5015693010001,Reliance Industries Ltd.,IN-Jamnagar-Village Meghpar/Padana,Motors HV H-compact+ (Ex)
IB-7726998,1RN4634-8FM90-Z - N-EN1419922010001,08-10-2022 12:24,Verified,1RN4634-8FM90-Z,N-EN1419922010001,Tata Steel Downstream Products Ltd.,IN-Jamshedpur-Cr Unit Inside Tata Steel Work,Motors HV H-compact+ (Non-Ex)
IB-11265945,6SR3502-0HF41-4BH0 - A5E03313892,08-10-2022 12:24,Verified,6SR3502-0HF41-4BH0,A5E03313892,Tata Steel Ltd.,IN-Jamshedpur-General Office Bldg. Near Bistupur Police Station Main,"PH GH180, air cooled"
IB-10294983,6SR3502-0HF41-4BH0 - 31501000953,08-10-2022 12:24,Verified,6SR3502-0HF41-4BH0,31501000953,TATA STEEL LTD,IN-Orissa --Kalinga Nagar,"PH GH180, air cooled"
IB-11072695,6SR3502-0HF41-4BH0 - A5E03313891,08-10-2022 12:24,Verified,6SR3502-0HF41-4BH0,A5E03313891,Tata Steel Ltd.,IN-Jamshedpur-General Office Bldg. Near Bistupur Police Station Main,"PH GH180, air cooled"
IB-5766098,D35590C - 960538,08-10-2022 13:29,Verified,D35590C,960538,Linde India Ltd.,"IN-Jamshedpur-Tonnage plant (2,250 tpd & 1,290)",Non-Innomotics HV Motors
IB-5766100,KL900--2000 - S1--70452/1,08-10-2022 13:29,Verified,KL900--2000,S1--70452/1,Linde India Ltd.,"IN-Jamshedpur-Tonnage plant (2,250 tpd & 1,290)",Non-Innomotics HV Motors
IB-5766106,ITC4929 - 49204A/21-11-01,08-10-2022 13:29,Verified,ITC4929,49204A/21-11-01,Linde India Ltd.,"IN-Jamshedpur-Tonnage plant (2,250 tpd & 1,290)",Non-Innomotics HV Motors
IB-5766107,ITC4929 - 49204A/21-11-2,08-10-2022 13:29,Verified,ITC4929,49204A/21-11-2,Linde India Ltd.,"IN-Jamshedpur-Tonnage plant (2,250 tpd & 1,290)",Non-Innomotics HV Motors
IB-522179,6SL3855-5UP21-8KA0 - SN-BN233603-00005,08-10-2022 13:51,To be verified,6SL3855-5UP21-8KA0,N-BN233603-00005,TATA STEEL LTD,IN-Orissa --Kalinga Nagar,"GL150, water cooled"
IB-470645,1DZ1741-8AF02 - D1031627801,08-10-2022 13:52,Verified,1DZ1741-8AF02,D1031627801,Linde India Ltd.,"IN-Ahmedabad-Unit No. 102 & 103, Rembrandt Bldg., C. G. Rd.","Motors HV H-modyn (sync., salient pole)"
IB-243768,1LA4450-2GD90 - N-U11172201010001,08-10-2022 13:56,Verified,1LA4450-2GD90,N-U11172201010001,Sintex Industries Ltd.,IN-Kalol-Kalol (N. Gujarat),Motors HV H-compact (Non-Ex)
IB-295073,1RN4506-8FM90 - N-WO1225975030001,08-10-2022 13:57,Verified,1RN4506-8FM90,N-WO1225975030001,Jindal Stainless Ltd.,IN-Jajapur-Kalinga Nagar Indl. Complex,Motors HV H-compact+ (Non-Ex)
IB-388276,DNUW500LX12A - 5144684,08-10-2022 13:58,Verified,DNUW500LX12A,5144684,VVF Ltd.,"IN-Mumbai-109, Sion (East), Opp Sion Fort Garden",Motors HV Loher Vario (Ex flameproof)
IB-429800,LDX:DHSL450LM04A - 5149185,08-10-2022 13:59,Active,LDX:DHSL450LM04A,5149185,Steel Authority of India Ltd.,IN-Singbhum-Po Meghataburru Dist,Motors HV Loher Vario (Ex flameproof)
IB-429960,LDX:DHSL450LM04A - 5149186,08-10-2022 13:59,Active,LDX:DHSL450LM04A,5149186,Steel Authority of India Ltd.,IN-Singbhum-Po Meghataburru Dist,Motors HV Loher Vario (Ex flameproof)
IB-478197,LDX:DHSL450LM04A - 5151222,08-10-2022 13:59,Verified,LDX:DHSL450LM04A,5151222,Tata Steel Ltd.,IN-Jamshedpur-General Office Bldg. Near Bistupur,Motors HV Loher Vario (Ex flameproof)
IB-478198,LDX:DHSL450LM04A - 5151221,08-10-2022 13:59,Verified,LDX:DHSL450LM04A,5151221,Tata Steel Ltd.,IN-Jamshedpur-General Office Bldg. Near Bistupur,Motors HV Loher Vario (Ex flameproof)
IB-478199,LDX:DHSL450LM04A - 5151220,08-10-2022 13:59,Verified,LDX:DHSL450LM04A,5151220,Tata Steel Ltd.,IN-Jamshedpur-General Office Bldg. Near Bistupur,Motors HV Loher Vario (Ex flameproof)
IB-429212,LDX:DNSW400LN18A - 5150099,08-10-2022 14:00,Verified,LDX:DNSW400LN18A,5150099,Indian Oil Corporation Ltd.,IN-Begusarai-PO Barauni Oil Refinery,Motors HV Loher Vario (Ex flameproof)
IB-404560,1TZ1549-8AF02-Z - D0631412701,08-10-2022 14:02,Verified,1TZ1549-8AF02-Z,D0631412701,Hindalco Industries Ltd.,"IN-Renukoot-P. O. Renukoot, Main Rd.",Motors HV H-modyn (async.)
IB-43168037,6SR4502-0CF41-5BH0 - Z8-210240306-746,08-10-2022 14:21,Verified,6SR4502-0CF41-5BH0,Z8-210240306-746,MB Power (Madhya Pradesh) Ltd.,"IN-Anuppur-Laharpur, Jaithari","PH GH180, air cooled"
IB-43155192,6SR5502-5ND42-0BH1 - Z8-210450844-119,08-10-2022 14:21,To be verified,6SR5502-5ND42-0BH1,Z8-210450844-119,Balaji Action Buildwell Pvt. Ltd.,"IN-Sitarganj-C-34(a), Eldeco Sidcul","PH GH180, air cooled"
IB-41876458,A5E01511750 - STB03R0005-DCC-295HD,08-10-2022 15:02,Verified,A5E01511750,STB03R0005-DCC-295HD,BEML Ltd.,"IN-Singrauli-Singrauli PB No.5,",Robicon (MV) / ASIRobicon Products
IB-41260699,6SR4102-2HF42-0BH0 - N-W7043622-00001,08-10-2022 15:11,Verified,6SR4102-2HF42-0BH0,N-W7043622-00001,Bharat Oman Refineries Ltd.,IN-Bina-Bina Refinery,"PH GH180, air cooled"
IB-40931426,6SL3951-0RC10-0BA0-Z,08-10-2022 15:20,Verified,6SL3951-0RC10-0BA0-Z,,Hindustan Petroleum Corporation Ltd.,"IN-Visakhapatnam-HPCL, Viskha Refinery, PB # 15,",GL150 CU
IB-24685824,6SR3802-7HG43-0BH0 - STB8K0440PHG3e3000,08-10-2022 20:28,Verified,6SR3802-7HG43-0BH0,STB8K0440PHG3e3000,Ultratech Cement Ltd.,"IN-Solan-Village Baga, Post Kandhar","PH GH180, air cooled"
IB-24709617,NMA:A5E44645356 - N-5020405100001,08-10-2022 20:42,Active,NMA:A5E44645356,N-5020405100001,Siemens Ltd DT-MT,"IN-Bhiwandi-Block B-2/ C-4, Shree Rajlaxmi Logi",Miscellaneous (F)
IB-23464538,1RN7800-4NA90-0CG0 - LDX/50000654,08-10-2022 21:48,Verified,1RN7800-4NA90-0CG0,LDX/50000654,Greenply Industries Ltd.,"IN-Chittoor-Survey No. 97 /1, 98 & 99 Routhu Suramala, Thottambedu Mandal",Motors HV Innomotics HV M (Non-Ex)
IB-23490577,1MV4716-7BS70-4AD0-Z,08-10-2022 21:48,Verified,1MV4716-7BS70-4AD0-Z,,Oil and Nature Gas coporation Limited,IN-Surat-India Hazira Surat Gujarat,Motors HV Loher Tube Cooled (Ex flameproof)
IB-60318994,6SR5502-2HB38-0BH2 - Z8-231251535-05F,15-06-2023 18:45,Verified,6SR5502-2HB38-0BH2,Z8-231251535-05F,Jindal Steel Odisha Ltd.,"IN-Angul-At/P.O. Jindal Nagar, Nisa SH-63, Chhendipada Rd.","PH GH180, air cooled"
IB-17279505,6SR4802-2HC41-0BH1 - STBOJ0340PHG41000,06-10-2022 17:02,Verified,6SR4802-2HC41-0BH1,STBOJ0340PHG41000,Ultratech Cement Ltd.,IN-Amreli-P O Kovaya Taluk Rajula,"PH GH180, air cooled"
IB-19334524,6SL3850-5UN11-1AA0 - N-D9123603-00004,06-10-2022 19:25,Verified,6SL3850-5UN11-1AA0,N-D9123603-00004,Praxair India Pvt. Ltd.,"IN-Bellary-Toranagalu, Vidyanagar","GL150, air cooled"
IB-19251606,6SL3961-6RC10-0BA0 - N-HO073604-00002,06-10-2022 19:25,Verified,6SL3961-6RC10-0BA0,N-HO073604-00002,JSW Steel Ltd.,"IN-Bellary-P.O. Vidyanagar,",SL150 CU
IB-35382268,1LA43124AN70Z - N8/65078083,06-10-2022 23:29,Verified,1LA43124AN70Z,N8/65078083,NTPC Ltd.,IN-Bihar-Eastern Region Headquarters 2Nd  Floor Loknayak Jaiprakash B,Motors HV H-compact (Non-Ex)
IB-35458297,6SL3961-6RC10-0CA0-Z - N-L81575330010001,06-10-2022 23:30,Verified,6SL3961-6RC10-0CA0-Z,N-L81575330010001,Bhushan Power & Steel Ltd.,IN-Orissa-Tahasil Rengali,SL150 CU
IB-35528887,6SL3961-6RC10-0CA0-Z - N-L81575330020001,06-10-2022 23:30,Verified,6SL3961-6RC10-0CA0-Z,N-L81575330020001,Bhushan Power & Steel Ltd.,IN-Orissa-Tahasil Rengali,SL150 CU
IB-27019279,6SR4502-2HB38-0BH1 - Z8-184644502-410,07-10-2022 01:19,Verified,6SR4502-2HB38-0BH1,Z8-184644502-410,Megha Engineering & Infrastructures Ltd.,"IN-Hyderabad-Survey No. 512, Gowdavally Village,","PH GH180, air cooled"
IB-27014327,6SR4502-2HB38-0BH1 - Z8-184644502-409,07-10-2022 01:19,Verified,6SR4502-2HB38-0BH1,Z8-184644502-409,Megha Engineering & Infrastructures Ltd.,"IN-Hyderabad-Survey No. 512, Gowdavally Village,","PH GH180, air cooled"
IB-52790315,6SR5502-5NC42-2FH2 - Z8-221250840-098,07-10-2022 12:25,Verified,6SR5502-5NC42-2FH2,Z8-221250840-098,Rashmi Udyog Pvt. Ltd.,IN-West Medinipur-Jhargram,"PH GH180, air cooled"
IB-52791352,6SR5502-5NC41-7FH2 - Z8-221250840-097,07-10-2022 12:25,Verified,6SR5502-5NC41-7FH2,Z8-221250840-097,Orissa Alloy Steel Pvt. Ltd.,"IN-Kharagpur-NH-6, Shyamraipur, Gokulpur, West Medinipur","PH GH180, air cooled"
IB-52794955,6SR5502-2HF42-5BH2 - Z8-221651552-166,07-10-2022 12:25,Active,6SR5502-2HF42-5BH2,Z8-221651552-166,Siemens Ltd.,"IN-Navi Mumbai-Thane Belapur Rd., Airoli","PH GH180, air cooled"
IB-52796277,6SR5502-2HA36-0FH2 - Z8-221251534-079,07-10-2022 12:26,Active,6SR5502-2HA36-0FH2,Z8-221251534-079,Siemens Ltd.,"IN-Navi Mumbai-Thane Belapur Rd., Airoli","PH GH180, air cooled"
IB-8427554,1RN4632-6FM90-Z - N-D41371751020002,08-10-2022 12:02,Verified,1RN4632-6FM90-Z,N-D41371751020002,JSW Steel Ltd.,IN-Thane-Village Vasind  Taluka Shahapur,Motors HV H-compact+ (Non-Ex)
IB-8436433,1PS4507-6BJ70-4BA0-Z - 5154909,08-10-2022 12:02,Verified,1PS4507-6BJ70-4BA0-Z,5154909,Tata Steel Ltd.,"IN-Jajpur-Block-2, General Admin Office Kalinga Nagar Indl. Complex",Motors HV Loher Vario (Ex flameproof)
IB-9801337,1PQ4562-6CM90-Z - N-H61476607010001,08-10-2022 12:02,Verified,1PQ4562-6CM90-Z,N-H61476607010001,Jindal Power Ltd.,"IN-New Delhi-Jindal Centre, 12 Bhikaji Cama",Motors HV H-compact (Non-Ex)
IB-9817468,1RN4564-6FM90-Z - N-H51476607020001,08-10-2022 12:02,Verified,1RN4564-6FM90-Z,N-H51476607020001,Jindal Power Ltd.,"IN-New Delhi-Jindal Centre, 12 Bhikaji Cama",Motors HV H-compact+ (Non-Ex)
IB-9820368,1DQ4646-8AT03-Z - D1550256301,08-10-2022 12:02,Verified,1DQ4646-8AT03-Z,D1550256301,Jindal Stainless Ltd.,IN-Jajapur-Kalinga Nagar Indl. Complex,"Motors HV Milling Motors (sync., large)"
IB-8001125,1FC2 282-6B099-Z - 177907,08-10-2022 12:24,Verified,1FC2 282-6B099-Z,177907,Ingenious Industries,"IN-Pune-A - 8, Pavana Indl. Premises T - 204, Mifv, Bhosari",Motors HV Others
IB-45375837,6SR5502-2HC41-1BH1 - Z8-211651540-987,08-10-2022 13:30,Verified,6SR5502-2HC41-1BH1,Z8-211651540-987,HPCL Rajasthan Refinery Ltd.,IN-Village Sajiyali Roopji-Barmer Rajasthan,"PH GH180, air cooled"
IB-45375742,6SR5502-2HC41-1BH1 - Z8-211651540-538,08-10-2022 13:30,Verified,6SR5502-2HC41-1BH1,Z8-211651540-538,HPCL Rajasthan Refinery Ltd.,IN-Village Sajiyali Roopji-Barmer Rajasthan,"PH GH180, air cooled"
IB-6239864,1LA3314-6 - 98770,08-10-2022 13:36,Verified,1LA3314-6,98770,ITC Ltd.,IN-Hooghly-Tribeni Mill PO. Chandrahati,Motors HV H-compact (Atlas Copco)
IB-5732716,1TD3402EE02-Z,08-10-2022 13:37,To be verified,1TD3402EE02-Z,,Tata Steel Ltd.,"IN-Raigad-Isamba Phata, Post Sajgaon, Savroli",Motors HV Others
IB-588812,6SR3502-0HF41-4BH0 - 31501001052,08-10-2022 13:44,Verified,6SR3502-0HF41-4BH0,31501001052,TATA STEEL LTD,IN-Orissa --Kalinga Nagar,"PH GH180, air cooled"
IB-588813,6SR3502-0HF41-4BH0 - 31501001053,08-10-2022 13:44,Verified,6SR3502-0HF41-4BH0,31501001053,TATA STEEL LTD,IN-Orissa --Kalinga Nagar,"PH GH180, air cooled"
IB-588816,6SR3502-0HF41-4BH0 - 31501000956,08-10-2022 13:44,Verified,6SR3502-0HF41-4BH0,31501000956,TATA STEEL LTD,IN-Orissa --Kalinga Nagar,"PH GH180, air cooled"
IB-588818,6SR3502-6HD41-4BH0 - 31501001609,08-10-2022 13:44,Verified,6SR3502-6HD41-4BH0,31501001609,Nuvoco Vistas Corporation Ltd.,"IN-Chittorgarh-Bhawalia, Nimbahera","PH GH180, air cooled"
IB-588819,6SR3502-6HD41-4BF0 - 31501001608,08-10-2022 13:44,Verified,6SR3502-6HD41-4BF0,31501001608,Nuvoco Vistas Corporation Ltd.,"IN-Chittorgarh-Bhawalia, Nimbahera","PH GH180, air cooled"
IB-588817,6SR3502-6HD41-4BF0 - 31501001607,08-10-2022 13:44,Verified,6SR3502-6HD41-4BF0,31501001607,Nuvoco Vistas Corporation Ltd.,"IN-Chittorgarh-Bhawalia, Nimbahera","PH GH180, air cooled"
IB-588610,6SRLDZ3-15003-3600 - LDZ31500336.00,08-10-2022 13:44,Verified,6SRLDZ3-15003-3600,LDZ31500336.00,Nuvoco Vistas Corporation Ltd.,"IN-Raipur-P.O. Raseda, Dist: Balodabazar- Bhatapara","PH GH180, air cooled"
IB-230608,1LA4500-6CM00 - N-TD1168622010001,08-10-2022 13:53,Preliminary,1LA4500-6CM00,N-TD1168622010001,Tlt Babcock India Pvt. Ltd.,"IN-Hosur-Survey # 127 & 130, Sarjapur Bagalur Rd. N H  207, Seveganapalli",Motors HV H-compact (Non-Ex)
IB-387070,1DT4149-7DE02-Z - 1226083,08-10-2022 13:54,Verified,1DT4149-7DE02-Z,1226083,Tamilnadu Newsprint & Papers Ltd.,IN-Karur-Kagithapuram,Motors HV Others
IB-373415,1PQ4504-8DM90-Z - N-XN5003134120003,08-10-2022 13:54,Verified,1PQ4504-8DM90-Z,N-XN5003134120003,Tata Steel Ltd.,IN-Kolkata-J.L. Nehru Rd. 43,Motors HV H-compact (Non-Ex)
IB-373416,1PQ4504-8DM90-Z - N-XN5003134120002,08-10-2022 13:54,Verified,1PQ4504-8DM90-Z,N-XN5003134120002,Tata Steel Ltd.,IN-Kolkata-J.L. Nehru Rd. 43,Motors HV H-compact (Non-Ex)
IB-373417,1PQ4504-8DM90-Z - N-XN5003134120001,08-10-2022 13:54,Verified,1PQ4504-8DM90-Z,N-XN5003134120001,Tata Steel Ltd.,IN-Kolkata-J.L. Nehru Rd. 43,Motors HV H-compact (Non-Ex)
IB-370633,1PQ4504-8DM90-Z - N-XN5003134120004,08-10-2022 13:54,Verified,1PQ4504-8DM90-Z,N-XN5003134120004,Tata Steel Ltd.,IN-Kolkata-J.L. Nehru Rd. 43,Motors HV H-compact (Non-Ex)
IB-502157,1DL7051-8MF03-Z - D9631602902,08-10-2022 13:54,Verified,1DL7051-8MF03-Z,D9631602902,JSW Indl. Gases Pvt. Ltd.,IN-Bellary-P.O. Vidyanagar,"Motors HV H-moflex (sync., salient pole and cylindrical)"
IB-453584,1DL7051-8MF03-Z - D9631601402,08-10-2022 13:54,Verified,1DL7051-8MF03-Z,D9631601402,JSW Indl. Gases Pvt. Ltd.,IN-Bellary-P.O. Vidyanagar,"Motors HV H-moflex (sync., salient pole and cylindrical)"
IB-42875192,6SR5502-2HD41-5FH1-Z - Z8-204851544-289,08-10-2022 14:06,Verified,6SR5502-2HD41-5FH1-Z,Z8-204851544-289,Taqa Neyveli Power Company Pvt. Ltd.,"IN-Cuddalore-250 Mw, Lignite Fired Power Plant","PH GH180, air cooled"
IB-43163874,6SR5502-2HB38-0BH1 - Z8-205251535-032,08-10-2022 14:07,Verified,6SR5502-2HB38-0BH1,Z8-205251535-032,B L A Power Pvt. Ltd.,"IN-Narsinghpur-Village Newari, Khursipar","PH GH180, air cooled"
IB-43162401,6SR5502-2HB38-0BH1 - Z8-205251535-031,08-10-2022 14:07,Verified,6SR5502-2HB38-0BH1,Z8-205251535-031,B L A Power Pvt. Ltd.,"IN-Narsinghpur-Village Newari, Khursipar","PH GH180, air cooled"
IB-43155332,6SR5502-2HD41-5BH1 - Z8-210551544-483,08-10-2022 14:07,To be verified,6SR5502-2HD41-5BH1,Z8-210551544-483,Tata Steel BSL Ltd.,"IN-MERAMANDALI-Nh-55, Narendrapur, Dhenkanal","PH GH180, air cooled"
IB-43167089,6SR5502-2HC41-2BH1 - Z8-210351540-127,08-10-2022 14:07,Verified,6SR5502-2HC41-2BH1,Z8-210351540-127,The Ramco Cements Ltd.,"IN-Ariyalur-Govindapuram, Sendurai Rd.","PH GH180, air cooled"
IB-41956362,1LA4454-2FD90-Z - ZY-3001734694001001,08-10-2022 14:27,Verified,1LA4454-2FD90-Z,ZY-3001734694001001,National Oxygen Ltd.,IN-Pondicherry-Pondy - Villupuram Rd. Thiruvandar Koil,Motors HV H-compact (Non-Ex)
IB-41956364,1LA4454-2FD90-Z - ZY-3001734691001001,08-10-2022 14:27,Verified,1LA4454-2FD90-Z,ZY-3001734691001001,National Oxygen Ltd.,IN-Pondicherry-Pondy - Villupuram Rd. Thiruvandar Koil,Motors HV H-compact (Non-Ex)
IB-42449960,6SR4502-2HB38-0BH1 - Z8-190544502-414,08-10-2022 15:01,Verified,6SR4502-2HB38-0BH1,Z8-190544502-414,Tata Steel Ltd.,IN-Jamshedpur-General Office Bldg. Near Bistupur,"PH GH180, air cooled"
IB-41877728,6SR4502-0CF41-5BH0 - Z8-201340306-172,08-10-2022 15:14,Verified,6SR4502-0CF41-5BH0,Z8-201340306-172,NTPC Ltd.,"IN-Tandwa-North Karanpura CHATRA, Jharkhand","PH GH180, air cooled"
IB-41880470,6SR4502-0CF41-5BH0 - Z8-201340306-618,08-10-2022 15:14,Verified,6SR4502-0CF41-5BH0,Z8-201340306-618,NTPC Ltd.,"IN-Tandwa-North Karanpura CHATRA, Jharkhand","PH GH180, air cooled"
IB-41888100,6SR4502-0CF41-5BH0 - Z8-201440306-055,08-10-2022 15:14,Verified,6SR4502-0CF41-5BH0,Z8-201440306-055,NTPC Ltd.,"IN-Tandwa-North Karanpura CHATRA, Jharkhand","PH GH180, air cooled"
IB-41883471,6SR4502-0CF41-5BH0 - Z8-201340306-171,08-10-2022 15:14,Verified,6SR4502-0CF41-5BH0,Z8-201340306-171,NTPC Ltd.,"IN-Tandwa-North Karanpura CHATRA, Jharkhand","PH GH180, air cooled"
IB-35673082,6SL3961-6RC10-0CA0-Z - N-L91576567010001,08-10-2022 21:06,Verified,6SL3961-6RC10-0CA0-Z,N-L91576567010001,Bhushan Power & Steel Ltd.,IN-Orissa-Tahasil Rengali,SL150 CU
IB-35673100,6SL3961-6RC10-0CA0-Z - N-L91576567011001,08-10-2022 21:06,Verified,6SL3961-6RC10-0CA0-Z,N-L91576567011001,Bhushan Power & Steel Ltd.,IN-Orissa-Tahasil Rengali,SL150 CU
IB-35694317,6SR4502-2HK47-0BH1 - Z8-193144510-451,08-10-2022 21:06,Verified,6SR4502-2HK47-0BH1,Z8-193144510-451,JSW Steel Ltd.,IN-Dolvi-Taluka Pen,"PH GH180, air cooled"
IB-35707092,6SR4502-2HK47-0BH1 - Z8-193244510-439,08-10-2022 21:06,Verified,6SR4502-2HK47-0BH1,Z8-193244510-439,JSW Steel Ltd.,IN-Dolvi-Taluka Pen,"PH GH180, air cooled"
IB-35706553,6SR4502-2HK47-0BH1 - Z8-193244510-438,08-10-2022 21:06,Verified,6SR4502-2HK47-0BH1,Z8-193244510-438,JSW Steel Ltd.,IN-Dolvi-Taluka Pen,"PH GH180, air cooled"
IB-31789380,6SR4502-2HB38-0BH1 - Z8-191144502-412,08-10-2022 21:37,Verified,6SR4502-2HB38-0BH1,Z8-191144502-412,Hindalco Industries Ltd.,"IN-Sambalpur-Hirakud, Dist. - Sambalpur, Odisha","PH GH180, air cooled"
IB-31789974,6SR4502-2HB38-0BH1 - Z8-191144502-413,08-10-2022 21:37,Verified,6SR4502-2HB38-0BH1,Z8-191144502-413,Hindalco Industries Ltd.,"IN-Sambalpur-Hirakud, Dist. - Sambalpur, Odisha","PH GH180, air cooled"
IB-31794931,6SR4502-2HB38-0BH1 - Z8-191144502-407,08-10-2022 21:37,Verified,6SR4502-2HB38-0BH1,Z8-191144502-407,Hindalco Industries Ltd.,"IN-Sambalpur-Hirakud, Dist. - Sambalpur, Odisha","PH GH180, air cooled"
IB-31793688,6SR4502-2HB38-0BH1 - Z8-191144502-411,08-10-2022 21:37,Verified,6SR4502-2HB38-0BH1,Z8-191144502-411,Hindalco Industries Ltd.,"IN-Sambalpur-Hirakud, Dist. - Sambalpur, Odisha","PH GH180, air cooled"
IB-31792504,6SR4502-2HB38-0BH1 - Z8-191144502-409,08-10-2022 21:37,Verified,6SR4502-2HB38-0BH1,Z8-191144502-409,Hindalco Industries Ltd.,"IN-Sambalpur-Hirakud, Dist. - Sambalpur, Odisha","PH GH180, air cooled"
IB-31793096,6SR4502-2HB38-0BH1 - Z8-191144502-410,08-10-2022 21:37,Verified,6SR4502-2HB38-0BH1,Z8-191144502-410,Hindalco Industries Ltd.,"IN-Sambalpur-Hirakud, Dist. - Sambalpur, Odisha","PH GH180, air cooled"
IB-31791912,6SR4502-2HB38-0BH1 - Z8-191144502-408,08-10-2022 21:37,Verified,6SR4502-2HB38-0BH1,Z8-191144502-408,Hindalco Industries Ltd.,"IN-Sambalpur-Hirakud, Dist. - Sambalpur, Odisha","PH GH180, air cooled"
IB-29333927,6SL3845-7NN43-6AA2-Z - N-KO1529994030001,08-10-2022 22:02,Verified,6SL3845-7NN43-6AA2-Z,N-KO1529994030001,JSW Steel Ltd.,"IN-Raigarh-Survey No. 96/1, 96/2 97/0 Village Khar Karavi, Taluka Pen","SM150 IGCT, water cooled"
IB-29027278,1LA44042AW70Z - N8/64956929,08-10-2022 22:57,Verified,1LA44042AW70Z,N8/64956929,Tecton Engineering & Construction,"IN-Gujarat-Saukem, Porbandar",Motors HV H-compact (Non-Ex)
IB-29097180,1LA43144AN70Z,08-10-2022 22:57,To be verified,1LA43144AN70Z,,Tata Steel Ltd.,IN-Jamshedpur-Incoming Material Section,Motors HV H-compact (Non-Ex)
IB-29098571,1PQ44546AM00Z - N8/65120947,08-10-2022 22:57,Verified,1PQ44546AM00Z,N8/65120947,Uttam Sucrotech International  Pvt. Ltd.,"IN-Noida-H-194, Sector 63",Motors HV H-compact (Non-Ex)
IB-22358120,6SR4802-2HB38-0BH1 - STB5K0411PHG48000,08-10-2022 23:08,Verified,6SR4802-2HB38-0BH1,STB5K0411PHG48000,Ultratech Cement Ltd.,"IN-Krishna-Survey No. 99, Vill - Post Budawad","PH GH180, air cooled"
IB-22536932,6SR4802-2HB38-0BH1 - STB5K0410PHG48000,08-10-2022 23:08,Verified,6SR4802-2HB38-0BH1,STB5K0410PHG48000,Ultratech Cement Ltd.,"IN-Krishna-Survey No. 99, Vill - Post Budawad","PH GH180, air cooled"
IB-22536996,6SR4802-2HB38-0BH1 - STB5K0412PHG48000,08-10-2022 23:08,Verified,6SR4802-2HB38-0BH1,STB5K0412PHG48000,Ultratech Cement Ltd.,"IN-Krishna-Survey No. 99, Vill - Post Budawad","PH GH180, air cooled"
IB-22157250,6SR4802-2HB38-0BH1 - STB5K0425HG4800,08-10-2022 23:08,Verified,6SR4802-2HB38-0BH1,STB5K0425HG4800,The Ramco Cements Ltd.,IN-Perambalur-Cement Nagar Post,"PH GH180, air cooled"
IB-47389304,6SR5502-2HC38-7BH2 - Z8-213051540-371,07-10-2022 03:12,Verified,6SR5502-2HC38-7BH2,Z8-213051540-371,Birla Carbon India Pvt. Ltd.,"IN-Tiruvallur-Hi-Tech Carbon, K 16 Phase II,","PH GH180, air cooled"
IB-47285710,6SR5502-2HE42-0BH2 - Z8-213051548-48F,07-10-2022 03:12,Verified,6SR5502-2HE42-0BH2,Z8-213051548-48F,NCL Industries Ltd.,"IN-Nalgonda-Simhapuri, Mattapally Village","PH GH180, air cooled"
IB-47285565,6SR5502-2HE42-2BH2 - Z8-213051548-370,07-10-2022 03:13,Verified,6SR5502-2HE42-2BH2,Z8-213051548-370,Hindalco Industries Ltd.,IN-Singrauli-Unit Mahan Aluminium First Floor Site Complex,"PH GH180, air cooled"
IB-47285420,6SR5502-2HE42-2BH2 - Z8-213051548-36F,07-10-2022 03:13,Verified,6SR5502-2HE42-2BH2,Z8-213051548-36F,Hindalco Industries Ltd.,IN-Singrauli-Unit Mahan Aluminium First Floor Site Complex,"PH GH180, air cooled"
IB-48519309,1MS4312-4DN00-Z - N-KD5020709010001,07-10-2022 04:24,Verified,1MS4312-4DN00-Z,N-KD5020709010001,Flowserve India Controls Pvt. Ltd.,IN-Coimbatore-SF No.136/3 & 137 Myleripalayam Rd.,Motors HV H-compact (Ex)
IB-48519339,1MS4312-4DN00-Z - N-KD5020709010002,07-10-2022 04:24,Verified,1MS4312-4DN00-Z,N-KD5020709010002,Flowserve India Controls Pvt. Ltd.,IN-Coimbatore-SF No.136/3 & 137 Myleripalayam Rd.,Motors HV H-compact (Ex)
IB-48521576,1MS4354-2AN70-Z - N-N25026998010002,07-10-2022 04:24,Verified,1MS4354-2AN70-Z,N-N25026998010002,Flowserve India Controls Pvt. Ltd.,IN-Coimbatore-SF No.136/3 & 137 Myleripalayam Rd.,Motors HV H-compact (Ex)
IB-48521553,1MS4354-2AN70-Z - N-N25026998010001,07-10-2022 04:24,Verified,1MS4354-2AN70-Z,N-N25026998010001,Flowserve India Controls Pvt. Ltd.,IN-Coimbatore-SF No.136/3 & 137 Myleripalayam Rd.,Motors HV H-compact (Ex)
IB-50322004,6SE8031-1BA01,07-10-2022 05:46,Preliminary,6SE8031-1BA01,,Steel Authority of India Ltd.,IN-Bhilai-Bhilai Steel Plant District,SIMOVERT MV
IB-19803042,6SR4502-5NB41-2BH1 - Z8-173943802-001,07-10-2022 06:16,Verified,6SR4502-5NB41-2BH1,Z8-173943802-001,Kiri Industries Ltd.,"IN-Vadodara-Plot No : 552, 566, 567, 569-71 Village: Dudhwada,Tal.: Padra","PH GH180, air cooled"
IB-20126428,1LA4500-6CM00-Z - 64884258,07-10-2022 07:19,Verified,1LA4500-6CM00-Z,64884258,Ultratech Cement Ltd.,"IN-Chandrapur-P.O. Awarpur Cement Project,",Motors HV H-compact (Non-Ex)
IB-51316259,6SL3850-5UP21-0AA0-Z - N-JN083603-00010,07-10-2022 10:51,Verified,6SL3850-5UP21-0AA0-Z,N-JN083603-00010,Megha Engineering & Infrastructures Ltd,IN -Telangana-Chandanapur village,"GL150, air cooled"
IB-51315040,6SL3850-5UP21-0AA0-Z - N-JD213603-00001,07-10-2022 10:51,Verified,6SL3850-5UP21-0AA0-Z,N-JD213603-00001,Megha Engineering & Infrastructures Ltd,IN -Telangana-Chandanapur village,"GL150, air cooled"
IB-38507026,6SR4802-2HB37-0BH1 - STB5K0420PHG470,07-10-2022 13:55,Verified,6SR4802-2HB37-0BH1,STB5K0420PHG470,NTPC Ltd.,"IN-Hazaribagh-1040 Pakri Barwadih, Chat Bariatu &","PH GH180, air cooled"
IB-38478167,1MS4350-2AN90-Z - ZY3005334854001000001,07-10-2022 13:55,Verified,1MS4350-2AN90-Z,ZY3005334854001000001,Atlas Copco (India) Ltd,"IN-Pune-Sveanagar, Mumbai Pune Rd.","Motors HV H-compact (async., Ex, SEDL)"
IB-38446481,6SR5502-2HC41-1BH1 - Z8-195051540-483,07-10-2022 13:56,Verified,6SR5502-2HC41-1BH1,Z8-195051540-483,Ambuja Cements Ltd.,"IN-Kodinar-P. O. Ambuja Nagar, Tal. Kodinar, Amreli","PH GH180, air cooled"
IB-38446634,6SR5502-2HC41-1BH1 - Z8-195051540-485,07-10-2022 13:56,Verified,6SR5502-2HC41-1BH1,Z8-195051540-485,Ambuja Cements Ltd.,"IN-Kodinar-P. O. Ambuja Nagar, Tal. Kodinar, Amreli","PH GH180, air cooled"
IB-61105834,1RN7806-6PS50-0CJ0-Z - DVY/16571361001,30-10-2023 21:56,Active,1RN7806-6PS50-0CJ0-Z,DVY/16571361001,Arcelormittal Nippon Steel India Ltd.,"IN-Hazira-27Km, Surat Hazira Rd., Surat",Motors HV Innomotics HV M (Non-Ex)
IB-61407665,6SR4502-2HG43-5BH2 - Z8-231845507-1A4,30-10-2023 23:15,Verified,6SR4502-2HG43-5BH2,Z8-231845507-1A4,Neo Metaliks Ltd.,"IN-Durgapur-P.O. Gopalpur Via Durgapur - 12, Dist. Burdwan, West Bengal","PH GH180, air cooled"
IB-61411030,6SR5502-2HD41-2BH2 - Z8-231851544-1D1,30-10-2023 23:22,Verified,6SR5502-2HD41-2BH2,Z8-231851544-1D1,McNally Bharat Engineering Company Ltd.,"IN-Talcher-7TH AMALAPADA-IN-Angul, Talcher","PH GH180, air cooled"
IB-61411390,6SR5502-2HD41-2BH2 - Z8-231851544-0EA,30-10-2023 23:23,Verified,6SR5502-2HD41-2BH2,Z8-231851544-0EA,McNally Bharat Engineering Company Ltd.,"IN-Talcher-7TH AMALAPADA-IN-Angul, Talcher","PH GH180, air cooled"
IB-61503725,6SR4802-2HE42-2BH1 - STB6K0429PHG42250,30-10-2023 23:30,Active,6SR4802-2HE42-2BH1,STB6K0429PHG42250,Yantra Harvest Energy Pvt. Ltd.,"IN-Pune-Shed No. 4, Anant Indl. Estate Narhe Rd. Dhayari Gaon","PH GH180, air cooled"
IB-62183123,6SR5502-2HB35-0BH2 - Z8-232251535-00D,31-10-2023 00:10,Active,6SR5502-2HB35-0BH2,Z8-232251535-00D,SIEMENS LARGE DRIVES INDIA PVT LTD,"IN -Navi Mumbai, Thane","PH GH180, air cooled"
IB-62194398,6SR5502-2HB35-0BH2 - Z8-232251535-00A,31-10-2023 00:34,Active,6SR5502-2HB35-0BH2,Z8-232251535-00A,SIEMENS LARGE DRIVES INDIA PVT LTD,"IN -Navi Mumbai, Thane","PH GH180, air cooled"
IB-62293687,6SR4602-0CC33-0AJ0-Z - S-JHN02104980200001,31-10-2023 01:18,Verified,6SR4602-0CC33-0AJ0-Z,S-JHN02104980200001,Gujarat State Fertilizers & Chemicals Ltd.,IN-Vadodara-P.O. Fertilizernagar,"PH GH180, air cooled"
IB-59866980,6SR5502-2HF43-2BH2 - Z8-230751552-1D8,15-06-2023 16:43,Verified,6SR5502-2HF43-2BH2,Z8-230751552-1D8,Reliance Industries Ltd.,IN-Jamnagar-Village Meghpar/Padana,"PH GH180, air cooled"
IB-59885323,6SR5502-2HF43-2BH2 - Z8-230751552-1D7,15-06-2023 17:23,Verified,6SR5502-2HF43-2BH2,Z8-230751552-1D7,Reliance Industries Ltd.,IN-Jamnagar-Village Meghpar/Padana,"PH GH180, air cooled"
IB-59886428,6SR5502-5NC42-0BH2 - Z8-230850840-05C,15-06-2023 17:25,Verified,6SR5502-5NC42-0BH2,Z8-230850840-05C,Adani Power (Mundra) Ltd.,"IN-Mundra-Mundra Thermal Power Project, Adani Power SEZ","PH GH180, air cooled"
IB-65125592,6SR5502-5NC42-0BH2-Z8-233750840-3CF,25-01-2024 21:05,Verified,6SR5502-5NC42-0BH2,Z8-233750840-3CF,Chettinad Cement Corporation Pvt. Ltd.,"IN-Kallur Works-Chincholi  Taluk, Kalaburagi District, Karnataka, 585305","PH GH180, air cooled"
IB-65169283,6SR5502-5NF44-5BH2 - Z8-233750852-3D0,25-01-2024 21:05,Verified,6SR5502-5NF44-5BH2,Z8-233750852-3D0,Chettinad Cement Corporation Pvt. Ltd.,"IN-Kallur Works-Chincholi  Taluk, Kalaburagi District, Karnataka, 585305","PH GH180, air cooled"
IB-65169285,6SR5502-2HC41-0BH2 - Z8-233751540-3C1,25-01-2024 21:05,Verified,6SR5502-2HC41-0BH2,Z8-233751540-3C1,Bhushan Power & Steel Ltd.,"IN-Sambalpur-Po :Lapanga -768232, Rengali","PH GH180, air cooled"
IB-65169286,6SR5502-2HC41-2BH2 - Z8-233751540-3C2,25-01-2024 21:05,Verified,6SR5502-2HC41-2BH2,Z8-233751540-3C2,Bhushan Power & Steel Ltd.,"IN-Sambalpur-Po :Lapanga -768232, Rengali","PH GH180, air cooled"
IB-65169287,6SR5502-2HC41-2BH2 - Z8-233751540-3C5,25-01-2024 21:05,Verified,6SR5502-2HC41-2BH2,Z8-233751540-3C5,Bhushan Power & Steel Ltd.,"IN-Sambalpur-Po :Lapanga -768232, Rengali","PH GH180, air cooled"
IB-65169288,6SR5502-2HC41-0BH2 - Z8-233751540-3C7,25-01-2024 21:05,Verified,6SR5502-2HC41-0BH2,Z8-233751540-3C7,Bhushan Power & Steel Ltd.,"IN-Sambalpur-Po :Lapanga -768232, Rengali","PH GH180, air cooled"
IB-65169289,6SR5502-2HC41-2BH2 - Z8-233751540-3CD,25-01-2024 21:05,Verified,6SR5502-2HC41-2BH2,Z8-233751540-3CD,Reliance Industries Ltd.,"IN-Jamnagar-Moti Khavdi, Near Village Meghpar,","PH GH180, air cooled"
IB-65169290,6SR5502-2HC41-2BH2 - Z8-233751540-3CE,25-01-2024 21:05,Verified,6SR5502-2HC41-2BH2,Z8-233751540-3CE,Reliance Industries Ltd.,"IN-Jamnagar-Moti Khavdi, Near Village Meghpar,","PH GH180, air cooled"
IB-65169291,6SR5502-2HD41-4BH2 - Z8-233751544-3C8,25-01-2024 21:05,Verified,6SR5502-2HD41-4BH2,Z8-233751544-3C8,Bhushan Power & Steel Ltd.,"IN-Sambalpur-Po :Lapanga -768232, Rengali","PH GH180, air cooled"
IB-65169292,6SR5502-2HD41-4BH2 - Z8-233751544-3CA,25-01-2024 21:05,Verified,6SR5502-2HD41-4BH2,Z8-233751544-3CA,Bhushan Power & Steel Ltd.,"IN-Sambalpur-Po :Lapanga -768232, Rengali","PH GH180, air cooled"
IB-65169293,6SR5502-2HF42-5BH2 - Z8-233751552-3C6,25-01-2024 21:05,Verified,6SR5502-2HF42-5BH2,Z8-233751552-3C6,Bhushan Power & Steel Ltd.,"IN-Sambalpur-Po :Lapanga -768232, Rengali","PH GH180, air cooled"
IB-65169294,6SR5502-2HF42-5BH2 - Z8-233751552-3C9,25-01-2024 21:05,Verified,6SR5502-2HF42-5BH2,Z8-233751552-3C9,Bhushan Power & Steel Ltd.,"IN-Sambalpur-Po :Lapanga -768232, Rengali","PH GH180, air cooled"
IB-65169296,6SR5502-5NC42-2BH2 - Z8-233850840-00C,25-01-2024 21:05,Verified,6SR5502-5NC42-2BH2,Z8-233850840-00C,Chettinad Cement Corporation Pvt. Ltd.,"IN-Kallur Works-Chincholi  Taluk, Kalaburagi District, Karnataka, 585305","PH GH180, air cooled"
IB-65169297,6SR5502-5ND42-5BH2 - Z8-233850844-00A,25-01-2024 21:05,Verified,6SR5502-5ND42-5BH2,Z8-233850844-00A,Chettinad Cement Corporation Pvt. Ltd.,"IN-Kallur Works-Chincholi  Taluk, Kalaburagi District, Karnataka, 585305","PH GH180, air cooled"
IB-65169299,6SR5502-2HF43-0BH2 - Z8-233851552-00E,25-01-2024 21:05,To be verified,6SR5502-2HF43-0BH2,Z8-233851552-00E,SIEMENS Ltd. (MUMBAI OFFICE),"IN-MUMBAI-130, PANDURANG BUDHKAR MARG,","PH GH180, air cooled"
IB-65202126,1NA1502-6AC00-0AA0-Z - N-R91677240010001,25-01-2024 21:05,Active,1NA1502-6AC00-0AA0-Z,N-R91677240010001,GREENPANEL INDUSTRIES LIMITED,IN -Indien-Strasse fehlt,Motors HV Innomotics HV C (Non-Ex)
IB-57584138,6SR5502-2NS45-0BH2 - Z8-2301505PM-27D,03-04-2023 12:34,Verified,6SR5502-2NS45-0BH2,Z8-2301505PM-27D,Wonder Cement Ltd.,IN-Tulsigam-Savli Udhalpur Rd.,"PH GH180, air cooled"
IB-57614760,6SR5502-2NS45-0BH2 - Z8-2252505PM-0F9,03-04-2023 12:34,Verified,6SR5502-2NS45-0BH2,Z8-2252505PM-0F9,Wonder Cement Ltd.,IN-Gabhana-Village Somna,"PH GH180, air cooled"
IB-57713156,1RN7632-4NA90-0CG0-Z - DVY/16539971001,03-04-2023 12:34,Active,1RN7632-4NA90-0CG0-Z,DVY/16539971001,Balaji Action Buildwell Pvt. Ltd.,"IN-Sitarganj-C34, C34A To D C3, C6A To C, Sitarganj, Udham Singh Nagar",Motors HV Innomotics HV M (Non-Ex)
IB-55278016,6SR5502-2HC38-7BH2-Z8-223851540-275,20-01-2023 19:05,Verified,6SR5502-2HC38-7BH2,Z8-223851540-275,JSW Steel Ltd Dolvi,"IN-Pen-Dharamtar, Taluka Pen, Dolvi","PH GH180, air cooled"
IB-55976607,6SR5502-2HE42-0BH2 - Z8-224451548-1F7,20-01-2023 19:06,Active,6SR5502-2HE42-0BH2,Z8-224451548-1F7,Siemens Ltd.,"IN-Navi Mumbai-Thane Belapur Rd., Airoli","PH GH180, air cooled"
IB-55800969,6SR5502-2HE42-0BH2-Z8-224351548-440,20-01-2023 19:06,Verified,6SR5502-2HE42-0BH2,Z8-224351548-440,Jai Raj Ispat Ltd.,"IN-Orvakal-SY No 274 Part And 181 Part,","PH GH180, air cooled"
IB-55819597,6SR5502-2HE42-0BH2-Z8-224351548-441,20-01-2023 19:06,Verified,6SR5502-2HE42-0BH2,Z8-224351548-441,Jai Raj Ispat Ltd.,"IN-Orvakal-SY No 274 Part And 181 Part,","PH GH180, air cooled"
IB-55662515,6SR5502-2HH43-5BH2-Z8-224051596-3A9,20-01-2023 20:20,Verified,6SR5502-2HH43-5BH2,Z8-224051596-3A9,My Home Industries Pvt. Ltd.,"IN-Nalgonda-Srinagar, Mellacheruvu Village Kodad Taluq, Nalgonda District","PH GH180, air cooled"
IB-55669464,6SR5502-2HH43-5BH2-Z8-224051596-4BD,20-01-2023 20:20,Verified,6SR5502-2HH43-5BH2,Z8-224051596-4BD,My Home Industries Pvt. Ltd.,"IN-Nalgonda-Srinagar, Mellacheruvu Village Kodad Taluq, Nalgonda District","PH GH180, air cooled"
IB-55676634,6SR5502-2HH43-5BH2 - Z8-224051596-4B9,20-01-2023 20:20,Verified,6SR5502-2HH43-5BH2,Z8-224051596-4B9,My Home Industries Pvt. Ltd.,"IN-Nalgonda-Srinagar, Mellacheruvu Village &","PH GH180, air cooled"
IB-55690133,6SR5502-2HH43-5BH2 - Z8-224051596-40B,20-01-2023 20:20,Verified,6SR5502-2HH43-5BH2,Z8-224051596-40B,My Home Industries Pvt. Ltd.,"IN-Nalgonda-Srinagar, Mellacheruvu Village &","PH GH180, air cooled"
IB-56182049,1RN1566-6FR00 - KW210265280871,20-01-2023 20:23,Verified,1RN1566-6FR00,KW210265280871,Jindal Stainless (Hisar) Ltd.,"IN-Hisar-OP Jindal marg ,Delhi -hisar road ,Hisar Haryana","Motors HV A-compact+ (async., Non-Ex)"
IB-17432732,6SR4502-5NG45-7BF1 - Z8-174843807-611,06-10-2022 17:13,Verified,6SR4502-5NG45-7BF1,Z8-174843807-611,Sulzer Pumps India Pvt. Ltd.,"IN-Thane-Plot No. 9, Moirvali - M I D C Kalyan Badlapur Rd.,","PH GH180, air cooled"
IB-17412843,6SR4502-5NG45-7BF1 - Z8-174843807-610,06-10-2022 17:13,Verified,6SR4502-5NG45-7BF1,Z8-174843807-610,Sulzer Pumps India Pvt. Ltd.,"IN-Thane-Plot No. 9, Moirvali - M I D C Kalyan Badlapur Rd.,","PH GH180, air cooled"
IB-42355635,1NA1458-2AA60-0AC0-Z - N-MD1601842020001,06-10-2022 22:14,Verified,1NA1458-2AA60-0AC0-Z,N-MD1601842020001,Kudankulam Atomic Power Plant,"IN-Kudankulam-10/11, Jawahar Street",Motors HV Innomotics HV C (Non-Ex)
IB-26534853,1RN4630-8FM90-Z - N-KN1533051030001,07-10-2022 00:25,Verified,1RN4630-8FM90-Z,N-KN1533051030001,JSW Steel Ltd.,"IN-Raigarh-Survey No. 96/1, 96/2 97/0 Village Khar Karavi, Taluka Pen",Motors HV H-compact+ (Non-Ex)
IB-26534854,1RN4630-8FM90-Z - N-KN1533051040001,07-10-2022 00:25,Verified,1RN4630-8FM90-Z,N-KN1533051040001,JSW Steel Ltd.,"IN-Raigarh-Survey No. 96/1, 96/2 97/0 Village Khar Karavi, Taluka Pen",Motors HV H-compact+ (Non-Ex)
IB-26538360,6SL3845-7NN42-2AA2-Z - N-KO1530803010001,07-10-2022 00:25,Verified,6SL3845-7NN42-2AA2-Z,N-KO1530803010001,Mishra Dhatu Nigam Ltd.,IN-Hyderabad-PO - Kanchanbagh,"SM150 IGCT, water cooled"
IB-26538605,6SL3845-7NN42-2AA2-Z - N-KO1530803011001,07-10-2022 00:25,Verified,6SL3845-7NN42-2AA2-Z,N-KO1530803011001,Mishra Dhatu Nigam Ltd.,IN-Hyderabad-PO - Kanchanbagh,"SM150 IGCT, water cooled"
IB-38007726,6SL3944-6PX03-0AA0 - N-L9133601-00001,07-10-2022 08:01,Active,6SL3944-6PX03-0AA0,N-L9133601-00001,Tata Steel BSL Ltd.,"IN -Yangzhou-No.49, Xingyang Rd.",Miscellaneous
IB-38007730,6SL3944-6PX03-0AA0 - N-L9133601-00002,07-10-2022 08:01,Active,6SL3944-6PX03-0AA0,N-L9133601-00002,Tata Steel BSL Ltd.,"IN -Yangzhou-No.49, Xingyang Rd.",Miscellaneous
IB-37264894,6SR5502-2HE42-0BH1 - Z8-194351548-840,07-10-2022 08:21,Verified,6SR5502-2HE42-0BH1,Z8-194351548-840,Bhushan Power & Steel Ltd.,"IN-Sambalpur-Village Thelkoloi PO Lapanga Tehshill Rengali, District","PH GH180, air cooled"
IB-37260144,6SR5502-2HE42-0BH1 - Z8-194351548-650,07-10-2022 08:21,Verified,6SR5502-2HE42-0BH1,Z8-194351548-650,Bhushan Power & Steel Ltd.,"IN-Sambalpur-Village Thelkoloi PO Lapanga Tehshill Rengali, District","PH GH180, air cooled"
IB-37260384,6SR5502-2HE42-0BH1 - Z8-194351548-652,07-10-2022 08:21,Verified,6SR5502-2HE42-0BH1,Z8-194351548-652,Bhushan Power & Steel Ltd.,"IN-Sambalpur-Village Thelkoloi PO Lapanga Tehshill Rengali, District","PH GH180, air cooled"
IB-37264677,6SR5502-2HE42-0BH1 - Z8-194351548-653,07-10-2022 08:21,Verified,6SR5502-2HE42-0BH1,Z8-194351548-653,Bhushan Power & Steel Ltd.,"IN-Sambalpur-Village Thelkoloi PO Lapanga Tehshill Rengali, District","PH GH180, air cooled"
IB-37303642,1RN1636-4KJ60-Z - N8-3005166749-100-001,07-10-2022 08:21,Verified,1RN1636-4KJ60-Z,N8-3005166749-100-001,Inox Air Products Pvt. Ltd.,"IN-Palakkad-Kanjikode,Pudussery Central","Motors HV A-compact+ (async., Non-Ex)"
IB-37352913,1LA45002FD90Z - ZY-B3001421741000002,07-10-2022 08:21,Verified,1LA45002FD90Z,ZY-B3001421741000002,Vardhman Fabrics (Power Division) A Unit of Vardhman Textiles Ltd.,"IN-Budhni-Rehti Road, Tehsil Budhni","Motors HV H-compact (async., Non-Ex, SEDL)"
IB-37597191,1PQ44506AM00Z - N8/65110456,07-10-2022 08:21,Verified,1PQ44506AM00Z,N8/65110456,JSW PARADIP TERMINAL PRIVATE LIMITED,"IN-JAGATSIGHPUR-4th floor,Paradip Bhavan,Jagatsinghpur,ParadiP",Motors HV H-compact (Non-Ex)
IB-37838632,RHF HV3 50002286 F27 F90 - DVY/15826481001,07-10-2022 08:22,Active,RHF HV3 50002286 F27 F90,DVY/15826481001,Toyo Engineering India Pvt. Ltd.,"IN-Mumbai-Toyo House, Lal Bahadur Shastri Marg, Kanjurmarg (West)",Miscellaneous (F)
IB-52919621,6SR5502-2HF42-5FH2 - Z8-221451552-0B8,07-10-2022 10:48,Verified,6SR5502-2HF42-5FH2,Z8-221451552-0B8,Prodair Air Products India Pvt. Ltd.,"IN-Navi Mumbai-Thane Belapur Rd., Airoli","PH GH180, air cooled"
IB-52915159,6SR5502-2HF42-5FH2 - Z8-221351552-067,07-10-2022 10:48,Active,6SR5502-2HF42-5FH2,Z8-221351552-067,Siemens Ltd.,"IN-Navi Mumbai-Thane Belapur Rd., Airoli","PH GH180, air cooled"
IB-54108827,6SR5502-2HA35-0BH2 - Z8-223251534-2BA,07-10-2022 13:59,Verified,6SR5502-2HA35-0BH2,Z8-223251534-2BA,Jindal Steel Odisha Ltd.,"IN-Angul-At/P.O. Jindal Nagar, Nisa SH-63, Chhendipada Rd.","PH GH180, air cooled"
IB-54107837,6SR5502-2HA35-0BH2 - Z8-223251534-1B7,07-10-2022 13:59,Verified,6SR5502-2HA35-0BH2,Z8-223251534-1B7,Jindal Steel Odisha Ltd.,"IN-Angul-At/P.O. Jindal Nagar, Nisa SH-63, Chhendipada Rd.","PH GH180, air cooled"
IB-54108167,6SR5502-2HA35-0BH2 - Z8-223251534-248,07-10-2022 13:59,Verified,6SR5502-2HA35-0BH2,Z8-223251534-248,Jindal Steel Odisha Ltd.,"IN-Angul-At/P.O. Jindal Nagar, Nisa SH-63, Chhendipada Rd.","PH GH180, air cooled"
IB-54108497,6SR5502-2HA35-0BH2 - Z8-223251534-249,07-10-2022 13:59,Verified,6SR5502-2HA35-0BH2,Z8-223251534-249,Jindal Steel Odisha Ltd.,"IN-Navi Mumbai-Thane Belapur Rd., Airoli","PH GH180, air cooled"
IB-54094431,6SR5502-5NB41-2BH2 - Z8-222950835-26E,07-10-2022 14:00,Verified,6SR5502-5NB41-2BH2,Z8-222950835-26E,Raipur Energen Ltd.,IN-Raipur-493225,"PH GH180, air cooled"
IB-54099153,6SR5502-5NB41-2BH2 - Z8-223050835-047,07-10-2022 14:00,Verified,6SR5502-5NB41-2BH2,Z8-223050835-047,Raipur Energen Ltd.,IN-Raipur-493225,"PH GH180, air cooled"
IB-54100924,6SR5502-5NB41-2BH2 - Z8-222950835-26D,07-10-2022 14:00,Verified,6SR5502-5NB41-2BH2,Z8-222950835-26D,Raipur Energen Ltd.,IN-Raipur-493225,"PH GH180, air cooled"
IB-54100562,6SR5502-5NB41-2BH2 - Z8-222950835-242,07-10-2022 14:00,Verified,6SR5502-5NB41-2BH2,Z8-222950835-242,Raipur Energen Ltd.,IN-Raipur-493225,"PH GH180, air cooled"
IB-54099805,6SR5502-2HA34-0BH2 - Z8-223051534-468,07-10-2022 14:00,Verified,6SR5502-2HA34-0BH2,Z8-223051534-468,Jindal Steel Odisha Ltd.,"IN-Angul-At/P.O. Jindal Nagar, Nisa SH-63, Chhendipada Rd.","PH GH180, air cooled"
IB-54103858,6SR5502-5NC41-5FH2 - Z8-223150840-27A,07-10-2022 14:00,Verified,6SR5502-5NC41-5FH2,Z8-223150840-27A,Nuvoco Vistas Corporation Ltd.,"IN-Raipur-P.O. Raseda, Dist: Balodabazar-","PH GH180, air cooled"
IB-12755725,6SL3855-5UU31-5KA0 - SN-E7113603-00001,08-10-2022 11:53,Verified,6SL3855-5UU31-5KA0,N-E7113603-00001,JBF Petrochemicals Ltd.,IN-Mangalore-No 4 - 214  Pb Number 001,"GL150, water cooled"
IB-16865969,6SR4052-5NB41-0BH1 - Z8-173043802-001,08-10-2022 11:53,Verified,6SR4052-5NB41-0BH1,Z8-173043802-001,The Ramco Cements Ltd.,IN-Virudhu Nagar-Ramasamy Raja Nagar,"PH GH180, cooling method unknown"
IB-12063699,1SQ4564-4FV90-Z - NE51403444010001,08-10-2022 11:53,To be verified,1SQ4564-4FV90-Z,NE51403444010001,Reliance Petroleum Ltd.,IN-Jamanagar-Unit At Jamanagar SEZ Village Meghapar/Padana,Motors HV H-compact+ (Ex)
IB-14941162,6SR4802-2HB37-0BH1 - STB1J0262PHG4700,08-10-2022 12:00,Verified,6SR4802-2HB37-0BH1,STB1J0262PHG4700,JK Lakshmi Cement Ltd.,IN-Gandhi Nagar-Village Moti Bhoyan,"PH GH180, air cooled"
IB-12778580,6SR4802-2HB37-0BH1 - STBDH-0252-PHG4700,08-10-2022 12:00,Verified,6SR4802-2HB37-0BH1,STBDH-0252-PHG4700,Hindalco Industries Ltd.,"IN-Sambalpur-Hirakud F R P, Bluefox ProjectHirakud,Hirakud","PH GH180, air cooled"
IB-12778581,6SR4802-2HB37-0BH1 -  STBDH-0253-PHG4700,08-10-2022 12:00,Verified,6SR4802-2HB37-0BH1,STBDH-0253-PHG4700,Hindalco Industries Ltd.,"IN-Sambalpur-Hirakud F R P, Bluefox ProjectHirakud,Hirakud","PH GH180, air cooled"
IB-12778582,6SR4802-2HB37-0BH1 - STBDH-0254-PHG4700,08-10-2022 12:00,Verified,6SR4802-2HB37-0BH1,STBDH-0254-PHG4700,Hindalco Industries Ltd.,"IN-Sambalpur-Hirakud F R P, Bluefox ProjectHirakud,Hirakud","PH GH180, air cooled"
IB-12778583,6SR4802-2HB37-0BH1 - STBDH-0255-PHG4700,08-10-2022 12:00,Verified,6SR4802-2HB37-0BH1,STBDH-0255-PHG4700,Hindalco Industries Ltd.,"IN-Sambalpur-Hirakud F R P, Bluefox ProjectHirakud,Hirakud","PH GH180, air cooled"
IB-12778584,6SR4802-2HB37-0BH1 - STBDH-0256-PHG4700,08-10-2022 12:00,Verified,6SR4802-2HB37-0BH1,STBDH-0256-PHG4700,Hindalco Industries Ltd.,"IN-Sambalpur-Hirakud F R P, Bluefox ProjectHirakud,Hirakud","PH GH180, air cooled"
IB-12778585,6SR4802-2HB37-0BH1 - STBDH-0257-PHG4700,08-10-2022 12:00,Verified,6SR4802-2HB37-0BH1,STBDH-0257-PHG4700,Hindalco Industries Ltd.,"IN-Sambalpur-Hirakud F R P, Bluefox ProjectHirakud,Hirakud","PH GH180, air cooled"
IB-13936171,1FC5370-1AT00-0AA0 - SZVE5YHT002049,08-10-2022 12:00,Verified,1FC5370-1AT00-0AA0,SZVE5YHT002049,IFB INDUSTRIES LTD,IN -D. H. Rd. P. S. Bishnupur-24 PARGANA(SOUTH),Motors HV Others
IB-13439401,6SR4802-2HB36-0FH1 - STB2J0263PHG4600,08-10-2022 12:01,Verified,6SR4802-2HB36-0FH1,STB2J0263PHG4600,Tata Steel Ltd.,IN-Jamshedpur-P.O. Bistupur,"PH GH180, air cooled"
IB-7666921,1DL4637-8MF02-Z - D9631601501,08-10-2022 12:18,Verified,1DL4637-8MF02-Z,D9631601501,JINDAL STEEL LIMITED,"IN-Angul-Jindal Nagar, Village-Nisha, State","Motors HV H-moflex (sync., salient pole and cylindrical)"
IB-7668171,1DL4637-8MF02-Z - D0231609601,08-10-2022 12:18,Verified,1DL4637-8MF02-Z,D0231609601,Praxair India Pvt. Ltd.,"IN-Bellary-Toranagalu, Vidyanagar","Motors HV H-moflex (sync., salient pole and cylindrical)"
IB-7621738,1DL4637-8MF02-Z - D9631602801,08-10-2022 12:18,Verified,1DL4637-8MF02-Z,D9631602801,JSW Indl. Gases Pvt. Ltd.,IN-Bellary-P.O. Vidyanagar,"Motors HV H-moflex (sync., salient pole and cylindrical)"
IB-7668223,1TZ1549-8AF02-Z - D0431407001,08-10-2022 12:18,Verified,1TZ1549-8AF02-Z,D0431407001,Hindalco Industries Ltd.,"IN-Renukoot-P. O. Renukoot, Main Rd.",Motors HV H-modyn (async.)
IB-9330804,EHRV-500LC-14A - 5124468,08-10-2022 12:21,Preliminary,EHRV-500LC-14A,5124468,Ingersoll-Rand (India) Ltd.,"IN-Ahmedabad-21-30, GIDC Estate, Naroda",Motors HV Loher Vario (Ex)
IB-6134930,6SR0960-0DA05-0AA0 - ITC/BDC/PHD/005,08-10-2022 13:30,Verified,6SR0960-0DA05-0AA0,ITC/BDC/PHD/005,ITC Limited - Paperboards & Specialty Papers Division,IN-Khammam District-Sarapaka Village,Miscellaneous (F)
IB-6134931,6SR0960-0RA03-0AB0 - ITC/BDC/PHD/004,08-10-2022 13:30,Verified,6SR0960-0RA03-0AB0,ITC/BDC/PHD/004,ITC Limited - Paperboards & Specialty Papers Division,IN-Khammam District-Sarapaka Village,Miscellaneous (F)
IB-6134932,6SR0960-0CB02-0AD0 - ITC/BDC/PHD/003,08-10-2022 13:30,Verified,6SR0960-0CB02-0AD0,ITC/BDC/PHD/003,ITC Limited - Paperboards & Specialty Papers Division,IN-Khammam District-Sarapaka Village,Miscellaneous (F)
IB-6134934,6SR0960-0CB03-0AD0 - ITC/BDC/PHD/001,08-10-2022 13:30,Verified,6SR0960-0CB03-0AD0,ITC/BDC/PHD/001,ITC Limited - Paperboards & Specialty Papers Division,IN-Khammam District-Sarapaka Village,Miscellaneous (F)
IB-6156636,6SR3502-6HE41-7BH0 - 31501001268,08-10-2022 13:30,Verified,6SR3502-6HE41-7BH0,31501001268,Jsw Techno Projects Management Ltd.,IN-Bellary-Post Vidyanagar,"PH GH180, air cooled"
IB-6156638,6SR3502-6HE41-7BH0 - 31501001257,08-10-2022 13:30,Verified,6SR3502-6HE41-7BH0,31501001257,Jsw Techno Projects Management Ltd.,IN-Bellary-Post Vidyanagar,"PH GH180, air cooled"
IB-6325632,6SR3502-6HE41-7BH0 - 31501001267,08-10-2022 13:30,Verified,6SR3502-6HE41-7BH0,31501001267,Jsw Techno Projects Management Ltd.,IN-Bellary-Post Vidyanagar,"PH GH180, air cooled"
IB-6364415,6SR3102-7HJ44-0FH0 - 3001156443,08-10-2022 13:30,Verified,6SR3102-7HJ44-0FH0,3001156443,My Home Industries Pvt. Ltd.,"IN-Visakhapatnam-Mulakalapalli Village K. Purushotapuram (P.O),","PH GH180, air cooled"
IB-44751207,6SR4502-2HG43-0BH2 - Z8-211645507-565,08-10-2022 13:31,Verified,6SR4502-2HG43-0BH2,Z8-211645507-565,Kalburgi Cement Pvt. Ltd.,"IN-Gulbarga-Chatrasala Village, Chincholi Taluk","PH GH180, air cooled"
IB-44751378,6SR4502-2HG43-0BH2 - Z8-211645507-566,08-10-2022 13:31,Verified,6SR4502-2HG43-0BH2,Z8-211645507-566,Kalburgi Cement Pvt. Ltd.,"IN-Gulbarga-Chatrasala Village, Chincholi Taluk","PH GH180, air cooled"
IB-45277397,1SG6504-4HJ90-Z - N-N51608769010001,08-10-2022 13:31,Verified,1SG6504-4HJ90-Z,N-N51608769010001,JSW Steel Ltd.,"IN-Raigad-Dolvi Geetapuram, Taluka Pen",Motors HV Innomotics HV M (Ex)
IB-45369792,6SR5502-5NA34-5BH2 - Z8-212050834-424,08-10-2022 13:32,Verified,6SR5502-5NA34-5BH2,Z8-212050834-424,DCM SHRIRAM,"IN-Gujarat-749, Jhagadia GIDC, Fulwadi , BHARUCH","PH GH180, air cooled"
IB-45379265,6SR5502-5NA34-5BH2 - Z8-212050834-423,08-10-2022 13:32,Verified,6SR5502-5NA34-5BH2,Z8-212050834-423,DCM SHRIRAM,"IN-Gujarat-749, Jhagadia GIDC, Fulwadi , BHARUCH","PH GH180, air cooled"
IB-45370307,6SR5502-5NC41-7BH2 - Z8-212050840-422,08-10-2022 13:32,Verified,6SR5502-5NC41-7BH2,Z8-212050840-422,DCM SHRIRAM,"IN-Gujarat-749, Jhagadia GIDC, Fulwadi , BHARUCH","PH GH180, air cooled"
IB-45373278,6SR5502-5NC41-7BH2 - Z8-212050840-427,08-10-2022 13:32,Verified,6SR5502-5NC41-7BH2,Z8-212050840-427,DCM SHRIRAM,"IN-Gujarat-749, Jhagadia GIDC, Fulwadi , BHARUCH","PH GH180, air cooled"
IB-45372566,6SR5502-5NC41-5BH2 - Z8-212050840-173,08-10-2022 13:32,Verified,6SR5502-5NC41-5BH2,Z8-212050840-173,DCM SHRIRAM,"IN-Gujarat-749, Jhagadia GIDC, Fulwadi , BHARUCH","PH GH180, air cooled"
IB-45374596,6SR5502-5NC41-5BH2 - Z8-212050840-426,08-10-2022 13:32,Verified,6SR5502-5NC41-5BH2,Z8-212050840-426,DCM SHRIRAM,"IN-Gujarat-749, Jhagadia GIDC, Fulwadi , BHARUCH","PH GH180, air cooled"
IB-45377908,6SR5502-2HE42-2BH2 - Z8-211651548-990,08-10-2022 13:32,Verified,6SR5502-2HE42-2BH2,Z8-211651548-990,JSW Jaigarh Port Ltd.,IN-Ratnagiri-Jaigarh,"PH GH180, air cooled"
IB-45378201,6SR5502-2HE42-2BH2 - Z8-211751548-290,08-10-2022 13:32,Verified,6SR5502-2HE42-2BH2,Z8-211751548-290,JSW Energy Ltd.,IN-Ratnagiri-Post Jaigad,"PH GH180, air cooled"
IB-45381245,6SR5502-2HE42-2BH2 - Z8-211751548-366,08-10-2022 13:32,Verified,6SR5502-2HE42-2BH2,Z8-211751548-366,JSW Energy Ltd.,IN-Ratnagiri-Post Jaigad,"PH GH180, air cooled"
IB-45381398,6SR5502-2HE42-2BH2 - Z8-211751548-445,08-10-2022 13:32,Verified,6SR5502-2HE42-2BH2,Z8-211751548-445,JSW Energy Ltd.,IN-Ratnagiri-Post Jaigad,"PH GH180, air cooled"
IB-45378332,6SR5502-2HA36-0BF2 - Z8-211751534-447,08-10-2022 13:32,Verified,6SR5502-2HA36-0BF2,Z8-211751534-447,JSW Jaigarh Port Ltd.,IN-Ratnagiri-Jaigarh,"PH GH180, air cooled"
IB-45378899,6SR5502-2HC41-4BH2 - Z8-211751540-365,08-10-2022 13:32,Verified,6SR5502-2HC41-4BH2,Z8-211751540-365,JSW Jaigarh Port Ltd.,IN-Ratnagiri-Jaigarh,"PH GH180, air cooled"
IB-45711787,6SR5502-2FB36-0BF0 - Z8-212151535-553,08-10-2022 13:32,Active,6SR5502-2FB36-0BF0,Z8-212151535-553,"Reitz India Limited Patancheru, Hyderaba",IN -Hyderabad,"PH GH180, air cooled"
IB-609255,1RS5637-8 - N292691/692,08-10-2022 13:36,Verified,1RS5637-8,N292691/692,The K C P Ltd.,IN-Chennai-Basin Rd.,Motors HV Others
IB-609933,1RS5637-8 - LD-M-unknown-0000006677,08-10-2022 13:36,Verified,1RS5637-8,LD-M-unknown-0000006677,The K C P Ltd.,IN-Chennai-Basin Rd.,"Motors HV VEM (Siemens labeled, slip-ring)"
IB-609935,1RS5637-8 - LD-M-unknown-0000006678,08-10-2022 13:36,Verified,1RS5637-8,LD-M-unknown-0000006678,The K C P Ltd.,IN-Chennai-Basin Rd.,"Motors HV VEM (Siemens labeled, slip-ring)"
IB-609937,1RS5637-8 - LD-M-unknown-0000006679,08-10-2022 13:36,Verified,1RS5637-8,LD-M-unknown-0000006679,The K C P Ltd.,IN-Chennai-Basin Rd.,"Motors HV VEM (Siemens labeled, slip-ring)"
IB-609723,1RR7634-6 - LD-M-unknown-0000006462,08-10-2022 13:36,Verified,1RR7634-6,LD-M-unknown-0000006462,Cement Corpn Of India Ltd,IN-Bilaspur-Akaltara Cement Factory,Motors HV Innomotics HV M (slip-ring)
IB-609726,1RR7634-6 - LD-M-unknown-0000006463,08-10-2022 13:36,Verified,1RR7634-6,LD-M-unknown-0000006463,Cement Corpn Of India Ltd,IN-Bilaspur-Akaltara Cement Factory,Motors HV Innomotics HV M (slip-ring)
IB-609740,1RR7717-6 - LD-M-unknown-0000006469,08-10-2022 13:36,Verified,1RR7717-6,LD-M-unknown-0000006469,Cement Corporation of India Ltd.,"IN-New Delhi-87, CCI House, Nehru Place",Motors HV Innomotics HV M (slip-ring)
IB-609742,1RR7717-6 - LD-M-unknown-0000006470,08-10-2022 13:36,Verified,1RR7717-6,LD-M-unknown-0000006470,Cement Corporation of India Ltd.,"IN-New Delhi-87, CCI House, Nehru Place",Motors HV Innomotics HV M (slip-ring)
IB-610014,1RR7717-6 - LD-M-unknown-0000006921,08-10-2022 13:36,Verified,1RR7717-6,LD-M-unknown-0000006921,Cement Corporation of India Ltd.,"IN-New Delhi-87, CCI House, Nehru Place",Motors HV Innomotics HV M (slip-ring)
IB-588801,A5E02817030 - 31501000389,08-10-2022 13:36,Verified,A5E02817030,31501000389,Arcelormittal Nippon Steel India Ltd.,"IN-Hazira-27Km, Surat Hazira Rd., Surat","PH GH180, cooling method unknown"
IB-609944,1TT6547-8 - LD-M-unknown-0000006819,08-10-2022 13:36,Verified,1TT6547-8,LD-M-unknown-0000006819,Cement Corpn Of India Ltd,IN-Bilaspur-Akaltara Cement Factory,Motors HV Others
IB-609942,1TT6547-8 - LD-M-unknown-0000006818,08-10-2022 13:36,Verified,1TT6547-8,LD-M-unknown-0000006818,Cement Corpn Of India Ltd,IN-Bilaspur-Akaltara Cement Factory,Motors HV Others
IB-6617711,1SG4630-4JX70-Z - N-E41406001030001,08-10-2022 13:40,Verified,1SG4630-4JX70-Z,N-E41406001030001,Reliance Industries Ltd.,"IN-Jamnagar-Export Oriented Undertaking Account SSO E5 Block, Gujarat Ta",Motors HV H-compact+ (Ex)
IB-6617712,1SG4630-4JX70-Z - N-E41406001040001,08-10-2022 13:40,Verified,1SG4630-4JX70-Z,N-E41406001040001,Reliance Industries Ltd.,"IN-Jamnagar-Export Oriented Undertaking Account SSO E5 Block, Gujarat Ta",Motors HV H-compact+ (Ex)
IB-6622902,1DZ2056-8AF02-Z - D1331637201,08-10-2022 13:40,Verified,1DZ2056-8AF02-Z,D1331637201,Praxair India Pvt. Ltd.,"IN-Bellary-Toranagalu, Vidyanagar","Motors HV H-modyn (sync., salient pole)"
IB-6056042,6SR0960-0JA02-0AD0 - MHIL/VIZ/PHD/002,08-10-2022 13:40,Verified,6SR0960-0JA02-0AD0,MHIL/VIZ/PHD/002,My Home Industries Pvt. Ltd.,"IN-Visakhapatnam-Mulakalapalli Village K. Purushotapuram (P.O),",Miscellaneous (F)
IB-6056041,6SR0960-0JA01-0AD0 - MHIL/VIZ/PHD/003,08-10-2022 13:40,Verified,6SR0960-0JA01-0AD0,MHIL/VIZ/PHD/003,My Home Industries Pvt. Ltd.,"IN-Visakhapatnam-Mulakalapalli Village K. Purushotapuram (P.O),",Miscellaneous (F)
IB-6056043,6SR0960-0JA13-0AD0 - MHIL/VIZ/PHD/001,08-10-2022 13:40,Verified,6SR0960-0JA13-0AD0,MHIL/VIZ/PHD/001,My Home Industries Pvt. Ltd.,"IN-Visakhapatnam-Mulakalapalli Village K. Purushotapuram (P.O),",Miscellaneous (F)
IB-505878,1LA4402-4AN70-Z - N-BO1331721010001,08-10-2022 13:54,Verified,1LA4402-4AN70-Z,N-BO1331721010001,Bhushan Energy Ltd.,"IN-Narendra Pur-P.O. Shibapur, Village Meramandali District  Dhenkanal",Motors HV H-compact (Non-Ex)
IB-506710,1LA4402-4AN70-Z - N-BO1331721015001,08-10-2022 13:54,Verified,1LA4402-4AN70-Z,N-BO1331721015001,Bhushan Energy Ltd.,"IN-Narendra Pur-P.O. Shibapur, Village Meramandali District  Dhenkanal",Motors HV H-compact (Non-Ex)
IB-506711,1LA4402-4AN70-Z - N-BO1331721015002,08-10-2022 13:54,Verified,1LA4402-4AN70-Z,N-BO1331721015002,Bhushan Energy Ltd.,"IN-Narendra Pur-P.O. Shibapur, Village Meramandali District  Dhenkanal",Motors HV H-compact (Non-Ex)
IB-41258600,6SR4802-2HC38-0BH1 - STB8H0228PHG4800,08-10-2022 15:15,Verified,6SR4802-2HC38-0BH1,STB8H0228PHG4800,Indian Oil Corporation Ltd.,IN-Paradip-P.O. Paradip At. Po. Jhimani - Paradip Refinery Project,"PH GH180, air cooled"
IB-53560451,6SR5502-2HE42-0FH2 - Z8-222751548-1B0,08-10-2022 15:31,Verified,6SR5502-2HE42-0FH2,Z8-222751548-1B0,Jindal Stainless Ltd.,"IN-Jajpur-Kalinga Nagar Industrial Complex, Dist- Jajpur, 755 026, Odisha","PH GH180, air cooled"
IB-53557083,6SR5502-2HE42-0FH2 - Z8-222751548-1AF,08-10-2022 15:31,Verified,6SR5502-2HE42-0FH2,Z8-222751548-1AF,Jindal Stainless Ltd.,"IN-Jajpur-Kalinga Nagar Industrial Complex, Dist- Jajpur, 755 026, Odisha","PH GH180, air cooled"
IB-53737491,6SR5502-2NE41-7BH0 - Z8-220951548-004,08-10-2022 15:31,Active,6SR5502-2NE41-7BH0,Z8-220951548-004,Senex Energy Limited,IN - Senex Energy - Roma North,"PH GH180, air cooled"
IB-53735973,6SR5502-5NE43-0FH2 - Z8-222850848-391,08-10-2022 15:31,To be verified,6SR5502-5NE43-0FH2,Z8-222850848-391,Linde India Ltd.,"IN-Navi Mumbai-Thane Belapur Rd., Airoli","PH GH180, air cooled"
IB-53740256,6SR5502-5NE43-0FH2 - Z8-222850848-392,08-10-2022 15:31,Verified,6SR5502-5NE43-0FH2,Z8-222850848-392,Linde India Ltd.,"IN-Andhra Pradesh-Beside Apollo Tyres Ltd. Chinapandur Indl. Park, Mandal Nr Sri City, C","PH GH180, air cooled"
IB-53740690,6SR5502-2HH44-5BH2 - Z8-222851596-13B,08-10-2022 15:31,Verified,6SR5502-2HH44-5BH2,Z8-222851596-13B,Bengal Energy Ltd.,"IN-Kharagpur-Mouza Dauka, P.O. Tentulmuri Kharagpur, S. Narayangarh,","PH GH180, air cooled"
IB-33485553,6SR4502-2HD41-2BH1 - Z8-191944504-921,08-10-2022 21:04,Verified,6SR4502-2HD41-2BH1,Z8-191944504-921,Tata Steel Ltd.,IN-Jamshedpur-General Office Bldg. Near Bistupur,"PH GH180, air cooled"
IB-34238420,6SR4802-2HD41-2BH1 - STB8J0310PHG41250,08-10-2022 21:23,Verified,6SR4802-2HD41-2BH1,STB8J0310PHG41250,Gail (India) Ltd.,IN-Ajmer-Kishangarh - Jaipur Highway,"PH GH180, air cooled"
IB-31353134,6SR4802-2HF42-0FH1 - STB2K0383PHG42000,08-10-2022 21:31,Verified,6SR4802-2HF42-0FH1,STB2K0383PHG42000,Inox Air Products Pvt. Ltd.,"IN-Ahmedabad-Block No. 768, Koth Rd., Simej, Dholka","PH GH180, air cooled"
IB-21971337,6SR4802-2HB37-0BH1 - STB4K0407PHG4700,08-10-2022 23:06,Verified,6SR4802-2HB37-0BH1,STB4K0407PHG4700,Ultratech Cement Ltd.,"IN-Krishna-Survey No. 99, Vill - Post Budawad","PH GH180, air cooled"
IB-22536904,6SR4802-2HB37-0BH1 - STB5K0389PHG47000,08-10-2022 23:06,Verified,6SR4802-2HB37-0BH1,STB5K0389PHG47000,Ultratech Cement Ltd.,"IN-Krishna-Survey No. 99, Vill - Post Budawad","PH GH180, air cooled"
IB-22344054,6SR4802-2HB37-0BH1 - STB9J0320PHG4700,08-10-2022 23:06,Verified,6SR4802-2HB37-0BH1,STB9J0320PHG4700,TATA STEEL LTD,IN-Orissa --Kalinga Nagar,"PH GH180, air cooled"
IB-22343371,6SR4802-2HB37-0BH1 - STB5K0414PHG4700,08-10-2022 23:06,Verified,6SR4802-2HB37-0BH1,STB5K0414PHG4700,Ultratech Cement Ltd.,IN-Rewa-Jaypee Puram P.O. Jaypee Puram,"PH GH180, air cooled"
IB-22895401,6SR4802-2HB37-0BH1-STB3K0382PHG4700,08-10-2022 23:06,Verified,6SR4802-2HB37-0BH1,STB3K0382PHG4700,ACC Ltd.,"IN-Katni-Kymore Cement Works, P.O. Kymore","PH GH180, air cooled"
IB-21227014,6SL3956-6YX03-0AA0 - N-K4123603-00001,09-10-2022 00:55,Verified,6SL3956-6YX03-0AA0,N-K4123603-00001,Bharat Heavy Electricals Ltd.,IN-Bangalore-Mysore Rd.,Miscellaneous
IB-21226596,6SL3850-5UP21-0AA0-Z - N-K55019314040001,09-10-2022 01:05,Verified,6SL3850-5UP21-0AA0-Z,N-K55019314040001,Govt of Telangana,"IN-Karimnagar-Package-6,","GL150, air cooled"
IB-21226805,6SL3850-5UP21-0AA0-Z - N-K55019314050001,09-10-2022 01:05,Verified,6SL3850-5UP21-0AA0-Z,N-K55019314050001,Govt of Telangana,"IN-Karimnagar-Package-6,","GL150, air cooled"
IB-20831554,6SR4502-0CD38-0BH0 - Z8-180940304-005,09-10-2022 01:05,Verified,6SR4502-0CD38-0BH0,Z8-180940304-005,Ernest Henry Mining Pty Ltd,IN - Ernest Henry Mining Pty Ltd,"PH GH180, air cooled"
IB-61046350,6SL3982-5CX10-0AA3 - N-R2173601-00014,02-12-2023 09:42,Active,6SL3982-5CX10-0AA3,N-R2173601-00014,Arcelormittal Nippon Steel India Ltd.,"IN-Hazira-27Km, Surat Hazira Rd., Surat",Miscellaneous
IB-44804428,1RN6454-4FP00-Z,03-09-2023 01:48,To be verified,1RN6454-4FP00-Z,,Ceat Ltd.,"IN-Kancheepuram-Vill. Sriperumbudur, Kannantha",Motors AC LV (MC)
IB-61046041,6SL3845-7NN43-6BA3-Z - N-R21657387030001,30-10-2023 21:55,Verified,6SL3845-7NN43-6BA3-Z,N-R21657387030001,Arcelormittal Nippon Steel India Ltd.,"IN-Hazira-27Km, Surat Hazira Rd., Surat","SM150 IGCT, water cooled"
IB-61046209,6SL3982-5CX10-0AA3 - N-R2173601-00013,30-10-2023 21:55,Active,6SL3982-5CX10-0AA3,N-R2173601-00013,Arcelormittal Nippon Steel India Ltd.,"IN-Hazira-27Km, Surat Hazira Rd., Surat",Miscellaneous
IB-61406907,6SR4502-2HG43-5BH2 - Z8-231845507-077,30-10-2023 23:14,Verified,6SR4502-2HG43-5BH2,Z8-231845507-077,Neo Metaliks Ltd.,"IN-Durgapur-P.O. Gopalpur Via Durgapur - 12, Dist. Burdwan, West Bengal","PH GH180, air cooled"
IB-54512711,6SR5502-2HE42-2BH2 - Z8-223251548-67F,15-06-2023 17:07,Verified,6SR5502-2HC41-0BH2-Z,Z8-223251548-67F,JSW Steel Ltd.,"IN-Raigarh-Survey No. 96/1, 96/2 97/0 Village Khar Karavi, Taluka Pen","PH GH180, air cooled"
IB-60026818,6SR5502-2HB36-0BH2 - Z8-231151535-0A9,15-06-2023 18:00,Active,6SR5502-2HB36-0BH2,Z8-231151535-0A9,Siemens Ltd.,"IN-Navi Mumbai-Thane Belapur Rd., Airoli","PH GH180, air cooled"
IB-60056377,6SR5502-2HB36-0BH2 - Z8-231151535-0AD,15-06-2023 18:12,Active,6SR5502-2HB36-0BH2,Z8-231151535-0AD,Siemens Ltd.,"IN-Navi Mumbai-Thane Belapur Rd., Airoli","PH GH180, air cooled"
IB-54834135,6SR5502-2HE41-7BH2 - Z8-223651548-258,15-06-2023 18:39,Verified,6SR5502-2HE41-7BH2,Z8-223651548-258,My Home Industries Pvt. Ltd.,"IN-Nalgonda-Srinagar, Mellacheruvu Village &","PH GH180, air cooled"
IB-60327446,6SR5502-2HB38-0BH2 - Z8-231251535-0AE,15-06-2023 19:05,Verified,6SR5502-2HB38-0BH2,Z8-231251535-0AE,Jindal Steel Odisha Ltd.,"IN-Angul-At/P.O. Jindal Nagar, Nisa SH-63, Chhendipada Rd.","PH GH180, air cooled"
IB-54929101,6SR4502-5NB41-2BH1-Z - 3004141678,20-01-2023 20:17,Active,6SR4502-5NB41-2BH1-Z,3004141678,Kiri Industries Ltd.,"IN-Vadodara-Plot No : 552, 566, 567, 569-71 Village: Dudhwada,Tal.: Padra","PH GH180, air cooled"
IB-26571435,6SR4502-5ND42-2BH1 - Z8-184543804-540,07-10-2022 00:25,Active,6SR4502-5ND42-2BH1,Z8-184543804-540,Yantra Harvest Energy Pvt. Ltd.,"IN-Pune-Shed No. 4, Anant Indl. Estate Narhe Rd. Dhayari Gaon","PH GH180, air cooled"
IB-27121100,6SL3951-0RC10-0BA0 - N-K7273603-00001,07-10-2022 01:04,Verified,6SL3951-0RC10-0BA0,N-K7273603-00001,JSW Ispat Steel Ltd.,"IN-Raigad-Dolvi Geetapuram, Taluka Pen",GL150 CU
IB-26149306,6SR4802-2HC41-0BH1 - STB1K0373PHG41000,07-10-2022 01:06,Verified,6SR4802-2HC41-0BH1,STB1K0373PHG41000,Bangalore Water Supply and Sewerage Board,IN-Bangalore-VARTHUR,"PH GH180, air cooled"
IB-26149307,6SR4802-2HC41-0BH1 - STB1K0371PHG41000,07-10-2022 01:06,Verified,6SR4802-2HC41-0BH1,STB1K0371PHG41000,Bangalore Water Supply and Sewerage Board,IN-Bangalore-VARTHUR,"PH GH180, air cooled"
IB-26149309,6SR4802-2HC41-0BH1 - STB1K0374PHG41000,07-10-2022 01:06,Verified,6SR4802-2HC41-0BH1,STB1K0374PHG41000,Bangalore Water Supply and Sewerage Board,IN-Bangalore-VARTHUR,"PH GH180, air cooled"
IB-26727091,1DQ56518DT08Z - D06502 33602,07-10-2022 03:22,Verified,1DQ56518DT08Z,D06502 33602,Tata Steel BSL Ltd.,"IN-Dhenkanal-Narendra Pur. P.O Shibapur,","Motors HV Milling Motors (sync., large)"
IB-48526262,1RN4500-4FM00-Z - N-C81360077010001,07-10-2022 04:24,Verified,1RN4500-4FM00-Z,N-C81360077010001,Continental India Pvt. Ltd.,"IN-Modipuram-Nh 58, Meerut Roorkee Rd.",Motors HV H-compact+ (Non-Ex)
IB-48526291,1RN4500-4FM00-Z - N-C81360083010001,07-10-2022 04:24,Verified,1RN4500-4FM00-Z,N-C81360083010001,Continental India Pvt. Ltd.,"IN-Modipuram-Nh 58, Meerut Roorkee Rd.",Motors HV H-compact+ (Non-Ex)
IB-52595018,6SR38026HC410BH0Z - STBO2T0006-PH-MVD,07-10-2022 12:25,Verified,6SR38026HC410BH0Z,STBO2T0006-PH-MVD,Hindustan Petroleum Corporation Ltd.,"IN-Visakhapatnam-HPCL, Viskha Refinery, PB # 15,","PH GH180, air cooled"
IB-52601807,1RN1630-6KL90-Z - N8-3007287560-100-3,07-10-2022 12:25,Verified,1RN1630-6KL90-Z,N8-3007287560-100-3,Welspun Metallics Ltd.,"IN-Anjar-Survey No. 650, Welspun City,","Motors HV A-compact+ (async., Non-Ex)"
IB-52626635,1NN1454-2AA60-3CA0-Z - N-P45029839010001,07-10-2022 12:26,Verified,1NN1454-2AA60-3CA0-Z,N-P45029839010001,Flowserve India Controls Pvt. Ltd.,IN-Coimbatore-SF No.136/3 & 137 Myleripalayam Rd.,Motors HV Innomotics HV C (Ex)
IB-52626657,1NN1454-2AA60-3CA0-Z - N-P45029839011001,07-10-2022 12:26,Verified,1NN1454-2AA60-3CA0-Z,N-P45029839011001,Flowserve India Controls Pvt. Ltd.,IN-Coimbatore-SF No.136/3 & 137 Myleripalayam Rd.,Motors HV Innomotics HV C (Ex)
IB-52662506,6SL3826-3AM41-5HE2-Z - N-NN5028147100001,07-10-2022 12:26,Active,6SL3826-3AM41-5HE2-Z,N-NN5028147100001,SIEMENS LIMITED,IN-Mumbai-Thane Belapur Road,"PH GH150, water cooled"
IB-53328721,6SR5502-5NC42-2BH2 - Z8-222350840-1D3,07-10-2022 15:42,Verified,6SR5502-5NC42-2BH2,Z8-222350840-1D3,Greenply Speciality Panels Pvt. Ltd.,"IN-Vadodara-Survey No.17/1, Savli Halol Rd.,","PH GH180, air cooled"
IB-53427636,6SR5502-2HE42-5BH2 - Z8-222751548-148,07-10-2022 15:42,Verified,6SR5502-2HE42-5BH2,Z8-222751548-148,The Ramco Cements Ltd.,IN-Virudhu Nagar-Ramasamy Raja Nagar,"PH GH180, air cooled"
IB-53432359,6SR5502-2HE42-5BH2 - Z8-222751548-14C,07-10-2022 15:42,Verified,6SR5502-2HE42-5BH2,Z8-222751548-14C,The Ramco Cements Ltd.,IN-Virudhu Nagar-Ramasamy Raja Nagar,"PH GH180, air cooled"
IB-53431947,6SR5502-2HE42-5BH2 - Z8-222751548-14B,07-10-2022 15:42,Verified,6SR5502-2HE42-5BH2,Z8-222751548-14B,The Ramco Cements Ltd.,IN-Virudhu Nagar-Ramasamy Raja Nagar,"PH GH180, air cooled"
IB-53431534,6SR5502-2HE42-5BH2 - Z8-222751548-14A,07-10-2022 15:42,Verified,6SR5502-2HE42-5BH2,Z8-222751548-14A,The Ramco Cements Ltd.,IN-Virudhu Nagar-Ramasamy Raja Nagar,"PH GH180, air cooled"
IB-53431122,6SR5502-2HE42-5BH2 - Z8-222751548-149,07-10-2022 15:42,Verified,6SR5502-2HE42-5BH2,Z8-222751548-149,The Ramco Cements Ltd.,IN-Virudhu Nagar-Ramasamy Raja Nagar,"PH GH180, air cooled"
IB-53432771,6SR5502-2HF43-0BH2 - Z8-222751552-14D,07-10-2022 15:42,Verified,6SR5502-2HF43-0BH2,Z8-222751552-14D,The Ramco Cements Ltd.,IN-Virudhu Nagar-Ramasamy Raja Nagar,"PH GH180, air cooled"
IB-8305824,1PQ4454-6AM90-Z - N-F61445740010001,08-10-2022 11:54,Verified,1PQ4454-6AM90-Z,N-F61445740010001,Jindal Power Ltd.,"IN-New Delhi-Jindal Centre, 12 Bhikaji Cama",Motors HV H-compact (Non-Ex)
IB-8313107,1PQ4454-6AM90-Z - N-F61445740020001,08-10-2022 11:54,Verified,1PQ4454-6AM90-Z,N-F61445740020001,Jindal Power Ltd.,"IN-New Delhi-Jindal Centre, 12 Bhikaji Cama",Motors HV H-compact (Non-Ex)
IB-8313112,1PQ4454-6AM90-Z - N-F61445740020002,08-10-2022 11:54,Verified,1PQ4454-6AM90-Z,N-F61445740020002,Jindal Power Ltd.,"IN-New Delhi-Jindal Centre, 12 Bhikaji Cama",Motors HV H-compact (Non-Ex)
IB-8311098,1PQ4454-6AM90-Z - N-F61445740020003,08-10-2022 11:54,Verified,1PQ4454-6AM90-Z,N-F61445740020003,Jindal Power Ltd.,"IN-New Delhi-Jindal Centre, 12 Bhikaji Cama",Motors HV H-compact (Non-Ex)
IB-8115580,6SL3815-2LN35-5AA0-Z - N-F31440445020001,08-10-2022 11:55,Verified,6SL3815-2LN35-5AA0-Z,N-F31440445020001,Tata Steel Downstream Products Ltd.,IN-Jamshedpur-Cr Unit Inside Tata Steel Work,"GM150 IGBT, water cooled"
IB-8115708,6SL3815-2LN35-5AA0-Z - N-F31440445021001,08-10-2022 11:55,Verified,6SL3815-2LN35-5AA0-Z,N-F31440445021001,Tata Steel Ltd.,IN-Jamshedpur-General Office Bldg. Near Bistupur,"GM150 IGBT, water cooled"
IB-8115465,6SL3815-2LN35-5AA0-Z - N-F31440445010001,08-10-2022 11:55,Verified,6SL3815-2LN35-5AA0-Z,N-F31440445010001,Tata Steel Downstream Products Ltd.,IN-Jamshedpur-Cr Unit Inside Tata Steel Work,"GM150 IGBT, water cooled"
IB-12477737,6SR3502-0HF41-2BH0 - 3001168887,08-10-2022 11:58,Verified,6SR3502-0HF41-2BH0,3001168887,Tata Steel Ltd.,IN-Jamshedpur-General Office Bldg. Near Bistupur,"PH GH180, air cooled"
IB-11752870,6SR3502-0HF41-2BH0 - 31501000949,08-10-2022 11:58,Verified,6SR3502-0HF41-2BH0,31501000949,TATA STEEL LTD,IN-Orissa --Kalinga Nagar,"PH GH180, air cooled"
IB-12238922,A5E03445934 - S/N-PT VFD 13601,08-10-2022 11:58,Verified,A5E03445934,PTVFD13601,Indian Oil Corporation Ltd.,"IN-Sambalpur-Kainsir Rd., Ainthapali","PH GH180, air cooled"
IB-12238926,A5E03445930 - PTVFD13568,08-10-2022 11:58,Verified,A5E03445930,PTVFD13568,Indian Oil Corporation Ltd.,"IN-Sambalpur-Kainsir Rd., Ainthapali","PH GH180, air cooled"
IB-12238923,A5E03445938 - S/N-PT VFD 13602,08-10-2022 11:58,Verified,A5E03445938,PTVFD13602,Indian Oil Corporation Ltd.,"IN-Sambalpur-Kainsir Rd., Ainthapali","PH GH180, air cooled"
IB-12238924,A5E03445936 - S/N-PT VFD 13569,08-10-2022 11:58,Verified,A5E03445936,PTVFD13569,Indian Oil Corporation Ltd.,"IN-Sambalpur-Kainsir Rd., Ainthapali","PH GH180, air cooled"
IB-12238927,A5E03445937 - S/N-PT VFD 13587,08-10-2022 11:58,Verified,A5E03445937,PTVFD13587,Indian Oil Corporation Ltd.,"IN-Sambalpur-Kainsir Rd., Ainthapali","PH GH180, air cooled"
IB-12238925,A5E03445933 - S/N-PT VFD 13586,08-10-2022 11:58,Verified,A5E03445933,PTVFD13586,Indian Oil Corporation Ltd.,"IN-Sambalpur-Kainsir Rd., Ainthapali","PH GH180, air cooled"
IB-12222290,6SR3802-6HC41-2BH0 - STB2F0177PHMVD,08-10-2022 11:58,Verified,6SR3802-6HC41-2BH0,STB2F0177PHMVD,GMR Warora Energy Ltd.,"IN-Chandrapur-Plot No. B-1 & B7, Mohbala MIDC W. Growth Centre, Post Tehsil Warora","PH GH180, air cooled"
IB-12064818,6SR3802-6HB37-0BH0 - STB08V0050PHMVD,08-10-2022 11:58,Verified,6SR3802-6HB37-0BH0,STB08V0050PHMVD,Tata Steel Long Products Ltd.,"IN-Seraikela-PO Gamharia, Kharsawan","PH GH180, air cooled"
IB-12064820,6SR3802-6HB36-0BH0 - STB07V0047PHMVD,08-10-2022 11:58,Verified,6SR3802-6HB36-0BH0,STB07V0047PHMVD,Tata Steel Long Products Ltd.,"IN-Seraikela-PO Gamharia, Kharsawan","PH GH180, air cooled"
IB-12085679,6SR3802-6HE42-0BH0 - STB11W0154-PH-MVD,08-10-2022 11:58,Verified,6SR3802-6HE42-0BH0,STB11W0154-PH-MVD,Oil India Ltd.,"IN-Dibrugarh-P.O: Duliajan,","PH GH180, air cooled"
IB-12520438,6SR3802-6HC41-0BH0 - STB06T0015-PH-MVD,08-10-2022 11:58,Verified,6SR3802-6HC41-0BH0,STB06T0015-PH-MVD,Hindustan Petroleum Corporation Ltd.,"IN-Visakhapatnam-HPCL, Viskha Refinery, PB # 15,","PH GH180, air cooled"
IB-12243174,6SR3802-6HB34-0BH0 - STB4H0217PHG3400,08-10-2022 11:58,Verified,6SR3802-6HB34-0BH0,STB4H0217PHG3400,Steel Authority of India Ltd.,"IN-Burnpur-IISCO Steel Plant, 7 The Ridge","PH GH180, air cooled"
IB-12243176,6SR3802-6HB34-0BH0 - STB4H0218PHG3400,08-10-2022 11:58,Verified,6SR3802-6HB34-0BH0,STB4H0218PHG3400,Steel Authority of India Ltd.,"IN-Burnpur-IISCO Steel Plant, 7 The Ridge","PH GH180, air cooled"
IB-12558714,1LA4314-4AN70-Z - N8/64930973,08-10-2022 11:58,Verified,1LA4314-4AN70-Z,N8/64930973,Tata Steel Ltd.,"IN-Jajpur-Block-2, General Admin Office Kalinga Nagar Indl. Complex",Motors HV H-compact (Non-Ex)
IB-11459172,6SR3802-6HF42-7BH0 - STBDH0258PHG32750,08-10-2022 11:58,Verified,6SR3802-6HF42-7BH0,STBDH0258PHG32750,J. K. Cement Ltd.,"IN-Chittorgarh-Mangrol, Tehsil Nimbahera","PH GH180, air cooled"
IB-12180423,6SR3802-6HF42-7BH0 - STB9F-0200-PHG32250,08-10-2022 11:58,Verified,6SR3802-6HF42-7BH0,STB9F-0200-PHG32250,Hindalco Industries Ltd.,"IN-Bargawan-NH-75 E, Singrauli Sidhi Rd.","PH GH180, air cooled"
IB-11696830,6SL3855-5UN11-6KA0 - N-C2243603-00001,08-10-2022 11:59,Verified,6SL3855-5UN11-6KA0,N-C2243603-00001,JSW Steel Ltd.,"IN-Bellary-P.O. Vidyanagar,","GL150, water cooled"
IB-14063931,1LA44542CN90Z - 64929106,08-10-2022 12:00,Verified,1LA44542CN90Z,64929106,Bhavik Terry Fab,"IN-Jaipur-Plot No. SP 4/3, Riico Indl. Area,",Motors HV H-compact (Non-Ex)
IB-12550275,1LA1064LA81 - 170530272909,08-10-2022 12:04,Verified,1LA1064LA81,170530272909,Madurai Sai Engineering Company Pvt. Ltd.,IN-Madurai-No. 44 Kaka Thope St.,Motors HV H-compact (Non-Ex)
IB-12570077,1LA44526AM00Z - N8/64930552,08-10-2022 12:04,Verified,1LA44526AM00Z,N8/64930552,"Ultratech Cement Ltd.  (Unit : Aditya Cement Works),","IN-Chittorgarh-Adityapuram, Shambhupura,",Motors HV H-compact (Non-Ex)
IB-15754609,JFWA560MR06A - 6025381,08-10-2022 12:06,Verified,JFWA560MR06A,6025381,Suzlon Energy Ltd.,"IN-Daman-Plot No.42/1-3, 54/1-9,55,43 2-4,53 Bhanslore, Dunetha",Generators
IB-15808565,6SR4052-0CD37-0BH0 - Z816174034001,08-10-2022 12:06,Verified,6SR4052-0CD37-0BH0,Z816174034001,Tuticorin Alkali Chemicals and Fertilisers Ltd.,IN-Tuticorin-Harbour Construction Rd.,"PH GH180, air cooled"
IB-10963778,1LA4314-4AN60 - 64924171,08-10-2022 12:13,Verified,1LA4314-4AN60,64924171,Elecon Engineering Company Ltd.,"IN-Vallabh Vidyanagar-Anand, Sujitra Rd.",Motors HV H-compact (Non-Ex)
IB-10963810,1LA4314-4AN60 - 64927121,08-10-2022 12:13,Verified,1LA4314-4AN60,64927121,Elecon Engineering Company Ltd.,"IN-Vallabh Vidyanagar-Anand, Sujitra Rd.",Motors HV H-compact (Non-Ex)
IB-7450104,1SG4630-4JX70-Z - N-E41406001010001,08-10-2022 12:17,Verified,1SG4630-4JX70-Z,N-E41406001010001,Reliance Industries Ltd.,"IN-Jamnagar-Export Oriented Undertaking Account SSO E5 Block, Gujarat Ta",Motors HV H-compact+ (Ex)
IB-7450105,1SG4630-4JX70-Z - N-E41406001020001,08-10-2022 12:17,Verified,1SG4630-4JX70-Z,N-E41406001020001,Reliance Industries Ltd.,"IN-Jamnagar-Export Oriented Undertaking Account SSO E5 Block, Gujarat Ta",Motors HV H-compact+ (Ex)
IB-45936510,6SR5502-2HD41-5FH2 - Z8-212251544-206,08-10-2022 13:31,Verified,6SR5502-2HD41-5FH2,Z8-212251544-206,Sunflag Iron And Steel Company Ltd.,"IN-Nagpur-Bhandara, Bhandara Rd., Warthi","PH GH180, air cooled"
IB-45942247,6SR5502-2HD41-5FH2 - Z8-212251544-205,08-10-2022 13:31,Verified,6SR5502-2HD41-5FH2,Z8-212251544-205,Sunflag Iron And Steel Company Ltd.,"IN-Nagpur-Bhandara, Bhandara Rd., Warthi","PH GH180, air cooled"
IB-45940951,6SR5502-2HB38-7BH2 - Z8-212151535-762,08-10-2022 13:31,Verified,6SR5502-2HB38-7BH2,Z8-212151535-762,The Ramco Cements Ltd.,IN-Krishna-Kumarasamy Raja Nagar,"PH GH180, air cooled"
IB-46024608,1MS43506AN70Z - 1606162/010/011,08-10-2022 13:31,Verified,1MS43506AN70Z,1606162/010/011,Boldrocchi India Pvt. Ltd.,"IN-Kanchipuram-B 56 & 57, Sipcot Indl. Park",Motors HV H-compact (Ex)
IB-46172219,1PQ4500-4CM90-Z - N-N61618794010001,08-10-2022 13:31,Verified,1PQ4500-4CM90-Z,N-N61618794010001,Steel Authority of India Ltd.,"IN-Bokaro Steel City-Ispat Bhavan, CMO Complex,",Motors HV H-compact (Non-Ex)
IB-46549791,1RQ14022IA70Z - N8/64874526,08-10-2022 13:31,Verified,1RQ14022IA70Z,N8/64874526,Indian Oil Corporation Ltd.,"IN-Panipat-Panipat Marketing Complex, Village","Motors HV A-compact+ (async., Non-Ex)"
IB-46606650,1RN15666FR00Z - N8/65280869,08-10-2022 13:31,Verified,1RN15666FR00Z,N8/65280869,Jindal Stainless (Hisar) Ltd.,IN-Hisar-O.P. Jindal Marg,"Motors HV A-compact+ (async., Non-Ex)"
IB-46606857,1RN15666FR00Z - N8/65280870,08-10-2022 13:31,Verified,1RN15666FR00Z,N8/65280870,Jindal Stainless (Hisar) Ltd.,IN-Hisar-O.P. Jindal Marg,"Motors HV A-compact+ (async., Non-Ex)"
IB-46606858,1RN15666FR00Z - N8/65280871,08-10-2022 13:31,Verified,1RN15666FR00Z,N8/65280871,Jindal Stainless (Hisar) Ltd.,IN-Hisar-O.P. Jindal Marg,"Motors HV A-compact+ (async., Non-Ex)"
IB-588852,6SB20 - Pump-Sim-S-001,08-10-2022 13:34,Verified,6SB20,Pump-Sim-S-001,The Tata Power Company Ltd.,"IN-Mangaon-Raigad,Bhira Po, Bhira",SIMOVERT S
IB-395440,6SL3845-7NN41-8AC0 - N-W0014121-00007,08-10-2022 13:49,Verified,6SL3845-7NN41-8AC0,N-W0014121-00007,Steel Authority of India Ltd.,IN-Salem-Salem Steel Plant,"SM150 IGCT, water cooled"
IB-543395,6SR4102-2HD41-2BH0 - N-CO5009800020001,08-10-2022 13:49,Verified,6SR4102-2HD41-2BH0,N-CO5009800020001,JSW Steel Ltd.,"IN-Bellary-P.O. Vidyanagar,","PH GH180, air cooled"
IB-450173,6SL3810-2LN37-0AA1 - NA61293188010001,08-10-2022 13:49,Verified,6SL3810-2LN37-0AA1,N-A61293188010001,Bharat Heavy Electricals Ltd.,IN-Ranipet-Indira Gandhi Indl. Complex,"GM150 IGBT, air cooled"
IB-460149,6SL3855-5UP21-8KA0 - N-A9074143-00002,08-10-2022 13:49,Verified,6SL3855-5UP21-8KA0,N-A9074143-00002,Tata Steel Ltd.,IN-Jamshedpur-General Office Bldg. Near Bistupur,"GL150, water cooled"
IB-471593,6SL3835-2LN42-8AA0 - N-AN1294792010001,08-10-2022 13:49,Verified,6SL3835-2LN42-8AA0,N-AN1294792010001,Brahmaputra Cracker And Polymer Ltd.,"IN-Dibrugarh-BCPL Project Site, Lepetkata","GM150 IGCT, water cooled"
IB-478151,6SL3835-2LN43-6AA0-N-B21301067010001,08-10-2022 13:49,Verified,6SL3835-2LN43-6AA0,N-B21301067010001,Mangalore Refinery and Petrochemicals Ltd.,"IN-Mangalore-Mudapadav, Kuthethoor P.O,","GM150 IGCT, water cooled"
IB-505120,6SL3845-7NN43-6AA0 - N-B95008485020001,08-10-2022 13:49,Verified,6SL3845-7NN43-6AA0,N-B95008485020001,Tata Steel Ltd.,IN-Jamshedpur-General Office Bldg. Near Bistupur,"SM150 IGCT, water cooled"
IB-508891,6SL3845-7NN43-6AA0 - N-B95008485060001,08-10-2022 13:49,Verified,6SL3845-7NN43-6AA0,N-B95008485060001,Tata Steel Ltd.,IN -Jamshedpur-General Office Bldg. Near Bistupur,"SM150 IGCT, water cooled"
IB-434490,1DQ3644-8AT03-Z - D0850241501,08-10-2022 13:53,Verified,1DQ3644-8AT03-Z,D0850241501,Steel Authority of India Ltd.,"IN-CALCUTTA-13, CAMAC St.","Motors HV Milling Motors (sync., small)"
IB-434496,1DQ3644-8AT03-Z - D0850241502,08-10-2022 13:53,Verified,1DQ3644-8AT03-Z,D0850241502,Steel Authority of India Ltd.,"IN-CALCUTTA-13, CAMAC St.","Motors HV Milling Motors (sync., small)"
IB-387139,1DQ3344-6BD03-Z - 1502128,08-10-2022 13:54,Verified,1DQ3344-6BD03-Z,1502128,Tata Steel Ltd.,IN-Jamshedpur-General Office Bldg. Near Bistupur,Motors HV Others
IB-383172,1MS4350-2AN00 - N-XO1279262010002,08-10-2022 14:05,Verified,1MS4350-2AN00,N-XO1279262010002,Reynold India Pvt. Ltd.,IN-Haridwar-Plot No.30 Sector 4 S.I.D.C.U.L,Motors HV H-compact (Ex)
IB-383173,1MS4350-2AN00 - N-XO1279262010003,08-10-2022 14:05,Verified,1MS4350-2AN00,N-XO1279262010003,Reynold India Pvt. Ltd.,IN-Haridwar-Plot No.30 Sector 4 S.I.D.C.U.L,Motors HV H-compact (Ex)
IB-383174,1MS4350-2AN00 - N-XO1279262010001,08-10-2022 14:05,Verified,1MS4350-2AN00,N-XO1279262010001,Reynold India Pvt. Ltd.,IN-Haridwar-Plot No.30 Sector 4 S.I.D.C.U.L,Motors HV H-compact (Ex)
IB-383175,1MS4350-2AN00 - N-XO1279262020001,08-10-2022 14:05,Verified,1MS4350-2AN00,N-XO1279262020001,Reynold India Pvt. Ltd.,IN-Haridwar-Plot No.30 Sector 4 S.I.D.C.U.L,Motors HV H-compact (Ex)
IB-39483663,1PS5806-7BS90-4CA0-Z - LDX/50002286,08-10-2022 15:07,Active,1PS5806-7BS90-4CA0-Z,LDX/50002286,Toyo Engineering India Pvt. Ltd.,"IN-Mumbai-Toyo House, Lal Bahadur Shastri Marg, Kanjurmarg (West)",Motors HV Loher Vario (Ex flameproof)
IB-39499420,6SR5502-2HF43-0BH1 - Z8-200751552-004,08-10-2022 15:07,Verified,6SR5502-2HF43-0BH1,Z8-200751552-004,The Ramco Cements Ltd.,IN-Krishna-Kumarasamy Raja Nagar,"PH GH180, air cooled"
IB-39499626,6SR5502-2HF43-0BH1 - Z8-200751552-013,08-10-2022 15:07,Verified,6SR5502-2HF43-0BH1,Z8-200751552-013,The Ramco Cements Ltd.,IN-Krishna-Kumarasamy Raja Nagar,"PH GH180, air cooled"
IB-39499829,6SR4502-2HJ44-7BH1 - Z8-200844509-003,08-10-2022 15:07,Verified,6SR4502-2HJ44-7BH1,Z8-200844509-003,The Ramco Cements Ltd.,IN-Krishna-Kumarasamy Raja Nagar,"PH GH180, air cooled"
IB-39503192,6SR5502-2HC41-2BH1 - Z8-200751540-128,08-10-2022 15:07,Verified,6SR5502-2HC41-2BH1,Z8-200751540-128,The Ramco Cements Ltd.,IN-Krishna-Kumarasamy Raja Nagar,"PH GH180, air cooled"
IB-39825918,6SR4802-2NC41-0FC1 - STB1K0366PHG41000,08-10-2022 15:29,Verified,6SR4802-2NC41-0FC1,STB1K0366PHG41000,The Admiral Superintendent Naval Dockyard (Mumbai),IN-Mumbai-Shahid Bhagat Singh Rd.,"PH GH180, air cooled"
IB-39851027,1RQ1 560-6IK90 - 65106084,08-10-2022 15:29,Verified,1RQ1 560-6IK90,65106084,Chettinad Cement Corporation Pvt. Ltd.,IN-Karur-Kumararajah Muthiah Nagar Puliyur Cement Factory Post,"Motors HV A-compact+ (async., Non-Ex)"
IB-39851029,1RQ1 590-6IK90 - 65111508,08-10-2022 15:29,Verified,1RQ1 590-6IK90,65111508,Chettinad Cement Corporation Pvt. Ltd.,IN-Karur-Kumararajah Muthiah Nagar Puliyur Cement Factory Post,"Motors HV A-compact+ (async., Non-Ex)"
IB-39851031,1RQ1 636-6IJ90 - 65093006,08-10-2022 15:29,Verified,1RQ1 636-6IJ90,65093006,Chettinad Cement Corporation Pvt. Ltd.,IN-Karur-Kumararajah Muthiah Nagar Puliyur Cement Factory Post,"Motors HV A-compact+ (async., Non-Ex)"
IB-24749566,6SR4502-2HE42-2BH1-Z8-183544505-392,08-10-2022 20:46,Verified,6SR4502-2HE42-2BH1,Z8-183544505-392,Ultratech Cement Ltd.,"IN-Kutch-Unit Sewagram Cement Works Village Vayor, Taluka Abdasa","PH GH180, air cooled"
IB-34384725,6SR5502-5NE43-0BH1 - Z8-192450848-002,08-10-2022 21:23,Verified,6SR5502-5NE43-0BH1,Z8-192450848-002,Hindustan Urvarak & Rasayan Ltd.,IN-Gorakhpur-Administrative Bldg. Hurl Campus,"PH GH180, air cooled"
IB-34215992,6SR4802-2HC38-7BH1 - STB8J0307PHG4900,08-10-2022 21:24,Verified,6SR4802-2HC38-7BH1,STB8J0307PHG4900,Gail (India) Ltd.,"IN-Jaipur-Gail Bhawan, Sector - 6, Vidhyadhar Nagar","PH GH180, air cooled"
IB-31802768,6SR4502-2HC41-2BG0 - Z8-190844503-003,08-10-2022 21:53,Active,6SR4502-2HC41-2BG0,Z8-190844503-003,Roy Hill Iron Ore Pty Ltd,IN - Roy Hill,"PH GH180, air cooled"
IB-31802102,6SR4502-2HC41-2BG0 - Z8-190844503-002,08-10-2022 21:53,Active,6SR4502-2HC41-2BG0,Z8-190844503-002,Roy Hill Iron Ore Pty Ltd,IN - Roy Hill,"PH GH180, air cooled"
IB-31801436,6SR4502-2HC41-2BG0 - Z8-190844503-001,08-10-2022 21:53,Active,6SR4502-2HC41-2BG0,Z8-190844503-001,Roy Hill Iron Ore Pty Ltd,IN - Roy Hill,"PH GH180, air cooled"
IB-23647748,6SR4802-2HC38-7FH1 - STB1K0370PHG4900,08-10-2022 23:01,Verified,6SR4802-2HC38-7FH1,STB1K0370PHG4900,Tata Steel Utilities And Infrastructure Services Ltd.,"IN-Jamshedpur-Sakchi Boulevard Rd.,","PH GH180, air cooled"
IB-18148498,6SL3850-7UU31-3AA0-Z - N-5018527010001,09-10-2022 00:28,Verified,6SL3850-7UU31-3AA0-Z,N-5018527010001,Megha Engineering & Infrastructures Ltd.,"IN-Hyderabad-S-2 Technocrat Indl. Estate,","GL150, air cooled"
IB-18148794,6SL3850-7UU31-3AA0-Z - N-K15018527020001,09-10-2022 00:28,Verified,6SL3850-7UU31-3AA0-Z,N-K15018527020001,Govt of Telangana,IN-Peddapalli-Servey No-456 Goliwada(village) Anthergaon(Mandal) (Dt),"GL150, air cooled"
IB-18176877,1RN14506FQ90Z - N8/ 65060708,09-10-2022 00:29,Verified,1RN14506FQ90Z,N8/ 65060708,Bainite Machines Pvt. Ltd.,"IN-Navi Mumbai-Plot No. R 216/217, TTC - M.I.D.C., 4th Rd., Rabale","Motors HV A-compact+ (async., Non-Ex)"
IB-18219898,1PQ45046DM90Z - N8/65018272,09-10-2022 00:29,Verified,1PQ45046DM90Z,N8/65018272,JSW Steel Pvt Ltd,"IN-7, Navapur Rd, Churi Compound-Navapur Rd, Churi Compound, Mahavir Nagar, Boisar, Maharashtra",Motors HV H-compact (Non-Ex)
IB-18219896,1PQ45046DM90Z - N8/65022428,09-10-2022 00:29,Verified,1PQ45046DM90Z,N8/65022428,JSW Steel Pvt Ltd,"IN-7, Navapur Rd, Churi Compound-Navapur Rd, Churi Compound, Mahavir Nagar, Boisar, Maharashtra",Motors HV H-compact (Non-Ex)
IB-18235801,6SL3850-5UP21-0AA0-Z - N-K25019314010001,09-10-2022 00:29,Verified,6SL3850-5UP21-0AA0-Z,N-K25019314010001,Govt of Telangana,"IN-Karimnagar-Package-6,","GL150, air cooled"
IB-18236163,6SL3850-5UP21-0AA0-Z - N-K25019314015001,09-10-2022 00:29,Verified,6SL3850-5UP21-0AA0-Z,N-K25019314015001,Megha Engineering & Infrastructures Ltd.,"IN-Hyderabad-S-2 Technocrat Indl. Estate,","GL150, air cooled"
IB-61256457,6SR4502-2HG43-5BH2 - Z8-231745507-016,30-10-2023 22:47,Verified,6SR4502-2HG43-5BH2,Z8-231745507-016,JSW Steel Ltd.,IN-Bellary-P.O. Vidyanagar,"PH GH180, air cooled"
IB-61258534,6SR5502-2HF42-5FH2-Z8-231751552-163,30-10-2023 22:50,Verified,6SR5502-2HF42-5FH2,Z8-231751552-163,JSW Steel Ltd.,IN-Dolvi-Taluka Pen,"PH GH180, air cooled"
IB-61266524,6SL3845-7NN43-6BA3-Z - N-R21657387040001,30-10-2023 23:06,Verified,6SL3845-7NN43-6BA3-Z,N-R21657387040001,Arcelormittal Nippon Steel India Ltd.,"IN-Hazira-27Km, Surat Hazira Rd., Surat","SM150 IGCT, water cooled"
IB-62185246,6SR5502-2HB36-0BH2 - Z8-232251535-0F1,31-10-2023 00:14,Active,6SR5502-2HB36-0BH2,Z8-232251535-0F1,SIEMENS LARGE DRIVES INDIA PVT LTD,"IN -Navi Mumbai, Thane","PH GH180, air cooled"
IB-62185914,6SR5502-2HB35-0BH2 - Z8-232151535-040,31-10-2023 00:16,Active,6SR5502-2HB35-0BH2,Z8-232151535-040,SIEMENS LARGE DRIVES INDIA PVT LTD,"IN -Navi Mumbai, Thane","PH GH180, air cooled"
IB-62187227,6SR5502-2HB36-0BH2 - Z8-232251535-085,31-10-2023 00:18,Active,6SR5502-2HB36-0BH2,Z8-232251535-085,SIEMENS LARGE DRIVES INDIA PVT LTD,"IN -Navi Mumbai, Thane","PH GH180, air cooled"
IB-62190217,6SR5502-2HB35-0BH2 - Z8-232151535-03F,31-10-2023 00:24,Active,6SR5502-2HB35-0BH2,Z8-232151535-03F,SIEMENS LARGE DRIVES INDIA PVT LTD,"IN -Navi Mumbai, Thane","PH GH180, air cooled"
IB-63890788,1TZ1539-8AF02-Z-D211634781010001,31-10-2023 00:28,To be verified,1TZ1539-8AF02-Z,D211634781010001,Tata Steel BSL Ltd.,"IN-Dhenkanal-Narendra Pur. P.O Shibapur,",Motors HV H-modyn (async.)
IB-63890790,1DZ2057-8AF03-Z-D211634780010001,31-10-2023 00:28,To be verified,1DZ2057-8AF03-Z,D211634780010001,Tata Steel BSL Ltd.,"IN-Dhenkanal-Narendra Pur. P.O Shibapur,","Motors HV H-modyn (sync., salient pole)"
IB-63890791,1DZ1547-8AF02-Z-D211634782010001,31-10-2023 00:28,To be verified,1DZ1547-8AF02-Z,D211634782010001,Tata Steel BSL Ltd.,"IN-Dhenkanal-Narendra Pur. P.O Shibapur,","Motors HV H-modyn (sync., salient pole)"
IB-63983857,1LA52074AA91Z125 - E1105/81499173005,31-10-2023 00:42,Active,1LA52074AA91Z125,E1105/81499173005,Banas Cattle feed,"IN-Chitroda-GJ SH 54, Katarva, Chitroda, Gujarat",Motors HV Others
IB-64346495,1LE75011CB235FA4Z - KW230631392852,31-10-2023 01:15,To be verified,1LE7501-1CB23-5FA4,KW230631392852,SURESH INDU LASER P LTD,"IN-PUNE-GRD FLOOR,GAT-448/1,PLOT-A29/14,MIDC PHASE-4,NIGHOGE,TAL KHED",Innomotics GP/SD
IB-59425269,6SR5502-2ND41-6BH2 - Z8-230751544-1E0,15-06-2023 16:08,Active,6SR5502-2ND41-6BH2,Z8-230751544-1E0,Siemens Ltd.,"IN-Navi Mumbai-Thane Belapur Rd., Airoli","PH GH180, air cooled"
IB-59863783,6SR5502-5NG46-0BG2 - Z8-224950890-1BE,15-06-2023 16:40,Verified,6SR5502-5NG46-0BG2,Z8-224950890-1BE,Air Liquide Global E&C Solutions India Pvt. Ltd.,"IN-New Delhi-A-24/10, Mohan Co-operative Indl. Estate, Mathura Rd.","PH GH180, air cooled"
IB-59891016,6SR5502-2HC41-2BH2 - Z8-230951540-006,15-06-2023 17:37,Verified,6SR5502-2HC41-2BH2,Z8-230951540-006,SKS Ispat and Power Ltd.,"IN-Raipur-Phase-II, Indl. Growth Centre,","PH GH180, air cooled"
IB-59896727,6SR5502-2HB38-7BH2 - Z8-230751535-1CF,15-06-2023 17:52,Verified,6SR5502-2HB38-7BH2,Z8-230751535-1CF,Reliance Industries Ltd.,IN-Jamnagar-Village Meghpar/Padana,"PH GH180, air cooled"
IB-60026438,6SR5502-2HB36-0BH2 - Z8-231151535-0A6,15-06-2023 17:59,Active,6SR5502-2HB36-0BH2,Z8-231151535-0A6,Siemens Ltd.,"IN-Navi Mumbai-Thane Belapur Rd., Airoli","PH GH180, air cooled"
IB-60027204,6SR5502-2HB36-0BH2 - Z8-231151535-0AC,15-06-2023 18:01,Active,6SR5502-2HB36-0BH2,Z8-231151535-0AC,Siemens Ltd.,"IN-Navi Mumbai-Thane Belapur Rd., Airoli","PH GH180, air cooled"
IB-54828679,6SR5502-2HD41-5BH2-Z8-223651544-253,15-06-2023 18:25,Verified,6SR5502-2HD41-5BH2,Z8-223651544-253,My Home Industries Pvt. Ltd.,"IN-Nalgonda-Srinagar, Mellacheruvu Village Kodad Taluq, Nalgonda District","PH GH180, air cooled"
IB-54831893,6SR5502-2HC38-7BH2 - Z8-223651540-259,15-06-2023 18:34,Verified,6SR5502-2HC38-7BH2,Z8-223651540-259,My Home Industries Pvt. Ltd.,"IN-Nalgonda-Srinagar, Mellacheruvu Village &","PH GH180, air cooled"
IB-66838867,6SR5502-4MD42-2BF2 - Z8-233150744-040,25-01-2024 21:14,Active,6SR5502-4MD42-2BF2,Z8-233150744-040,SIEMENS LARGE DRIVES INDIA PVT LTD,"IN -Navi Mumbai, Thane","PH GH180, air cooled"
IB-66839224,6SR5502-4MD42-2BF2 - Z8-233150744-041,25-01-2024 21:14,Active,6SR5502-4MD42-2BF2,Z8-233150744-041,SIEMENS LARGE DRIVES INDIA PVT LTD,"IN -Navi Mumbai, Thane","PH GH180, air cooled"
IB-46758955,A5E02651282 - 31501000180,07-10-2022 03:12,Verified,A5E02651282,31501000180,Electrosteel Steels Ltd.,"IN-Bokaro-Village Siyaljori, P.O. Jogidih, P.S. Chandankyari","PH GH180, air cooled"
IB-46839807,6SR5502-5NC42-2BH2-Z8-212650840-693,07-10-2022 03:12,Verified,6SR5502-5NC42-2BH2,Z8-212650840-693,ACC Ltd.,"IN-Kymore-Ametha Cement Works, Tehsil","PH GH180, air cooled"
IB-46840017,6SR5502-5NE43-7BH2 - Z8-212650848-579,07-10-2022 03:12,Verified,6SR5502-5NE43-7BH2,Z8-212650848-579,ACC Ltd.,"IN-Kymore-Ametha Cement Works, Tehsil","PH GH180, air cooled"
IB-46840167,6SR5502-5ND42-7BH2 - Z8-212650844-417,07-10-2022 03:12,Verified,6SR5502-5ND42-7BH2,Z8-212650844-417,ACC Ltd.,"IN-Kymore-Ametha Cement Works, Tehsil","PH GH180, air cooled"
IB-46840520,6SR5502-5ND42-7BH2 - Z8-212650844-422,07-10-2022 03:12,Verified,6SR5502-5ND42-7BH2,Z8-212650844-422,ACC Ltd.,"IN-Kymore-Ametha Cement Works, Tehsil","PH GH180, air cooled"
IB-46842259,6SR5502-5NE43-0BH2 - Z8-212650848-420,07-10-2022 03:12,Verified,6SR5502-5NE43-0BH2,Z8-212650848-420,ACC Ltd.,"IN-Kymore-Ametha Cement Works, Tehsil","PH GH180, air cooled"
IB-46842664,6SR5502-5NE43-0BH2 - Z8-212650848-421,07-10-2022 03:12,Verified,6SR5502-5NE43-0BH2,Z8-212650848-421,ACC Ltd.,"IN-Kymore-Ametha Cement Works, Tehsil","PH GH180, air cooled"
IB-37137940,6SR4502-2HH43-7BH1 - Z8-194344508-529,07-10-2022 04:22,Active,6SR4502-2HH43-7BH1,Z8-194344508-529,Yantra Harvest Energy Pvt. Ltd.,"IN-Pune-Shed No. 4, Anant Indl. Estate Narhe Rd. Dhayari Gaon","PH GH180, air cooled"
IB-49807528,1PQ444548AM00Z - KW211165311676,07-10-2022 05:33,Verified,1PQ444548AM00Z,KW211165311676,Dalmia Cement (Bharat) Ltd.,"IN-Belgaum-R. S. No. 394, Yadwad Village, Gokak Taluk",Motors HV H-compact (Non-Ex)
IB-49857788,1NB1354-2AA60-4AA0-Z - LDX/50003202,07-10-2022 05:33,Active,1NB1354-2AA60-4AA0-Z,LDX/50003202,Flowserve India Controls Pvt. Ltd.,IN-Coimbatore-SF No.136/3 & 137 Myleripalayam Rd.,Motors HV Innomotics HV C (flameproof)
IB-49750420,3180000200 - HG904577,07-10-2022 06:52,Verified,3180000200,HG904577,Hindustan Petroleum Corporation Ltd.,IN-Jaipur-D-7 Lal Bahadur Nagar(E) JLN Marg.,"PH GH150, water cooled"
IB-37430498,6SR5502-2NC41-2BH1 - Z8-194451540-915,07-10-2022 08:21,Verified,6SR5502-2NC41-2BH1,Z8-194451540-915,Indorama India Pvt. Ltd.,"IN-Purba Medinipur-Durgachak, Haldia","PH GH180, air cooled"
IB-37430335,6SR5502-2NC41-2BH1 - Z8-194451540-918,07-10-2022 08:21,Verified,6SR5502-2NC41-2BH1,Z8-194451540-918,Indorama India Pvt. Ltd.,"IN-Purba Medinipur-Durgachak, Haldia","PH GH180, air cooled"
IB-37436267,1RQ14522IA70-Z - 65179938,07-10-2022 08:21,Verified,1RQ14522IA70-Z,65179938,Kirloskar Pneumatic Company Ltd.,IN-Pune-Hadapsar Indl. Estate,"Motors HV A-compact+ (async., Non-Ex)"
IB-37436910,1RQ14062JA00Z - 64467678,07-10-2022 08:21,Verified,1RQ14062JA00Z,64467678,Fertilisers and Chemicals Travancore Ltd.,"IN-Kochi,Kerala-Udyogamandal Plant, SM Electrical Plant","Motors HV A-compact+ (async., Non-Ex)"
IB-17677689,6SR4802-2NB38-0BH1 - STB4J0279PHG4800,07-10-2022 10:05,Verified,6SR4802-2NB38-0BH1,STB4J0279PHG4800,Nirma Ltd.,IN-Porbandar-PO Birlasagar,"PH GH180, air cooled"
IB-17707206,1LA44006NA70Z - N8/64833978,07-10-2022 10:05,Verified,1LA44006NA70Z,N8/64833978,JINDAL STEEL LIMITED,"IN-Angul-Jindal Nagar, Village-Nisha, State",Motors HV H-compact (Non-Ex)
IB-53183994,A5E02163948 - VFD 12002,07-10-2022 10:51,Active,A5E02163948,VFD 12002,Jindal Steel And Power Ltd.,"IN-Kendujhar-Post Box 86, Joda Barbil Highw",Robicon (MV) / ASIRobicon Products
IB-52394313,6SR4802-2HF43-0BH1 - STB2K0379PHG43000,07-10-2022 11:01,Verified,6SR4802-2HF43-0BH1,STB2K0379PHG43000,Bhushan Power & Steel Ltd.,"IN-Sambalpur-Village Thelkoloi PO Lapanga Tehshill Rengali, District","PH GH180, air cooled"
IB-13980141,1LA3402-4HE71-Z - NA7130156101001,08-10-2022 11:54,Verified,1LA3402-4HE71-Z,NA7130156101001,Jindal Stainless Ltd.,IN-Jajapur-Kalinga Nagar Indl. Complex,Motors HV H-compact (Atlas Copco)
IB-9696761,1RQ14562IA90-Z - 64574921,08-10-2022 12:02,Verified,1RQ14562IA90-Z,64574921,CanPack India Pvt. Ltd.,"IN-Aurangabad-H-14/1, MIDC, Waluj","Motors HV A-compact+ (async., Non-Ex)"
IB-12365928,1LA43502AN06Z - 64966527,08-10-2022 12:03,Verified,1LA43502AN06Z,64966527,Atlas Copco (India) Ltd,"IN-Pune-Sveanagar, Mumbai Pune Rd.",Motors HV H-compact (Non-Ex)
IB-12365931,1LA43502AN06Z - 64968101,08-10-2022 12:03,Verified,1LA43502AN06Z,64968101,Atlas Copco (India) Ltd,"IN-Pune-Sveanagar, Mumbai Pune Rd.",Motors HV H-compact (Non-Ex)
IB-12785838,1RQ13564IA00Z - 64614924,08-10-2022 12:04,Verified,1RQ13564IA00Z,64614924,Swarn Jyanti Construction Pvt. Ltd.,"IN-New Delhi-2, Siri Fort Rd.","Motors HV A-compact+ (async., Non-Ex)"
IB-12818456,315007060.1 - 3000618471,08-10-2022 12:04,Verified,315007060.1,3000618471,Steel Authority of India Ltd.,IN-Salem-Salem Steel Plant,"PH GH180, air cooled"
IB-12962967,1LA1072LA80 - SDF160930162079,08-10-2022 12:05,Verified,1LA1072LA80,SDF160930162079,FORTRAN STEEL PVT.LTD,"IN-TALOJA-B-51/W 20-21-5/6, M.I.D.C,INDUSTRIAL AREA",Motors HV H-compact (Non-Ex)
IB-13366426,6SL3845-7NN41-8AB0-Z - N-JO5017666010001,08-10-2022 12:05,Verified,6SL3845-7NN41-8AB0-Z,N-JO5017666010001,"INS Valsura, Indian Navy",IN-gujarat-jamnagar,"SM150 IGCT, water cooled"
IB-16477205,1DE5909-6FC90 - N5010030030002,08-10-2022 12:05,Verified,1DE5909-6FC90,N5010030030002,Tata Steel Ltd.,"IN-Jajpur-Block-2, General Admin Office Kalinga Nagar Indl. Complex","Motors HV VEM (Siemens labeled, sync.)"
IB-16477206,1DE5909-6FC91 - N5010030030001,08-10-2022 12:05,Verified,1DE5909-6FC91,N5010030030001,Tata Steel Ltd.,"IN-Jajpur-Block-2, General Admin Office Kalinga Nagar Indl. Complex","Motors HV VEM (Siemens labeled, sync.)"
IB-16192615,1LA44046AN70Z - 64962478,08-10-2022 12:06,Verified,1LA44046AN70Z,64962478,JSW Steel Ltd.,"IN-Raigad-Dolvi Geetapuram, Taluka Pen",Motors HV H-compact (Non-Ex)
IB-16193797,1RQ14062JA70Z - 64876771,08-10-2022 12:06,Verified,1RQ14062JA70Z,64876771,Grasim Industries Ltd.,"IN-Bharuch-Plot No. 1, GIDC Vilayat Indl.","Motors HV A-compact+ (async., Non-Ex)"
IB-8620364,AMA400L8AVAM - 810AP05,08-10-2022 12:11,Verified,AMA400L8AVAM,810AP05,A.B. Tools,"IN-Mumbai-112/C, Govt. Indl. Estate",Non-Innomotics HV Motors
IB-8859222,A5E32683932 - STB10V0066-PH-MVD,08-10-2022 12:11,Verified,A5E32683932,STB10V0066-PH-MVD,CESC Ltd.,"IN-Kolkata-CESC House, Chowringhee Square","PH GH180, air cooled"
IB-8859231,A5E32369013 - STB11V0075-PH-MVD,08-10-2022 12:11,Verified,A5E32369013,STB11V0075-PH-MVD,Monnet Ispat Ltd.,"IN-Raigarh-Village-Naharpalli, Tehsil-Kharsia","PH GH180, air cooled"
IB-8859252,6SR3802-6NC41-2BH0 - STB05W0110-PH-MVD,08-10-2022 12:11,Verified,6SR3802-6NC41-2BH0,STB05W0110-PH-MVD,MSP Steel & Power Ltd.,"IN-Raigarh-Village  Manuapali, P.O - Jamgaon","PH GH180, air cooled"
IB-8859253,A5E33417057 - STB05W0111-PH-MVD,08-10-2022 12:11,Verified,A5E33417057,STB05W0111-PH-MVD,MSP Steel & Power Ltd.,"IN-Raigarh-Village  Manuapali, P.O - Jamgaon","PH GH180, air cooled"
IB-8859277,6SR3802-6HD41-0BH0 - STB-1F0163-PH-MVD,08-10-2022 12:11,Verified,6SR3802-6HD41-0BH0,STB-1F0163-PH-MVD,Reliance Industries Ltd.,IN-Bharuch-Dahej Manufacturing Division,"PH GH180, air cooled"
IB-8859189,6SR3802-6ND41-7BH0 - STB-08U0022-PH-MVD,08-10-2022 12:12,Verified,6SR3802-6ND41-7BH0,STB-08U0022-PH-MVD,Pro Minerals Pvt. Ltd.,"IN-Kendujhar-Village Basantpur, Teshsil Barbil, Dabuna","PH GH180, air cooled"
IB-8859203,6SR3802-6HF42-5BH0 - STB01V0028PH-MVD,08-10-2022 12:12,Verified,6SR3802-6HF42-5BH0,STB01V0028PH-MVD,Tata Steel Ltd.,"IN-Jajpur-Block-2, General Admin Office Kalinga Nagar Indl. Complex","PH GH180, air cooled"
IB-8859205,6SR3802-6HF42-5BH0 - STB12U0026-PH-MVD,08-10-2022 12:12,Verified,6SR3802-6HF42-5BH0,STB12U0026-PH-MVD,Tata Steel Ltd.,"IN-Jajpur-Block-2, General Admin Office Kalinga Nagar Indl. Complex","PH GH180, air cooled"
IB-8859209,6SR3802-6NJ44-5BH0 - STB09V0062-PH-MVD,08-10-2022 12:12,Verified,6SR3802-6NJ44-5BH0,STB09V0062-PH-MVD,RCCPL Pvt. Ltd.,"IN-Satna-Village Bharauli, Post Itahara Tehsil - Maihar","PH GH180, air cooled"
IB-8859190,6SR4502-5ND42-5BH0 - 31501001666,08-10-2022 12:12,Verified,6SR4502-5ND42-5BH0,31501001666,Sasan Power Ltd.,IN-Singrauli-Near Krishi Upaj Mandi,"PH GH180, air cooled"
IB-8859191,6SR4502-5ND42-5BH0 - 31501001665,08-10-2022 12:12,Verified,6SR4502-5ND42-5BH0,31501001665,Sasan Power Ltd.,IN-Singrauli-Near Krishi Upaj Mandi,"PH GH180, air cooled"
IB-8859192,6SR4502-5ND42-5BH0 - 31501001664,08-10-2022 12:12,Verified,6SR4502-5ND42-5BH0,31501001664,Sasan Power Ltd.,IN-Singrauli-Near Krishi Upaj Mandi,"PH GH180, air cooled"
IB-8859193,6SR4502-5ND42-5BH0 - 31501001663,08-10-2022 12:12,Verified,6SR4502-5ND42-5BH0,31501001663,Sasan Power Ltd.,IN-Singrauli-Near Krishi Upaj Mandi,"PH GH180, air cooled"
IB-8859194,6SR4502-5ND42-5BH0 - 31501001662,08-10-2022 12:12,Verified,6SR4502-5ND42-5BH0,31501001662,Sasan Power Ltd.,IN-Singrauli-Near Krishi Upaj Mandi,"PH GH180, air cooled"
IB-8859214,6SR3502-6HE42-0BH0 - Z831501002661,08-10-2022 12:12,Verified,6SR3502-6HE42-0BH0,Z831501002661,B L A Power Pvt. Ltd.,"IN-Narsinghpur-Village Newari, Khursipar","PH GH180, air cooled"
IB-241814,1RN4564-2HE90-Z - N-TO5000329020001,08-10-2022 13:55,Verified,1RN4564-2HE90-Z,N-TO5000329020001,Praxair India Pvt. Ltd.,IN-Bangalore-8 Ulsoor Rd.  Praxair House,Motors HV H-compact+ (Non-Ex)
IB-109533,1RN4564-2HE90-Z,08-10-2022 13:55,To be verified,1RN4564-2HE90-Z,,RPG Life Sciences Ltd.,"IN-Navi Mumbai-25, MIDC Land, Thane Belapur Road",Motors HV H-compact+ (Non-Ex)
IB-254426,1SQ4504-4FM00 - N-UD5001267040001,08-10-2022 13:56,Verified,1SQ4504-4FM00,N-UD5001267040001,Reliance Industries Ltd.,IN-Jamnagar-Reliance Green Towen Ship,Motors HV H-compact+ (Ex)
IB-225442,1MA4312-4AN70-Z - N-T75000241010001,08-10-2022 13:56,Verified,1MA4312-4AN70-Z,N-T75000241010001,Indian Oil Corporation Ltd.,"IN-Haldia-Pipeline Division , PHBPL Village:",Motors HV H-compact (Ex)
IB-251520,1MS4504-2DN70-Z - N-V51198251010001,08-10-2022 13:57,Verified,1MS4504-2DN70-Z,N-V51198251010001,Indian Oil Corporation Ltd.,"IN-Panipat-Panipat Marketing Complex, Village",Motors HV H-compact (Ex)
IB-450320,1RQ4560-8HW90-Z - N-A91299889010001,08-10-2022 13:59,Verified,1RQ4560-8HW90-Z,N-A91299889010001,HeidelbergCement India Ltd.,IN-Damoh-Narsingarh,Motors HV H-compact+ (Non-Ex)
IB-429780,LDX:JHXP560LR04A - 5149156,08-10-2022 13:59,To be verified,LDX:JHXP560LR04A,5149156,Indian Oil Corporation Ltd.,"IN-Gujarat-LBP Silvassa SCFP Office, Plot No. 75/1, Karajgam, Silvassa",Motors HV Loher Vario+ (Ex)
IB-429781,LDX:JHXP560LR04A - 5149157,08-10-2022 13:59,To be verified,LDX:JHXP560LR04A,5149157,Indian Oil Corporation Ltd.,"IN-Gujarat-LBP Silvassa SCFP Office, Plot No. 75/1, Karajgam, Silvassa",Motors HV Loher Vario+ (Ex)
IB-429963,LDX:DHSW450LM02A - 5149193,08-10-2022 13:59,Verified,LDX:DHSW450LM02A,5149193,Indian Oil Corporation Ltd.,"IN-Haldia-Pipeline Division , PHBPL Village:",Motors HV Loher Vario (Ex flameproof)
IB-413704,1DZ2071-8AF03 - D0631618301,08-10-2022 13:59,Verified,1DZ2071-8AF03,D0631618301,Arcelormittal Nippon Steel India Ltd.,"IN-Hazira-27Km, Surat Hazira Rd., Surat","Motors HV H-modyn (sync., salient pole)"
IB-413705,1DZ2071-8AF03 - D0631618302,08-10-2022 13:59,Verified,1DZ2071-8AF03,D0631618302,Arcelormittal Nippon Steel India Ltd.,"IN-Hazira-27Km, Surat Hazira Rd., Surat","Motors HV H-modyn (sync., salient pole)"
IB-34054910,1DQ5447-8DT10-Z - D1750259302,08-10-2022 21:01,Verified,1DQ5447-8DT10-Z,D1750259302,MIDHANI - Mishra Dhatu Nigam Limite,IN -INDIA-StraSSe fehlt,"Motors HV Milling Motors (sync., large)"
IB-18232772,1LA4456 - N8/64969801,09-10-2022 00:13,Verified,1LA4456,N8/64969801,Parnasree Booster Pumping House,"IN -Kokatta-KMC, Near Parnasree Bus stand",Motors HV H-compact (Non-Ex)
IB-18262047,6SR4802-2HC41-0BH1 -  STBOJ0339PHG41000,09-10-2022 00:13,Verified,6SR4802-2HC41-0BH1,STBOJ0339PHG41000,Ultratech Cement Ltd.,"IN-Anantapur-Andhra Pradesh Cement Works,","PH GH180, air cooled"
IB-61992390,6SR5502-2HC41-2BH2-Z8-232151540-029,30-10-2023 20:08,Verified,6SR5502-2HC41-2BH2,Z8-232151540-029,JSW Vijayanagar Metallics Ltd.,"IN-Bellary-P.O. Vidyanagar,","PH GH180, air cooled"
IB-54515310,6SR5502-5ND42-5BH2 - Z8-223550844-15D,15-06-2023 17:13,Verified,6SR5502-5ND42-5BH2,Z8-223550844-15D,Dalmia Cement (Bharat) Ltd.,"IN-Lanka-Village- Pipalpukhuri No. 2,","PH GH180, air cooled"
IB-60026057,6SR5502-2HB36-0BH2 - Z8-231151535-09E,15-06-2023 17:58,Active,6SR5502-2HB36-0BH2,Z8-231151535-09E,Siemens Ltd.,"IN-Navi Mumbai-Thane Belapur Rd., Airoli","PH GH180, air cooled"
IB-60327811,6SR5502-2HB38-0BH2 - Z8-231251535-0B0,15-06-2023 19:06,Verified,6SR5502-2HB38-0BH2,Z8-231251535-0B0,Jindal Steel Odisha Ltd.,"IN-Angul-At/P.O. Jindal Nagar, Nisa SH-63, Chhendipada Rd.","PH GH180, air cooled"
IB-60497776,6SR5502-2HG43-0BH2 - Z8-231351590-22F,15-06-2023 19:09,Verified,6SR5502-2HG43-0BH2,Z8-231351590-22F,Arcelormittal Nippon Steel India Ltd.,"IN-Keonjhar-Beneficiation Plant,","PH GH180, air cooled"
IB-60498306,6SR5502-2HG43-0BH2 - Z8-231351590-2B2,15-06-2023 19:10,Verified,6SR5502-2HG43-0BH2,Z8-231351590-2B2,Arcelormittal Nippon Steel India Ltd.,"IN-Keonjhar-Beneficiation Plant,","PH GH180, air cooled"
IB-54491641,1RQ1634-8IJ70-Z - 65092267,20-01-2023 20:16,Verified,1RQ1634-8IJ70-Z,65092267,Bhushan Power & Steel Ltd.,"IN-Sambalpur-Village Thelkoloi PO Lapanga Tehshill Rengali, District","Motors HV A-compact+ (async., Non-Ex)"
IB-17388338,1LA44522CN70Z - N8/64947505,06-10-2022 17:10,Verified,1LA44522CN70Z,N8/64947505,Thermax Ltd.,"IN -Chinchwad-Plot No. 38 & 39, Block D -2",Motors HV H-compact (Non-Ex)
IB-26983046,1RN4630-8FM90-Z - N-KN1533051050001,07-10-2022 01:21,Verified,1RN4630-8FM90-Z,N-KN1533051050001,JSW Steel Ltd.,"IN-Raigarh-Survey No. 96/1, 96/2 97/0 Village Khar Karavi, Taluka Pen",Motors HV H-compact+ (Non-Ex)
IB-26983040,1RN4632-8FV90-Z - N-KN1533051010001,07-10-2022 01:21,Verified,1RN4632-8FV90-Z,N-KN1533051010001,JSW Steel Ltd.,"IN-Raigarh-Survey No. 96/1, 96/2 97/0 Village Khar Karavi, Taluka Pen",Motors HV H-compact+ (Non-Ex)
IB-26983123,1RN4636-6FM90-Z - N-KN1533051110001,07-10-2022 01:21,Verified,1RN4636-6FM90-Z,N-KN1533051110001,JSW Steel Ltd.,"IN-Raigarh-Survey No. 96/1, 96/2 97/0 Village Khar Karavi, Taluka Pen",Motors HV H-compact+ (Non-Ex)
IB-26983243,1RN4636-6FM90-Z - N-KN1533051120001,07-10-2022 01:21,Verified,1RN4636-6FM90-Z,N-KN1533051120001,JSW Steel Ltd.,"IN-Raigarh-Survey No. 96/1, 96/2 97/0 Village Khar Karavi, Taluka Pen",Motors HV H-compact+ (Non-Ex)
IB-26985927,6SL3810-2LP31-8AA0-Z - N-K81529994070001,07-10-2022 01:21,Verified,6SL3810-2LP31-8AA0-Z,N-K81529994070001,JSW Steel Ltd.,"IN-Raigarh-Survey No. 96/1, 96/2 97/0 Village Khar Karavi, Taluka Pen","GM150 IGBT, air cooled"
IB-26986721,1DE5716-4HC90-Z - N-5019741010001,07-10-2022 01:21,Verified,1DE5716-4HC90-Z,N-5019741010001,JSW Projects Ltd.,IN-Toranagallu-Po Vidyanagar,"Motors HV VEM (Siemens labeled, sync.)"
IB-27015415,6SR4502-2HE42-0FH1 - Z8-184644505-397,07-10-2022 01:21,Verified,6SR4502-2HE42-0FH1,Z8-184644505-397,Jindal Stainless Ltd.,"IN-Odisha-Duburi, Jajpur K. Road,","PH GH180, air cooled"
IB-27013432,6SR4502-2HE42-0FH1 - Z8-184544505-539,07-10-2022 01:21,Verified,6SR4502-2HE42-0FH1,Z8-184544505-539,Jindal Stainless Ltd.,"IN-Odisha-Duburi, Jajpur K. Road,","PH GH180, air cooled"
IB-27013834,6SR4502-0CF41-5BH0 - Z8-184640306-404,07-10-2022 01:21,Active,6SR4502-0CF41-5BH0,Z8-184640306-404,Yantra Harvest Energy Pvt. Ltd.,"IN-Pune-Shed No. 4, Anant Indl. Estate Narhe Rd. Dhayari Gaon","PH GH180, air cooled"
IB-27017753,6SR4502-0CF41-5BH0 - Z8-184640306-403,07-10-2022 01:21,Active,6SR4502-0CF41-5BH0,Z8-184640306-403,Yantra Harvest Energy Pvt. Ltd.,"IN-Pune-Shed No. 4, Anant Indl. Estate Narhe Rd. Dhayari Gaon","PH GH180, air cooled"
IB-27019867,6SR4502-2HC41-0BH1 - Z8-184644503-408,07-10-2022 01:21,Active,6SR4502-2HC41-0BH1,Z8-184644503-408,Megha Engineering & Infrastructures Ltd.,"IN-Hyderabad-Survey No. 512, Gowdavally Village,","PH GH180, air cooled"
IB-27014915,6SR4502-2HC41-0BH1 - Z8-184644503-407,07-10-2022 01:21,Active,6SR4502-2HC41-0BH1,Z8-184644503-407,Megha Engineering & Infrastructures Ltd.,"IN-Hyderabad-Survey No. 512, Gowdavally Village,","PH GH180, air cooled"
IB-36413433,6SR4802-2HA34-0BH1 - STB3K093PHG4400,07-10-2022 05:48,Verified,6SR4802-2HA34-0BH1,STB3K093PHG4400,Tata Steel Ltd.,IN -Jamshedpur-General Office Bldg. Near Bistupur,"PH GH180, air cooled"
IB-49714519,6SL3845-7NN41-8AB3-Z - N-N2173601-00009,07-10-2022 06:44,Verified,6SL3845-7NN41-8AB3-Z,N-N2173601-00009,Flender Drives Pvt. Ltd.,"IN-Chennai-No. 309/2, A-block 100, Chettipattu","SM150 IGCT, water cooled"
IB-48647780,1NA1504-4WC00-0AG0-Z - N-NO1628155010001,07-10-2022 06:59,Active,1NA1504-4WC00-0AG0-Z,N-NO1628155010001,Conti,IN -.-.,Motors HV Innomotics HV C (Non-Ex)
IB-48764656,6SL3850-7UU31-3AA0-Z - N-JO053603-00002,07-10-2022 06:59,Verified,6SL3850-7UU31-3AA0-Z,N-JO053603-00002,Megha Engineering & Infrastructures Ltd.,"IN-Hyderabad-S-2 Technocrat Indl. Estate,","GL150, air cooled"
IB-38523531,6SR4802-2HE42-0BH1 - STB7J0293PHG42000,07-10-2022 14:08,Verified,6SR4802-2HE42-0BH1,STB7J0293PHG42000,Bhushan Power & Steel Ltd.,"IN-Sambalpur-Village Thelkoloi PO Lapanga Tehshill Rengali, District","PH GH180, air cooled"
IB-7659764,1DM5719-7DE01-Z - D7621013101,08-10-2022 12:16,Verified,1DM5719-7DE01-Z,D7621013101,Steel Authority of India Ltd.,"IN-Rourkela-Mm Projects Bldg. Sail,",Motors HV Others
IB-7667444,1TU2534-8KF02-Z - D9831502701,08-10-2022 12:16,Verified,1TU2534-8KF02-Z,D9831502701,The Bombay Dyeing and Mfg. Company Ltd.,"IN-Raigarh-Plot No. A-1, Patalganga Indl. Area",Motors HV H-moflex (slip-ring)
IB-7666053,1TU2534-8KF02-Z - D9131500301,08-10-2022 12:16,Verified,1TU2534-8KF02-Z,D9131500301,The Bombay Dyeing and Mfg. Company Ltd.,"IN-Raigarh-Plot No. A-1, Patalganga Indl. Area",Motors HV H-moflex (slip-ring)
IB-7175508,31800002 - HG804699,08-10-2022 12:16,Verified,31800002,HG804699,Hindustan Petroleum Corporation Ltd.,IN-Jaipur-D-7 Lal Bahadur Nagar(E) JLN Marg.,"PH GH180, air cooled"
IB-7175510,31800002 - HG804674,08-10-2022 12:16,Verified,31800002,HG804674,Hindustan Petroleum Corporation Ltd.,IN-Jaipur-D-7 Lal Bahadur Nagar(E) JLN Marg.,"PH GH180, air cooled"
IB-7175506,31800002 - HG804695,08-10-2022 12:16,Verified,31800002,HG804695,Hindustan Petroleum Corporation Ltd.,IN-Jaipur-D-7 Lal Bahadur Nagar(E) JLN Marg.,"PH GH180, air cooled"
IB-7666931,1DL7051-8MF03-Z - D9631602901,08-10-2022 12:16,Verified,1DL7051-8MF03-Z,D9631602901,JSW Indl. Gases Pvt. Ltd.,IN-Bellary-P.O. Vidyanagar,"Motors HV H-moflex (sync., salient pole and cylindrical)"
IB-7175568,6SR3802-6HB35-0BH0 - STB10V0064-PH-MVD,08-10-2022 12:16,Verified,6SR3802-6HB35-0BH0,STB10V0064-PH-MVD,JSW Steel Ltd.,"IN-Raigad-Dolvi Geetapuram, Taluka Pen","PH GH180, air cooled"
IB-7175569,6SR3802-6HB35-0BH0 - STB10V0063-PH-MVD,08-10-2022 12:16,Verified,6SR3802-6HB35-0BH0,STB10V0063-PH-MVD,JSW Steel Ltd.,"IN-Raigad-Dolvi Geetapuram, Taluka Pen","PH GH180, air cooled"
IB-7646663,1DQ3837-6VA03-Z - D9316108601,08-10-2022 12:16,Verified,1DQ3837-6VA03-Z,D9316108601,Steel Authority of India Ltd.,"IN-Rourkela-Mm Projects Bldg. Sail,","Motors HV Milling Motors (sync., small)"
IB-7646666,1DQ3837-6VA03-Z - D9316108602,08-10-2022 12:16,Verified,1DQ3837-6VA03-Z,D9316108602,Steel Authority of India Ltd.,"IN-Rourkela-Mm Projects Bldg. Sail,","Motors HV Milling Motors (sync., small)"
IB-7646839,VFW430/16-8 - D1100155,08-10-2022 12:16,Verified,VFW430/16-8,D1100155,Steel Authority of India Ltd.,"IN-Rourkela-Mm Projects Bldg. Sail,",Motors HV Others
IB-7646840,VFW430/16-8 - D1100156,08-10-2022 12:16,Verified,VFW430/16-8,D1100156,Steel Authority of India Ltd.,"IN-Rourkela-Mm Projects Bldg. Sail,",Motors HV Others
IB-7646963,VFW430/17-8 - D1100246,08-10-2022 12:16,Verified,VFW430/17-8,D1100246,Steel Authority of India Ltd.,"IN-Rourkela-Mm Projects Bldg. Sail,",Motors HV Others
IB-7646965,VFW430/17-8 - D1100247,08-10-2022 12:16,Verified,VFW430/17-8,D1100247,Steel Authority of India Ltd.,"IN-Rourkela-Mm Projects Bldg. Sail,",Motors HV Others
IB-7647585,PFL340/27-4 - D1100786,08-10-2022 12:16,Verified,PFL340/27-4,D1100786,Steel Authority of India Ltd.,"IN-Rourkela-Mm Projects Bldg. Sail,",Motors HV Others
IB-7647663,EFFW570/21-20 - D1100883,08-10-2022 12:16,Verified,EFFW570/21-20,D1100883,Steel Authority of India Ltd.,"IN-Rourkela-Mm Projects Bldg. Sail,",Motors HV Others
IB-7647666,EFFW570/21-20 - D1100884,08-10-2022 12:16,Verified,EFFW570/21-20,D1100884,Steel Authority of India Ltd.,"IN-Rourkela-Mm Projects Bldg. Sail,",Motors HV Others
IB-7647667,EFFW570/21-20 - D1100885,08-10-2022 12:16,Verified,EFFW570/21-20,D1100885,Steel Authority of India Ltd.,"IN-Rourkela-Mm Projects Bldg. Sail,",Motors HV Others
IB-7647668,EFFW570/21-20 - D1100886,08-10-2022 12:16,Verified,EFFW570/21-20,D1100886,Steel Authority of India Ltd.,"IN-Rourkela-Mm Projects Bldg. Sail,",Motors HV Others
IB-7648229,PRV507/34-12 - D1102045,08-10-2022 12:16,Verified,PRV507/34-12,D1102045,Steel Authority of India Ltd.,"IN-Rourkela-Mm Projects Bldg. Sail,",Motors HV Others
IB-7648230,PRV507/34-12 - D1102046,08-10-2022 12:16,Verified,PRV507/34-12,D1102046,Steel Authority of India Ltd.,"IN-Rourkela-Mm Projects Bldg. Sail,",Motors HV Others
IB-7648544,EPRV577/22-32 - D1102296,08-10-2022 12:16,Verified,EPRV577/22-32,D1102296,Steel Authority of India Ltd.,"IN-Rourkela-Mm Projects Bldg. Sail,",Motors HV Others
IB-7648546,EPRV577/22-32 - D1102297,08-10-2022 12:16,Verified,EPRV577/22-32,D1102297,Steel Authority of India Ltd.,"IN-Rourkela-Mm Projects Bldg. Sail,",Motors HV Others
IB-7648548,EPRV577/22-32 - D1102298,08-10-2022 12:16,Verified,EPRV577/22-32,D1102298,Steel Authority of India Ltd.,"IN-Rourkela-Mm Projects Bldg. Sail,",Motors HV Others
IB-7648550,EPRV577/22-32 - D1102299,08-10-2022 12:16,Verified,EPRV577/22-32,D1102299,Steel Authority of India Ltd.,"IN-Rourkela-Mm Projects Bldg. Sail,",Motors HV Others
IB-7659427,1TM5034-6DE06-Z - D7533120601,08-10-2022 12:16,Verified,1TM5034-6DE06-Z,D7533120601,Steel Authority of India Ltd.,"IN-Rourkela-Mm Projects Bldg. Sail,",Motors HV Others
IB-7659846,1DM3834-7DE02-Z - D7623015301,08-10-2022 12:17,Verified,1DM3834-7DE02-Z,D7623015301,Steel Authority of India Ltd.,"IN-Rourkela-Mm Projects Bldg. Sail,",Motors HV Others
IB-6660101,1PQ4504-6CM00-Z - D23002977035210001/2013,08-10-2022 12:17,Verified,1PQ4504-6CM00-Z,D23002977035210001/2013,Promac Engineering Industries Ltd.,IN-Bangalore-Off Kanakapura Rd.Avalahalli,Motors HV H-compact (Non-Ex)
IB-7665703,1DM3834-7DE02-Z - D89230167,08-10-2022 12:17,Verified,1DM3834-7DE02-Z,D89230167,Steel Authority of India Ltd.,"IN-Rourkela-Mm Projects Bldg. Sail,",Motors HV Others
IB-7660500,1JS5814-2DQ07 - D7804009501,08-10-2022 12:17,Verified,1JS5814-2DQ07,D7804009501,Steel Authority of India Ltd.,"IN-Rourkela-Mm Projects Bldg. Sail,",Motors HV Others
IB-7661131,1DM3732-7DE02-Z - D7923015701,08-10-2022 12:17,Verified,1DM3732-7DE02-Z,D7923015701,Steel Authority of India Ltd.,"IN-Rourkela-Mm Projects Bldg. Sail,",Motors HV Others
IB-7662113,1DM3732-7DE02-Z - D8123016401,08-10-2022 12:17,Verified,1DM3732-7DE02-Z,D8123016401,Steel Authority of India Ltd.,"IN-Rourkela-Mm Projects Bldg. Sail,",Motors HV Others
IB-7666184,1JW6222-1DP08 - D9202139401,08-10-2022 12:17,Verified,1JW6222-1DP08,D9202139401,Steel Authority of India Ltd.,"IN-Rourkela-Mm Projects Bldg. Sail,",Motors HV Milling Motors (DC)
IB-7648227,PRV437/29-10 - D1102040,08-10-2022 12:17,Verified,PRV437/29-10,D1102040,Steel Authority of India Ltd.,"IN-Rourkela-Mm Projects Bldg. Sail,",Motors HV Others
IB-7659934,1TM5034-7DE06-Z - D7633120701,08-10-2022 12:17,Verified,1TM5034-7DE06-Z,D7633120701,Steel Authority of India Ltd.,"IN-Rourkela-Mm Projects Bldg. Sail,",Motors HV Others
IB-7662558,1TM4329-6DE05-Z - D8233122301,08-10-2022 12:17,Verified,1TM4329-6DE05-Z,D8233122301,Steel Authority of India Ltd.,"IN-Rourkela-Mm Projects Bldg. Sail,",Motors HV Others
IB-7175567,6SR3802-6HD41-5BH0 - STB10V0065-PH-MVD,08-10-2022 12:17,Verified,6SR3802-6HD41-5BH0,STB10V0065-PH-MVD,JSW Steel Ltd.,IN-Dolvi-Taluka Pen,"PH GH180, air cooled"
IB-7489727,1LH4504-6CM00-Z - N-E61417997010001,08-10-2022 12:17,Verified,1LH4504-6CM00-Z,N-E61417997010001,Michelin India Pvt. Ltd.,"IN-Gummidipundi-Plot A-1, Sipcot Indl. Park Thervoy Kandigai",Motors HV H-compact (Non-Ex)
IB-7333303,1LA45006CN74Z - N8 U655295,08-10-2022 12:19,Verified,1LA45006CN74Z,N8 U655295,National Aluminium Company Ltd.,IN-Angul-Angul Main Rd.,Motors HV H-compact (Non-Ex)
IB-7634908,1SQ6716-6FS90-Z - N-E81404159010001,08-10-2022 12:19,Verified,1SQ6716-6FS90-Z,N-E81404159010001,Reliance Industries Ltd.,"IN-New Mumbai-Reliance Corporate Park 5, Ghansoli",Motors HV H-compact+ (Ex)
IB-11008815,1PQ4502-6CM00-Z - N-HD1486942010001,08-10-2022 12:20,Verified,1PQ4502-6CM00-Z,N-HD1486942010001,Greenply Industries Ltd.,"IN-Chittoor-Survey No. 97 /1, 98 & 99 Routhu Suramala, Thottambedu Mandal",Motors HV H-compact (Non-Ex)
IB-11025087,6SR3802-6CD41-5BH0 - STB6H0219PHG1500,08-10-2022 12:20,Verified,6SR3802-6CD41-5BH0,STB6H0219PHG1500,JSW Steel Ltd.,"IN-Salem-Mecheri, Pottaneri Post M Kalipatti Village Mettur Taluk","PH GH180, air cooled"
IB-11085187,1PS4453-6BJ70-4EA0-Z - LDX/50000791,08-10-2022 12:20,Verified,1PS4453-6BJ70-4EA0-Z,LDX/50000791,Bharat Petroleum Corporation Ltd.,"IN-Mumbai-Bharat Petroleum Refinery, Mahul, Chembur",Motors HV Loher Vario (Ex flameproof)
IB-11085188,1PS4453-6BJ70-4EA0-Z - LDX/50000793,08-10-2022 12:20,Verified,1PS4453-6BJ70-4EA0-Z,LDX/50000793,Bharat Petroleum Corporation Ltd.,"IN-Mumbai-Bharat Petroleum Refinery, Mahul, Chembur",Motors HV Loher Vario (Ex flameproof)
IB-11087939,1PS4453-6BJ70-4EA0-Z - LDX/50000792,08-10-2022 12:20,Verified,1PS4453-6BJ70-4EA0-Z,LDX/50000792,Bharat Petroleum Corporation Ltd.,"IN-Mumbai-Bharat Petroleum Refinery, Mahul, Chembur",Motors HV Loher Vario (Ex flameproof)
IB-11087940,1PS4453-6BJ70-4EA0-Z - LDX/50000794,08-10-2022 12:20,Verified,1PS4453-6BJ70-4EA0-Z,LDX/50000794,Bharat Petroleum Corporation Ltd.,"IN-Mumbai-Bharat Petroleum Refinery, Mahul, Chembur",Motors HV Loher Vario (Ex flameproof)
IB-11089761,6SR4802-2HF42-7BH1 - STB9H0247PHG42750,08-10-2022 12:21,Verified,6SR4802-2HF42-7BH1,STB9H0247PHG42750,The India Cements Ltd.,"IN -Dalavoi-Sendura Taluk, Perambalur District","PH GH180, air cooled"
IB-11160535,1MS4310-2DN04-Z - N-H85016839010001,08-10-2022 12:21,Verified,1MS4310-2DN04-Z,N-H85016839010001,Sulzer Pumps India Pvt. Ltd.,"IN-Thane-Plot No. 9, Moirvali - M I D C,",Motors HV H-compact (Ex)
IB-11160568,1MS4310-2DN04-Z - N-H85016839010002,08-10-2022 12:21,Verified,1MS4310-2DN04-Z,N-H85016839010002,Sulzer Pumps India Pvt. Ltd.,"IN-Thane-Plot No. 9, Moirvali - M I D C,",Motors HV H-compact (Ex)
IB-11160569,1MS4316-2DN04-Z - N-H85016839020002,08-10-2022 12:21,Verified,1MS4316-2DN04-Z,N-H85016839020002,Sulzer Pumps India Pvt. Ltd.,"IN-Thane-Plot No. 9, Moirvali - M I D C,",Motors HV H-compact (Ex)
IB-11160537,1MS4316-2DN04-Z - N-H85016839020001,08-10-2022 12:21,Verified,1MS4316-2DN04-Z,N-H85016839020001,Sulzer Pumps India Pvt. Ltd.,"IN-Thane-Plot No. 9, Moirvali - M I D C,",Motors HV H-compact (Ex)
IB-11160539,1MS4312-4DN04-Z - N-H85016839030001,08-10-2022 12:21,Verified,1MS4312-4DN04-Z,N-H85016839030001,Sulzer Pumps India Pvt. Ltd.,"IN-Thane-Plot No. 9, Moirvali - M I D C,",Motors HV H-compact (Ex)
IB-11160570,1MS4312-4DN04-Z - N-H85016839030002,08-10-2022 12:21,Verified,1MS4312-4DN04-Z,N-H85016839030002,Sulzer Pumps India Pvt. Ltd.,"IN-Thane-Plot No. 9, Moirvali - M I D C,",Motors HV H-compact (Ex)
IB-11162620,1SB6500-2JJ90-Z - N-HD1494701020001,08-10-2022 12:21,Verified,1SB6500-2JJ90-Z,N-HD1494701020001,Rashtriya Chemicals And Fertilizers Ltd. (Govt Of India Undertaking),"IN-Mumbai-Administrative Bldg., Mahul Rd., Chembur",Motors HV Innomotics HV M (Ex)
IB-11162624,1SB6500-2JJ90-Z - N-HD1494701020003,08-10-2022 12:21,Verified,1SB6500-2JJ90-Z,N-HD1494701020003,Rashtriya Chemicals And Fertilizers Ltd. (Govt Of India Undertaking),"IN-Mumbai-Administrative Bldg., Mahul Rd., Chembur",Motors HV Innomotics HV M (Ex)
IB-11213534,1SB6500-2JJ90-Z - N-HD1494701020002,08-10-2022 12:21,Verified,1SB6500-2JJ90-Z,N-HD1494701020002,Rashtriya Chemicals And Fertilizers Ltd. (Govt Of India Undertaking),"IN-Mumbai-Administrative Bldg., Mahul Rd., Chembur",Motors HV Innomotics HV M (Ex)
IB-11213533,1SB6500-2JJ90-Z - N-HD1494701010001,08-10-2022 12:21,Verified,1SB6500-2JJ90-Z,N-HD1494701010001,Rashtriya Chemicals And Fertilizers Ltd. (Govt Of India Undertaking),"IN-Mumbai-Administrative Bldg., Mahul Rd., Chembur",Motors HV Innomotics HV M (Ex)
IB-8859254,6SR3802-6HB38-7BH0 - STB07W0128-PH-MVD,08-10-2022 12:22,Verified,6SR3802-6HB38-7BH0,STB07W0128-PH-MVD,Indian Oil Corporation Ltd.,IN-Paradip-P.O. Paradip At. Po. Jhimani - Via Kujang Dist. Jagatsinghpur,"PH GH180, air cooled"
IB-8859255,6SR3802-6HB38-7BH0 - STB07W0129-PH-MVD,08-10-2022 12:22,Verified,6SR3802-6HB38-7BH0,STB07W0129-PH-MVD,Indian Oil Corporation Ltd.,IN-Paradip-P.O. Paradip At. Po. Jhimani - Via Kujang Dist. Jagatsinghpur,"PH GH180, air cooled"
IB-8859256,6SR3802-6HB38-7BH0 - STB07W0130-PH-MVD,08-10-2022 12:22,Verified,6SR3802-6HB38-7BH0,STB07W0130-PH-MVD,Indian Oil Corporation Ltd.,IN-Paradip-P.O. Paradip At. Po. Jhimani - Via Kujang Dist. Jagatsinghpur,"PH GH180, air cooled"
IB-45378811,6SR5502-2HC38-7BH2 - Z8-211751540-364,08-10-2022 13:31,Verified,6SR5502-2HC38-7BH2,Z8-211751540-364,JSW Jaigarh Port Ltd.,IN-Ratnagiri-Jaigarh,"PH GH180, air cooled"
IB-45379973,6SR5502-2HC38-7BH2 - Z8-211751540-514,08-10-2022 13:31,Verified,6SR5502-2HC38-7BH2,Z8-211751540-514,JSW Energy Ltd.,IN-Ratnagiri-Post Jaigad,"PH GH180, air cooled"
IB-45379884,6SR5502-2HC38-7BH2 - Z8-211751540-446,08-10-2022 13:31,Verified,6SR5502-2HC38-7BH2,Z8-211751540-446,JSW Energy Ltd.,IN-Ratnagiri-Post Jaigad,"PH GH180, air cooled"
IB-45379796,6SR5502-2HC38-7BH2 - Z8-211751540-444,08-10-2022 13:31,Verified,6SR5502-2HC38-7BH2,Z8-211751540-444,JSW Jaigarh Port Ltd.,IN-Ratnagiri-Jaigarh,"PH GH180, air cooled"
IB-45379690,6SR5502-2HC38-7BH2 - Z8-211751540-443,08-10-2022 13:31,Verified,6SR5502-2HC38-7BH2,Z8-211751540-443,JSW Jaigarh Port Ltd.,IN-Ratnagiri-Jaigarh,"PH GH180, air cooled"
IB-639288,1DX1741-8AS03 - D1231704202,08-10-2022 13:33,Verified,1DX1741-8AS03,D1231704202,NMDC Ltd.,IN-Dantewada-Bailadila Iron Ore Mines,"Motors HV H-modyn (sync., cylindrical)"
IB-236687,1PQ4454-6AM90-Z - N-U75000830030001,08-10-2022 13:52,Verified,1PQ4454-6AM90-Z,N-U75000830030001,Jindal Stainless Ltd.,IN-Hisar-O.P. Jindal Marg,Motors HV H-compact (Non-Ex)
IB-398113,6SL3855-5UM11-1KA0 - N-A2253603-00001,08-10-2022 13:54,Verified,6SL3855-5UM11-1KA0,N-A2253603-00001,Steel Authority of India Ltd.,IN-Rourkela-Project & Modernisation Complex,"GL150, water cooled"
IB-398114,6SL3855-5UM11-1KA0 - N-A2253603-00002,08-10-2022 13:54,Verified,6SL3855-5UM11-1KA0,N-A2253603-00002,Steel Authority of India Ltd.,IN-Rourkela-Project & Modernisation Complex,"GL150, water cooled"
IB-375388,NMA:A5E00864028 - N-A1054925-00001,08-10-2022 13:58,Verified,NMA:A5E00864028,N-A1054925-00001,Tata Steel BSL Ltd.,"IN-Ghaziabad-23, Site IV, Sahibabad Indl. Area",Miscellaneous
IB-395755,6SR4102-2HE42-0BH0 - N-XO1264904010001,08-10-2022 13:58,Verified,6SR4102-2HE42-0BH0,N-XO1264904010001,HPCL-Mittal Energy Ltd.,IN-Bathinda-Phullokari Village Talwandi Saboo,"PH GH180, air cooled"
IB-395756,6SR4102-2HE42-0BH0 - N-XO1264904015001,08-10-2022 13:58,Verified,6SR4102-2HE42-0BH0,N-XO1264904015001,HPCL-Mittal Energy Ltd.,IN-Bathinda-Phullokari Village Talwandi Saboo,"PH GH180, air cooled"
IB-517820,1LA3316 - Non-125430,08-10-2022 13:59,Verified,1LA3316,Non-125430,Bharat Forge Ltd.,IN-Pune-Mundhwa Pune Cantonment,Motors HV H-compact (Atlas Copco)
IB-517821,1LA3316 - Non-125427,08-10-2022 13:59,Verified,1LA3316,Non-125427,Bharat Forge Ltd.,IN-Pune-Mundhwa Pune Cantonment,Motors HV H-compact (Atlas Copco)
IB-517822,1LA3316 - Non-125428,08-10-2022 13:59,Verified,1LA3316,Non-125428,Bharat Forge Ltd.,IN-Pune-Mundhwa Pune Cantonment,Motors HV H-compact (Atlas Copco)
IB-517823,1LA3316 - Non-125429,08-10-2022 13:59,Verified,1LA3316,Non-125429,Bharat Forge Ltd.,IN-Pune-Mundhwa Pune Cantonment,Motors HV H-compact (Atlas Copco)
IB-39995829,1DQ3644-8AT03-Z - DVY/15722781001,08-10-2022 15:30,Verified,1DQ3644-8AT03-Z,DVY/15722781001,Steel Authority of India Ltd.,"IN-Bokaro Steel City-Ispat Bhavan, CMO Complex,","Motors HV Special Motors (sync., cylindrical)"
IB-35273525,6SR4802-2HE41-7BH1 - STB4K0405PHG41750,08-10-2022 20:39,Verified,6SR4802-2HE41-7BH1,STB4K0405PHG41750,ULTRATECH CEMENT LIMITED,"IN-Madya Pradesh-Sidhi Cement Works,Jaypee Vihar Majhigawan, Bharatpur Sidhi","PH GH180, air cooled"
IB-32909288,6SL3955-0TX00-1AA2 - F2K8015028,08-10-2022 20:52,Active,6SL3955-0TX00-1AA2,F2K8015028,JSW Toranagallu,IN -folgt-folgt 99,Miscellaneous
IB-32909289,6SL3955-0TX00-1AA2 - F2K8015030,08-10-2022 20:52,Active,6SL3955-0TX00-1AA2,F2K8015030,JSW Toranagallu,IN -folgt-folgt 99,Miscellaneous
IB-32909290,6SL3955-0TX00-1AA2 - F2K8015039,08-10-2022 20:52,Active,6SL3955-0TX00-1AA2,F2K8015039,JSW Toranagallu,IN -folgt-folgt 99,Miscellaneous
IB-32909291,6SL3955-0TX00-1AA2 - F2K8039196,08-10-2022 20:52,Active,6SL3955-0TX00-1AA2,F2K8039196,JSW Toranagallu,IN -folgt-folgt 99,Miscellaneous
IB-32909292,6SL3955-0TX00-1AA2 - F2K8039199,08-10-2022 20:52,Active,6SL3955-0TX00-1AA2,F2K8039199,JSW Toranagallu,IN -folgt-folgt 99,Miscellaneous
IB-32909293,6SL3955-0TX00-1AA2 - F2K8039204,08-10-2022 20:52,Active,6SL3955-0TX00-1AA2,F2K8039204,JSW Toranagallu,IN -folgt-folgt 99,Miscellaneous
IB-32909294,6SL3955-0TX00-1AA2 - F2K8039214,08-10-2022 20:52,Active,6SL3955-0TX00-1AA2,F2K8039214,JSW Toranagallu,IN -folgt-folgt 99,Miscellaneous
IB-32909295,6SL3955-0TX00-1AA2 - F2K8039215,08-10-2022 20:52,Active,6SL3955-0TX00-1AA2,F2K8039215,JSW Toranagallu,IN -folgt-folgt 99,Miscellaneous
IB-32909296,6SL3955-0TX00-1AA2 - F2K8039218,08-10-2022 20:52,Active,6SL3955-0TX00-1AA2,F2K8039218,JSW Toranagallu,IN -folgt-folgt 99,Miscellaneous
IB-32909297,6SL3955-0TX00-1AA2 - F2K8039224,08-10-2022 20:52,Active,6SL3955-0TX00-1AA2,F2K8039224,JSW Toranagallu,IN -folgt-folgt 99,Miscellaneous
IB-32909298,6SL3955-0TX00-1AA2 - F2K8039226,08-10-2022 20:52,Active,6SL3955-0TX00-1AA2,F2K8039226,JSW Toranagallu,IN -folgt-folgt 99,Miscellaneous
IB-32909299,6SL3955-0TX00-1AA2 - F2K8039230,08-10-2022 20:52,Active,6SL3955-0TX00-1AA2,F2K8039230,JSW Toranagallu,IN -folgt-folgt 99,Miscellaneous
IB-32909300,6SL3955-0TX00-1AA2 - F2K8039234,08-10-2022 20:52,Active,6SL3955-0TX00-1AA2,F2K8039234,JSW Toranagallu,IN -folgt-folgt 99,Miscellaneous
IB-32909301,6SL3955-0TX00-1AA2 - F2K8039242,08-10-2022 20:52,Active,6SL3955-0TX00-1AA2,F2K8039242,JSW Toranagallu,IN -folgt-folgt 99,Miscellaneous
IB-32909302,6SL3955-0TX00-1AA2 - F2K8039245,08-10-2022 20:52,Active,6SL3955-0TX00-1AA2,F2K8039245,JSW Toranagallu,IN -folgt-folgt 99,Miscellaneous
IB-32909303,6SL3955-0TX00-1AA2 - F2K8039256,08-10-2022 20:52,Active,6SL3955-0TX00-1AA2,F2K8039256,JSW Toranagallu,IN -folgt-folgt 99,Miscellaneous
IB-32909304,6SL3955-0TX00-1AA2 - F2K8039270,08-10-2022 20:52,Active,6SL3955-0TX00-1AA2,F2K8039270,JSW Toranagallu,IN -folgt-folgt 99,Miscellaneous
IB-32909305,6SL3955-0TX00-1AA2 - F2K8039281,08-10-2022 20:52,Active,6SL3955-0TX00-1AA2,F2K8039281,JSW Toranagallu,IN -folgt-folgt 99,Miscellaneous
IB-32909306,6SL3955-0TX00-1AA2 - F2K8039284,08-10-2022 20:52,Active,6SL3955-0TX00-1AA2,F2K8039284,JSW Toranagallu,IN -folgt-folgt 99,Miscellaneous
IB-32909307,6SL3955-0TX00-1AA2 - F2K8039285,08-10-2022 20:52,Active,6SL3955-0TX00-1AA2,F2K8039285,JSW Toranagallu,IN -folgt-folgt 99,Miscellaneous
IB-32909339,6SL3955-0TX00-1AA2 - F2K7044171,08-10-2022 20:52,Active,6SL3955-0TX00-1AA2,F2K7044171,JSW Toranagallu,IN -folgt-folgt 99,Miscellaneous
IB-32909340,6SL3955-0TX00-1AA2 - F2K7044290,08-10-2022 20:52,Active,6SL3955-0TX00-1AA2,F2K7044290,JSW Toranagallu,IN -folgt-folgt 99,Miscellaneous
IB-32909341,6SL3955-0TX00-1AA2 - F2K7044307,08-10-2022 20:52,Active,6SL3955-0TX00-1AA2,F2K7044307,JSW Toranagallu,IN -folgt-folgt 99,Miscellaneous
IB-32909342,6SL3955-0TX00-1AA2 - F2K8014952,08-10-2022 20:52,Active,6SL3955-0TX00-1AA2,F2K8014952,JSW Toranagallu,IN -folgt-folgt 99,Miscellaneous
IB-32909343,6SL3955-0TX00-1AA2 - F2K8015027,08-10-2022 20:52,Active,6SL3955-0TX00-1AA2,F2K8015027,JSW Toranagallu,IN -folgt-folgt 99,Miscellaneous
IB-32909344,6SL3955-0TX00-1AA2 - F2K8039191,08-10-2022 20:52,Active,6SL3955-0TX00-1AA2,F2K8039191,JSW Toranagallu,IN -folgt-folgt 99,Miscellaneous
IB-32909345,6SL3955-0TX00-1AA2 - F2K8039208,08-10-2022 20:52,Active,6SL3955-0TX00-1AA2,F2K8039208,JSW Toranagallu,IN -folgt-folgt 99,Miscellaneous
IB-32909346,6SL3955-0TX00-1AA2 - F2K8039217,08-10-2022 20:52,Active,6SL3955-0TX00-1AA2,F2K8039217,JSW Toranagallu,IN -folgt-folgt 99,Miscellaneous
IB-32909347,6SL3955-0TX00-1AA2 - F2K8039219,08-10-2022 20:52,Active,6SL3955-0TX00-1AA2,F2K8039219,JSW Toranagallu,IN -folgt-folgt 99,Miscellaneous
IB-32909348,6SL3955-0TX00-1AA2 - F2K8039244,08-10-2022 20:52,Active,6SL3955-0TX00-1AA2,F2K8039244,JSW Toranagallu,IN -folgt-folgt 99,Miscellaneous
IB-32909349,6SL3955-0TX00-1AA2 - F2K8039279,08-10-2022 20:52,Active,6SL3955-0TX00-1AA2,F2K8039279,JSW Toranagallu,IN -folgt-folgt 99,Miscellaneous
IB-32909350,6SL3955-0TX00-1AA2 - F2K8039283,08-10-2022 20:52,Active,6SL3955-0TX00-1AA2,F2K8039283,JSW Toranagallu,IN -folgt-folgt 99,Miscellaneous
IB-32909351,6SL3955-0TX00-1AA2 - F2KN011754,08-10-2022 20:52,Active,6SL3955-0TX00-1AA2,F2KN011754,JSW Toranagallu,IN -folgt-folgt 99,Miscellaneous
IB-32909352,6SL3955-0TX00-1AA2 - F2KN011755,08-10-2022 20:52,Active,6SL3955-0TX00-1AA2,F2KN011755,JSW Toranagallu,IN -folgt-folgt 99,Miscellaneous
IB-32909353,6SL3955-0TX00-1AA2 - F2KN011756,08-10-2022 20:52,Active,6SL3955-0TX00-1AA2,F2KN011756,JSW Toranagallu,IN -folgt-folgt 99,Miscellaneous
IB-32909354,6SL3955-0TX00-1AA2 - F2KN011759,08-10-2022 20:52,Active,6SL3955-0TX00-1AA2,F2KN011759,JSW Toranagallu,IN -folgt-folgt 99,Miscellaneous
IB-32909355,6SL3955-0TX00-1AA2 - F2KN011767,08-10-2022 20:52,Active,6SL3955-0TX00-1AA2,F2KN011767,JSW Toranagallu,IN -folgt-folgt 99,Miscellaneous
IB-32909356,6SL3955-0TX00-1AA2 - F2KN011773,08-10-2022 20:52,Active,6SL3955-0TX00-1AA2,F2KN011773,JSW Toranagallu,IN -folgt-folgt 99,Miscellaneous
IB-32909357,6SL3955-0TX00-1AA2 - F2KN011795,08-10-2022 20:52,Active,6SL3955-0TX00-1AA2,F2KN011795,JSW Toranagallu,IN -folgt-folgt 99,Miscellaneous
IB-32909358,6SL3955-0TX00-1AA2 - F2KN011796,08-10-2022 20:52,Active,6SL3955-0TX00-1AA2,F2KN011796,JSW Toranagallu,IN -folgt-folgt 99,Miscellaneous
IB-32909359,6SL3955-0TX00-1AA2 - F2KN011807,08-10-2022 20:52,Active,6SL3955-0TX00-1AA2,F2KN011807,JSW Toranagallu,IN -folgt-folgt 99,Miscellaneous
IB-32909360,6SL3955-0TX00-1AA2 - F2KN011829,08-10-2022 20:52,Active,6SL3955-0TX00-1AA2,F2KN011829,JSW Toranagallu,IN -folgt-folgt 99,Miscellaneous
IB-32909361,6SL3955-0TX00-1AA2 - F2KN011842,08-10-2022 20:52,Active,6SL3955-0TX00-1AA2,F2KN011842,JSW Toranagallu,IN -folgt-folgt 99,Miscellaneous
IB-32909468,6SL3955-0TX00-1AA2 - F2K9017859,08-10-2022 20:52,Active,6SL3955-0TX00-1AA2,F2K9017859,JSW Toranagallu,IN -folgt-folgt 99,Miscellaneous
IB-32909469,6SL3955-0TX00-1AA2 - F2K9017863,08-10-2022 20:52,Active,6SL3955-0TX00-1AA2,F2K9017863,JSW Toranagallu,IN -folgt-folgt 99,Miscellaneous
IB-32909482,6SL3955-0TX00-1AA2 - F2KD024370,08-10-2022 20:53,Active,6SL3955-0TX00-1AA2,F2KD024370,JSW Toranagallu,IN -folgt-folgt 99,Miscellaneous
IB-32909518,6SL3955-0TX00-1AA2 - F2KD024371,08-10-2022 20:53,Active,6SL3955-0TX00-1AA2,F2KD024371,JSW Toranagallu,IN -folgt-folgt 99,Miscellaneous
IB-32909519,6SL3955-0TX00-1AA2 - F2KD024375,08-10-2022 20:53,Active,6SL3955-0TX00-1AA2,F2KD024375,JSW Toranagallu,IN -folgt-folgt 99,Miscellaneous
IB-32909520,6SL3955-0TX00-1AA2 - F2KD024376,08-10-2022 20:53,Active,6SL3955-0TX00-1AA2,F2KD024376,JSW Toranagallu,IN -folgt-folgt 99,Miscellaneous
IB-32909521,6SL3955-0TX00-1AA2 - F2KD024380,08-10-2022 20:53,Active,6SL3955-0TX00-1AA2,F2KD024380,JSW Toranagallu,IN -folgt-folgt 99,Miscellaneous
IB-32909522,6SL3955-0TX00-1AA2 - F2KD024402,08-10-2022 20:53,Active,6SL3955-0TX00-1AA2,F2KD024402,JSW Toranagallu,IN -folgt-folgt 99,Miscellaneous
IB-32909523,6SL3955-0TX00-1AA2 - F2KD024404,08-10-2022 20:53,Active,6SL3955-0TX00-1AA2,F2KD024404,JSW Toranagallu,IN -folgt-folgt 99,Miscellaneous
IB-32909524,6SL3955-0TX00-1AA2 - F2KD024405,08-10-2022 20:53,Active,6SL3955-0TX00-1AA2,F2KD024405,JSW Toranagallu,IN -folgt-folgt 99,Miscellaneous
IB-32909525,6SL3955-0TX00-1AA2 - F2KD024407,08-10-2022 20:53,Active,6SL3955-0TX00-1AA2,F2KD024407,JSW Toranagallu,IN -folgt-folgt 99,Miscellaneous
IB-32909526,6SL3955-0TX00-1AA2 - F2KD024408,08-10-2022 20:53,Active,6SL3955-0TX00-1AA2,F2KD024408,JSW Toranagallu,IN -folgt-folgt 99,Miscellaneous
IB-32909527,6SL3955-0TX00-1AA2 - F2KD024409,08-10-2022 20:53,Active,6SL3955-0TX00-1AA2,F2KD024409,JSW Toranagallu,IN -folgt-folgt 99,Miscellaneous
IB-32909528,6SL3955-0TX00-1AA2 - F2KD024412,08-10-2022 20:53,Active,6SL3955-0TX00-1AA2,F2KD024412,JSW Toranagallu,IN -folgt-folgt 99,Miscellaneous
IB-32909529,6SL3955-0TX00-1AA2 - F2KD024413,08-10-2022 20:53,Active,6SL3955-0TX00-1AA2,F2KD024413,JSW Toranagallu,IN -folgt-folgt 99,Miscellaneous
IB-32909530,6SL3955-0TX00-1AA2 - F2KD024416,08-10-2022 20:53,Active,6SL3955-0TX00-1AA2,F2KD024416,JSW Toranagallu,IN -folgt-folgt 99,Miscellaneous
IB-32909531,6SL3955-0TX00-1AA2 - F2KD024419,08-10-2022 20:53,Active,6SL3955-0TX00-1AA2,F2KD024419,JSW Toranagallu,IN -folgt-folgt 99,Miscellaneous
IB-32909532,6SL3955-0TX00-1AA2 - F2KD024420,08-10-2022 20:53,Active,6SL3955-0TX00-1AA2,F2KD024420,JSW Toranagallu,IN -folgt-folgt 99,Miscellaneous
IB-32909608,6SL3955-0TX00-1AA2 - F2KN030681,08-10-2022 20:53,Active,6SL3955-0TX00-1AA2,F2KN030681,JSW Toranagallu,IN -folgt-folgt 99,Miscellaneous
IB-28760306,1LA43544AN06Z - N8/64967886,08-10-2022 22:38,Verified,1LA43544AN06Z,N8/64967886,Atlas Copco (India) Ltd,"IN-Pune-Sveanagar, Mumbai Pune Rd.",Motors HV H-compact (Non-Ex)
IB-28760307,1LA43544AN06Z - N8/64967196,08-10-2022 22:38,Verified,1LA43544AN06Z,N8/64967196,Atlas Copco (India) Ltd,"IN-Pune-Sveanagar, Mumbai Pune Rd.",Motors HV H-compact (Non-Ex)
IB-28760309,1LA43544AN06Z - N8/64968119,08-10-2022 22:38,Verified,1LA43544AN06Z,N8/64968119,Atlas Copco (India) Ltd,"IN-Pune-Sveanagar, Mumbai Pune Rd.",Motors HV H-compact (Non-Ex)
IB-28512302,6SR4502-5NB41-2BH1 - Z8-185043802-504,08-10-2022 22:42,Verified,6SR4502-5NB41-2BH1,Z8-185043802-504,Hindustan Petroleum Corporation Ltd.,"IN-Visakhapatnam-HPCL, Viskha Refinery, PB # 15,","PH GH180, air cooled"
IB-28513107,6SR4502-5NB41-2BH1 - Z8-185043802-505,08-10-2022 22:42,Verified,6SR4502-5NB41-2BH1,Z8-185043802-505,Hindustan Petroleum Corporation Ltd.,"IN-Visakhapatnam-HPCL, Viskha Refinery, PB # 15,","PH GH180, air cooled"
IB-20795950,6SR4502-0CD37-0BH0 - Z8-142740304-319,09-10-2022 00:43,Verified,6SR4502-0CD37-0BH0,Z8-142740304-319,SMS Ltd.,"IN-Jambusar-Plot No. 4,  Swastick Nagar Society","PH GH180, air cooled"
IB-62364054,6SR5502-2HS45-7BF2 - Z8-2322505PM-087,30-10-2023 21:19,Verified,6SR5502-2HS45-7BF2,Z8-2322505PM-087,Jai Raj Ispat Ltd.,"IN-Orvakal-SY No 274 Part And 181 Part,","PH GH180, air cooled"
IB-62876531,6SR5502-2HD41-5BH2 - Z8-232751544-05C,30-10-2023 22:21,Verified,6SR5502-2HD41-5BH2,Z8-232751544-05C,The Ramco Cements Ltd.,IN-Jajpur-Cement Grinding Unit Dharmasala Tehsil,"PH GH180, air cooled"
IB-61192325,1RN7806-6PS50-0CJ0-Z - DVY/16571361401,30-10-2023 22:36,Active,1RN7806-6PS50-0CJ0-Z,DVY/16571361401,Arcelormittal Nippon Steel India Ltd.,"IN-Hazira-27Km, Surat Hazira Rd., Surat",Motors HV Innomotics HV M (Non-Ex)
IB-61201136,6SR5502-2HH43-5FH0-Z - Z8-211651596-002,30-10-2023 22:36,Verified,6SR5502-2HH43-5FH0-Z,Z8-211651596-002,Nayara Energy Ltd.,"IN-Jamnagar-Khambhalia Post, District Devbhumi Dwarka, Vadinar","PH GH180, air cooled"
IB-61201137,6SR5502-5NH45-5BH0-Z - Z8-212150896-001,30-10-2023 22:37,Verified,6SR5502-5NH45-5BH0-Z,Z8-212150896-001,Nayara Energy Ltd.,"IN-Jamnagar-Khambhalia Post, District Devbhumi Dwarka, Vadinar","PH GH180, air cooled"
IB-61479708,6SL3845-7NN43-6AA3-Z - N-R81661194010001,30-10-2023 23:30,Verified,6SL3845-7NN43-6AA3-Z,N-R81661194010001,Tata Steel Ltd.,IN -Jamshedpur-General Office Bldg. Near Bistupur,"SM150 IGCT, water cooled"
IB-61571287,1RN7800-6PS50-0CJ0-Z - DVY/16571363001,30-10-2023 23:31,Active,1RN7800-6PS50-0CJ0-Z,DVY/16571363001,Arcelormittal Nippon Steel India Ltd.,"IN-Hazira-27Km, Surat Hazira Rd., Surat",Motors HV Innomotics HV M (Non-Ex)
IB-61594426,1LE75032DB035AA4Z - KW230365399807,30-10-2023 23:31,Verified,1LE75032DB035AA4Z,KW230365399807,SUPREME FRESH,"IN-NAVIMUMBAI-PLOT NO, C+-33, TTC INDL AREA, PAWNE,THANE BELAPUR RD, NAVIMUMBAI",Innomotics GP/SD
IB-62182003,6SR5502-2HB35-0BH2 - Z8-232251535-005,31-10-2023 00:08,Active,6SR5502-2HB35-0BH2,Z8-232251535-005,SIEMENS LARGE DRIVES INDIA PVT LTD,"IN -Navi Mumbai, Thane","PH GH180, air cooled"
IB-62184578,6SR5502-2HB37-0BH2 - Z8-232251535-0EF,31-10-2023 00:13,Active,6SR5502-2HB37-0BH2,Z8-232251535-0EF,SIEMENS LARGE DRIVES INDIA PVT LTD,"IN -Navi Mumbai, Thane","PH GH180, air cooled"
IB-62194732,6SR5502-2HB36-0BH2 - Z8-232251535-00C,31-10-2023 00:35,Active,6SR5502-2HB36-0BH2,Z8-232251535-00C,SIEMENS LARGE DRIVES INDIA PVT LTD,"IN -Navi Mumbai, Thane","PH GH180, air cooled"
IB-59424223,6SR5502-2ND41-6BH2 - Z8-230751544-1DF,15-06-2023 16:05,Active,6SR5502-2ND41-6BH2,Z8-230751544-1DF,Siemens Ltd.,"IN-Navi Mumbai-Thane Belapur Rd., Airoli","PH GH180, air cooled"
IB-59907290,1LA4350-4AN71-Z - N-R41665813010001,15-06-2023 17:57,Active,1LA4350-4AN71-Z,N-R41665813010001,MCPI Pvt. Ltd.,IN-Midnapore-Vill. & P.O. Bhuniaraichak,Motors HV H-compact (Non-Ex)
IB-59997990,6SR3802-7NH44-0BH0 - STB02V0030-PH-MVD,15-06-2023 17:58,Active,6SR3802-7NH44-0BH0,STB02V0030-PH-MVD,Godawari Power and Ispat Ltd.,"IN-Raipur-Plot No.428/2, Phase I, Indl. Area, Siltara","PH GH180, air cooled"
IB-60025674,6SR5502-2HB36-0BH2 - Z8-231151535-09D,15-06-2023 17:58,Active,6SR5502-2HB36-0BH2,Z8-231151535-09D,Siemens Ltd.,"IN-Navi Mumbai-Thane Belapur Rd., Airoli","PH GH180, air cooled"
IB-60136888,6SL3845-7NN43-6BA3-Z - N-R11657387010001,15-06-2023 18:21,Verified,6SL3845-7NN43-6BA3-Z,N-R11657387010001,Arcelormittal Nippon Steel India Ltd.,"IN-Hazira-27Km, Surat Hazira Rd., Surat","SM150 IGCT, water cooled"
IB-48471306,1NB1352-2AA74-4CA0-Z - LDX/50003183,07-10-2022 03:18,Active,1NB1352-2AA74-4CA0-Z,LDX/50003183,Indian Oil Corporation Ltd.,IN-Begusarai-PO Barauni Oil Refinery,Motors HV Innomotics HV C (flameproof)
IB-48529448,1RQ6456-2JT70-Z - N-CO5010270040001,07-10-2022 04:25,Verified,1RQ6456-2JT70-Z,N-CO5010270040001,Aquatech Systems (Asia) Pvt. Ltd.,"IN-Pune-Survey No.244/2, Rajiv Gandhi",Motors HV Innomotics HV M (Non-Ex)
IB-48529658,1RQ6456-2JT70-Z - N-CO5010270045003,07-10-2022 04:25,Verified,1RQ6456-2JT70-Z,N-CO5010270045003,Aquatech Systems (Asia) Pvt. Ltd.,"IN-Pune-Survey No.244/2, Rajiv Gandhi",Motors HV Innomotics HV M (Non-Ex)
IB-48529511,1RQ6456-2JT70-Z - N-CO5010270040002,07-10-2022 04:25,Verified,1RQ6456-2JT70-Z,N-CO5010270040002,Aquatech Systems (Asia) Pvt. Ltd.,"IN-Pune-Survey No.244/2, Rajiv Gandhi",Motors HV Innomotics HV M (Non-Ex)
IB-48529613,1RQ6456-2JT70-Z - N-CO5010270045002,07-10-2022 04:25,Verified,1RQ6456-2JT70-Z,N-CO5010270045002,Aquatech Systems (Asia) Pvt. Ltd.,"IN-Pune-Survey No.244/2, Rajiv Gandhi",Motors HV Innomotics HV M (Non-Ex)
IB-48529558,1RQ6456-2JT70-Z - N-CO5010270045001,07-10-2022 04:25,Verified,1RQ6456-2JT70-Z,N-CO5010270045001,Aquatech Systems (Asia) Pvt. Ltd.,"IN-Pune-Survey No.244/2, Rajiv Gandhi",Motors HV Innomotics HV M (Non-Ex)
IB-48800261,1PQ43524AM00Z - 300694490610077,07-10-2022 06:47,Verified,1PQ43524AM00Z,300694490610077,Paradip East Quay Coal Terminal Pvt. Ltd.,"IN-Odisha-Paradip Bhawan, Behind Ppt",Motors HV H-compact (Non-Ex)
IB-48884173,RHF VIN HV2 50003181 F90 - DVY/16286231001,07-10-2022 06:47,Active,RHF VIN HV2 50003181 F90,DVY/16286231001,Eickhoff Wind Asia Private Limited,"IN -Chennai-471, Vatika Business Centre",Miscellaneous (F)
IB-48913685,6SR4502-2AG43-2BH2 - Z8-214245507-10B,07-10-2022 06:47,Verified,6SR4502-2AG43-2BH2,Z8-214245507-10B,Goodyear India Ltd.,IN-Ballabhgarh-Ballabhgarh Plant,"PH GH180, air cooled"
IB-48970607,RHF VIN HV2 50003182 F90 - DVY/16286201001,07-10-2022 06:47,Active,RHF VIN HV2 50003182 F90,DVY/16286201001,Eickhoff Wind Asia Private Limited,"IN -Chennai-471, Vatika Business Centre",Miscellaneous (F)
IB-37977597,1LA4452-4AN70-Z - N-LD1585603010001,07-10-2022 07:59,Verified,1LA4452-4AN70-Z,N-LD1585603010001,South Eastern Coalfields Ltd.,"IN-Bilaspur-Seepat Rd., Chhattisgarh",Motors HV H-compact (Non-Ex)
IB-52662531,9AA1001-4AH00-0AA0 - 1P6AG40210AB121CA0SV-N4ZZ2992+02,07-10-2022 12:22,Verified,9AA1001-4AH00-0AA0,1P6AG40210AB121CA0SV-N4ZZ2992+02,SIEMENS LIMITED,IN-Mumbai-Thane Belapur Road,Managed Security
IB-54094060,6SR5502-2HC38-7BH2 - Z8-223051540-500,07-10-2022 13:54,Verified,6SR5502-2HC38-7BH2,Z8-223051540-500,Jindal Steel Odisha Ltd.,"IN-Angul-At/P.O. Jindal Nagar, Nisa SH-63, Chhendipada Rd.","PH GH180, air cooled"
IB-54093687,6SR5502-2HC38-7BH2 - Z8-223051540-4FF,07-10-2022 13:54,Verified,6SR5502-2HC38-7BH2,Z8-223051540-4FF,Jindal Steel Odisha Ltd.,"IN-Angul-At/P.O. Jindal Nagar, Nisa SH-63, Chhendipada Rd.","PH GH180, air cooled"
IB-54093322,6SR5502-5ND42-5BH2 - Z8-223150844-189,07-10-2022 13:55,Verified,6SR5502-5ND42-5BH2,Z8-223150844-189,Telangana Drinking Water Supply Corporation Ltd.,"IN-Hyderabad-Room No.302, 3rd Floor, Srtgn","PH GH180, air cooled"
IB-54101650,6SR5502-5ND42-5BH2 - Z8-223150844-144,07-10-2022 13:55,Verified,6SR5502-5ND42-5BH2,Z8-223150844-144,Telangana Drinking Water Supply Corporation Ltd.,"IN-Hyderabad-Room No.302, 3rd Floor, Srtgn","PH GH180, air cooled"
IB-54102014,6SR5502-5ND42-5BH2 - Z8-223150844-187,07-10-2022 13:55,Verified,6SR5502-5ND42-5BH2,Z8-223150844-187,Telangana Drinking Water Supply Corporation Ltd.,"IN-Hyderabad-Room No.302, 3rd Floor, Srtgn","PH GH180, air cooled"
IB-54101286,6SR5502-5ND42-5BH2 - Z8-223150844-188,07-10-2022 13:55,Verified,6SR5502-5ND42-5BH2,Z8-223150844-188,Telangana Drinking Water Supply Corporation Ltd.,"IN-Hyderabad-Room No.302, 3rd Floor, Srtgn","PH GH180, air cooled"
IB-54100224,6SR5502-2HC41-2BH2 - Z8-223251540-244,07-10-2022 13:55,Verified,6SR5502-2HC41-2BH2,Z8-223251540-244,Jindal Steel Odisha Ltd.,"IN-Angul-At/P.O. Jindal Nagar, Nisa SH-63, Chhendipada Rd.","PH GH180, air cooled"
IB-38507027,6SR4802-2HC41-0BH1 - STB5K0423PHG41000,07-10-2022 13:55,Verified,6SR4802-2HC41-0BH1,STB5K0423PHG41000,NTPC Ltd.,"IN-Hazaribagh-1040 Pakri Barwadih, Chat Bariatu &","PH GH180, air cooled"
IB-12692404,1SQ4636-4HY70,08-10-2022 11:54,To be verified,1SQ4636-4HY70,,Reliance Industries Ltd.,IN-Jamnagar-Village Meghpar/Padana,Motors HV H-compact+ (Ex)
IB-12119820,6SR4802-2HB37-0BH1 - STB9H0245PHG4700,08-10-2022 12:02,Verified,6SR4802-2HB37-0BH1,STB9H0245PHG4700,The India Cements Ltd.,"IN-Hyderabad-Sy. No 12/3, Malkapur Village","PH GH180, air cooled"
IB-12484726,6SR4802-2HB37-0BH1 - STB1J0261PHG4700,08-10-2022 12:02,Verified,6SR4802-2HB37-0BH1,STB1J0261PHG4700,JK Lakshmi Cement Ltd.,"IN-Surat-Village Dastan, Taluka Palsana","PH GH180, air cooled"
IB-12121703,ZTNW 450 (SPL) - 3004901503/ 210,08-10-2022 12:02,Verified,ZTNW 450 (SPL),3004901503/ 210,Hindalco Industries Ltd.,"IN-Renukoot-P. O. Renukoot, Main Rd.",Motors HV Special Motors (async.)
IB-9675996,1PS4508-7BJ70-4BA0-Z - LDX/50000395,08-10-2022 12:03,Verified,1PS4508-7BJ70-4BA0-Z,LDX/50000395,Cairn Energy India Pvt. Ltd.,"IN-Ahmedabad-Viramgam Terminal, Hansalpur,",Motors HV Loher Vario (Ex flameproof)
IB-13532512,1LA4450-6AN98 - 64946099,08-10-2022 12:04,Verified,1LA4450-6AN98,64946099,Kolkata Municipal Corporation,"IN-Kolkata-5, S.N. Banerjee Rd.",Motors HV H-compact (Non-Ex)
IB-13532558,1LA4450-6AN98 - 64947275,08-10-2022 12:04,Verified,1LA4450-6AN98,64947275,Kolkata Municipal Corporation,"IN-Kolkata-5, S.N. Banerjee Rd.",Motors HV H-compact (Non-Ex)
IB-13532605,1LA4450-6AN98 - 64946107,08-10-2022 12:04,Verified,1LA4450-6AN98,64946107,Kolkata Municipal Corporation,"IN-Kolkata-5, S.N. Banerjee Rd.",Motors HV H-compact (Non-Ex)
IB-13532606,1LA4450-6AN98 - 64946098,08-10-2022 12:04,Verified,1LA4450-6AN98,64946098,Kolkata Municipal Corporation,"IN-Kolkata-5, S.N. Banerjee Rd.",Motors HV H-compact (Non-Ex)
IB-13657830,1RN6712-4FS90-Z - N-J61509394010001,08-10-2022 12:04,Verified,1RN6712-4FS90-Z,N-J61509394010001,JSW Projects Ltd.,IN-Toranagallu-Po Vidyanagar,Motors HV H-compact+ (Non-Ex)
IB-13661055,1LA4504-2DN90-Z - N-J31498508010001,08-10-2022 12:04,Verified,1LA4504-2DN90-Z,N-J31498508010001,Gujarat State Fert & Chem. Ltd.,IN -Kosamba-Kosamba.,Motors HV H-compact (Non-Ex)
IB-14020858,6SR4802-2HB38-0BH1 - STB2J0267PHG4800,08-10-2022 12:04,Verified,6SR4802-2HB38-0BH1,STB2J0267PHG4800,The Ramco Cements Ltd.,IN-Virudhu Nagar-Ramasamy Raja Nagar,"PH GH180, air cooled"
IB-16277072,6SR4802-2HB38-0BH1 - STB1J0260PHG4600,08-10-2022 12:04,Verified,6SR4802-2HB38-0BH1,STB1J0260PHG4600,Mukand Ltd.,IN-Thane-Belapur Rd. Dighe P.O. Kalwa,"PH GH180, air cooled"
IB-13859302,6SR4802-2HC38-7FH1 - STB7J0298PHG4900,08-10-2022 12:04,Verified,6SR4802-2HC38-7FH1,STB7J0298PHG4900,Deccan Cements Ltd.,"IN-Nalgonda-Bhavanipuram, Janpahad P.O. Suryapet District","PH GH180, air cooled"
IB-13936166,1LA4456 - 64930552,08-10-2022 12:04,Verified,1LA4456,64930552,"Ultratech Cement Ltd.  (Unit : Aditya Cement Works),","IN-Chittorgarh-Adityapuram, Shambhupura,",Motors HV H-compact (Non-Ex)
IB-14061208,1TQ4647-8AT06-Z - D1650257902,08-10-2022 12:05,Verified,1TQ4647-8AT06-Z,D1650257902,Indian Navy Project Seabird,IN-New Delhi-II Floor RK Puram,Motors HV Milling Motors (async.)
IB-14146511,1TQ4647-8AT06-Z - D1650259701,08-10-2022 12:05,Verified,1TQ4647-8AT06-Z,D1650259701,Indian Navy Project Seabird,IN-New Delhi-II Floor RK Puram,Motors HV Milling Motors (async.)
IB-14103826,6SR4802-2HC38-0BH1 - STB8H0230PHG4800,08-10-2022 12:05,Verified,6SR4802-2HC38-0BH1,STB8H0230PHG4800,RSGM Techno Services Pvt. Ltd.,"IN-Jajpur-Royal Complex, Trijanga Danagadi, Jajpur Rd.","PH GH180, air cooled"
IB-14143735,6SB2015-5UP51-7KA0-Z - N-V226414300098-01,08-10-2022 12:05,Verified,6SB2015-5UP51-7KA0-Z,N-V226414300098-01,Tata Steel Ltd.,IN-Jamshedpur-General Office Bldg. Near Bistupur Police Station Main,SIMOVERT S
IB-8001087,1FC2569-6B091-Z - 177737,08-10-2022 12:19,Verified,1FC2569-6B091-Z,177737,Ingenious Industries,"IN-Pune-A - 8, Pavana Indl. Premises T - 204, Mifv, Bhosari",Motors HV Others
IB-8001129,1FC2454-4B092-Z - 177931,08-10-2022 12:20,Verified,1FC2454-4B092-Z,177931,Ingenious Industries,"IN-Pune-A - 8, Pavana Indl. Premises T - 204, Mifv, Bhosari",Motors HV Others
IB-588442,6SL3855-5UN11-6KA0 - SN-C2243603-00013,08-10-2022 13:35,Verified,6SL3855-5UN11-6KA0,SN-C2243603-00013,Jsw Techno Projects Management Ltd.,IN-Bellary-Post Vidyanagar,"GL150, water cooled"
IB-567760,DNSW-355LB-04A - 5134284,08-10-2022 13:35,Verified,DNSW-355LB-04A,5134284,VVF Ltd.,"IN-Mumbai-109, Sion (East), Opp Sion Fort Garden",Motors HV Loher Vario (Ex flameproof)
IB-567761,DNSW-355LB-04A - 5134285,08-10-2022 13:35,Verified,DNSW-355LB-04A,5134285,VVF Ltd.,"IN-Mumbai-109, Sion (East), Opp Sion Fort Garden",Motors HV Loher Vario (Ex flameproof)
IB-567762,DNSW-355LB-04A - 5134286,08-10-2022 13:35,Verified,DNSW-355LB-04A,5134286,VVF Ltd.,"IN-Mumbai-109, Sion (East), Opp Sion Fort Garden",Motors HV Loher Vario (Ex flameproof)
IB-567764,DNSW-500LX-16A - 5134288,08-10-2022 13:36,Verified,DNSW-500LX-16A,5134288,VVF Ltd.,"IN-Mumbai-109, Sion (East), Opp Sion Fort Garden",Motors HV Loher Vario (Ex flameproof)
IB-567763,DNSW-500LN-12A - 5134287,08-10-2022 13:36,Verified,DNSW-500LN-12A,5134287,VVF Ltd.,"IN-Mumbai-109, Sion (East), Opp Sion Fort Garden",Motors HV Loher Vario (Ex flameproof)
IB-227280,1MS4350-2AN70-Z - N-T71160922010001,08-10-2022 13:55,Verified,1MS4350-2AN70-Z,N-T71160922010001,Reliance Hazira,"IN-Mumbai-130 P. B. Marg, Worli",Motors HV H-compact (Ex)
IB-227281,1MS4350-2AN70-Z - N-T71160922010002,08-10-2022 13:55,Verified,1MS4350-2AN70-Z,N-T71160922010002,Reliance Hazira,"IN-Mumbai-130 P. B. Marg, Worli",Motors HV H-compact (Ex)
IB-215108,1MS4314-2AN70-Z - N-T41155339010001,08-10-2022 13:55,Verified,1MS4314-2AN70-Z,N-T41155339010001,Reliance Hazira,"IN-Mumbai-130 P. B. Marg, Worli",Motors HV H-compact (Ex)
IB-240013,1PQ4500-8CM90-Z - N-TN1162831010001,08-10-2022 13:56,Verified,1PQ4500-8CM90-Z,N-TN1162831010001,Tata Steel BSL Ltd.,"IN-Ghaziabad-23, Site IV, Sahibabad Indl. Area",Motors HV H-compact (Non-Ex)
IB-240014,1PQ4500-8CM90-Z - N-TN1162831010002,08-10-2022 13:56,Verified,1PQ4500-8CM90-Z,N-TN1162831010002,Tata Steel BSL Ltd.,"IN-Ghaziabad-23, Site IV, Sahibabad Indl. Area",Motors HV H-compact (Non-Ex)
IB-363749,1PQ4500-8CM90-Z - N-XO1274988030001,08-10-2022 13:56,Verified,1PQ4500-8CM90-Z,N-XO1274988030001,Tata Steel BSL Ltd.,"IN-Ghaziabad-23, Site IV, Sahibabad Indl. Area",Motors HV H-compact (Non-Ex)
IB-363750,1PQ4500-8CM90-Z - N-XO1274988030002,08-10-2022 13:56,Verified,1PQ4500-8CM90-Z,N-XO1274988030002,Tata Steel BSL Ltd.,"IN-Ghaziabad-23, Site IV, Sahibabad Indl. Area",Motors HV H-compact (Non-Ex)
IB-363751,1PQ4500-8CM90-Z - N-XO1274988020001,08-10-2022 13:56,Verified,1PQ4500-8CM90-Z,N-XO1274988020001,Tata Steel BSL Ltd.,"IN-Ghaziabad-23, Site IV, Sahibabad Indl. Area",Motors HV H-compact (Non-Ex)
IB-435356,1DQ4651-8DT03-Z - D0850240401,08-10-2022 13:59,Verified,1DQ4651-8DT03-Z,D0850240401,Tata Steel Ltd.,IN-Kolkata-J.L. Nehru Rd. 43,"Motors HV Milling Motors (sync., large)"
IB-435745,1DQ4651-8DT03-Z - D0850240403,08-10-2022 13:59,Verified,1DQ4651-8DT03-Z,D0850240403,Tata Steel Ltd.,IN-Kolkata-J.L. Nehru Rd. 43,"Motors HV Milling Motors (sync., large)"
IB-435751,1DQ4651-8DT03-Z - D0850240404,08-10-2022 13:59,Verified,1DQ4651-8DT03-Z,D0850240404,Tata Steel Ltd.,IN-Kolkata-J.L. Nehru Rd. 43,"Motors HV Milling Motors (sync., large)"
IB-437347,1DQ4651-8DT03-Z - D0850240402,08-10-2022 13:59,Verified,1DQ4651-8DT03-Z,D0850240402,Tata Steel Ltd.,IN-Kolkata-J.L. Nehru Rd. 43,"Motors HV Milling Motors (sync., large)"
IB-435466,LDX:DHSL-630LM-06A - 5149907,08-10-2022 13:59,Verified,LDX:DHSL-630LM-06A,5149907,HPCL-Mittal Energy Ltd.,IN-Bathinda-Phullokari Village Talwandi Saboo,Motors HV Loher Vario (Ex flameproof)
IB-435467,LDX:DHSL-630LM-06A - 5149908,08-10-2022 13:59,Verified,LDX:DHSL-630LM-06A,5149908,HPCL-Mittal Energy Ltd.,IN-Bathinda-Phullokari Village Talwandi Saboo,Motors HV Loher Vario (Ex flameproof)
IB-434336,1DQ4646-8AT03 - D0750237002,08-10-2022 13:59,Verified,1DQ4646-8AT03,D0750237002,Jindal Stainless Steelway Ltd.,"IN-Gurgaon-64- 65, 2nd Floor, Udyog Vihar Phase - IV","Motors HV Milling Motors (sync., large)"
IB-434338,1DQ4646-8AT03 - D0750237004,08-10-2022 13:59,Verified,1DQ4646-8AT03,D0750237004,Jindal Stainless Steelway Ltd.,"IN-Gurgaon-64- 65, 2nd Floor, Udyog Vihar Phase - IV","Motors HV Milling Motors (sync., large)"
IB-434339,1DQ4646-8AT03 - D0750237005,08-10-2022 13:59,Verified,1DQ4646-8AT03,D0750237005,Jindal Stainless Steelway Ltd.,"IN-Gurgaon-64- 65, 2nd Floor, Udyog Vihar Phase - IV","Motors HV Milling Motors (sync., large)"
IB-434340,1DQ4646-8AT03 - D0750237006,08-10-2022 13:59,Verified,1DQ4646-8AT03,D0750237006,Jindal Stainless Steelway Ltd.,"IN-Gurgaon-64- 65, 2nd Floor, Udyog Vihar Phase - IV","Motors HV Milling Motors (sync., large)"
IB-434514,1DQ5643-8DA08-Z - D0850239201,08-10-2022 13:59,Verified,1DQ5643-8DA08-Z,D0850239201,JINDAL STEEL LIMITED,"IN-Angul-Jindal Nagar, Village-Nisha, State","Motors HV Milling Motors (sync., large)"
IB-435244,1DQ5051-8DT05-Z - D0850240302,08-10-2022 13:59,Verified,1DQ5051-8DT05-Z,D0850240302,Tata Steel Ltd.,IN-Kolkata-J.L. Nehru Rd. 43,"Motors HV Milling Motors (sync., large)"
IB-435141,1DQ5051-8DT05-Z - D0850240301,08-10-2022 13:59,Verified,1DQ5051-8DT05-Z,D0850240301,Tata Steel Ltd.,IN-Kolkata-J.L. Nehru Rd. 43,"Motors HV Milling Motors (sync., large)"
IB-435740,1DQ4849-8DA03-Z - D0850241201,08-10-2022 13:59,Verified,1DQ4849-8DA03-Z,D0850241201,Tata Steel BSL Ltd.,"IN-Ghaziabad-23, Site IV, Sahibabad Indl. Area","Motors HV Milling Motors (sync., large)"
IB-435981,1DQ4852-8DA02-Z - D0850241101,08-10-2022 14:00,Verified,1DQ4852-8DA02-Z,D0850241101,Tata Steel BSL Ltd.,"IN-Ghaziabad-23, Site IV, Sahibabad Indl. Area","Motors HV Milling Motors (sync., large)"
IB-42814106,1LA45626EN70Z - N8/65137004,08-10-2022 14:43,Verified,1LA45626EN70Z,N8/65137004,Steel Authority of India Ltd.,IN-Rourkela-Rourkela Steel Plant,Motors HV H-compact (Non-Ex)
IB-41597967,6SR4802-2HD41-5BH1 - Z8-181744505-436,08-10-2022 15:00,Verified,6SR4802-2HD41-5BH1,Z8-181744505-436,Hindustan Petroleum Corporation Limited,"IN-Nalgonda-Suryapet booster station, Imampet village, Suryapet,","PH GH180, air cooled"
IB-41597968,6SR4802-2HD41-5BH1 - Z8-181744505-437,08-10-2022 15:00,Verified,6SR4802-2HD41-5BH1,Z8-181744505-437,Hindustan Petroleum Corporation Limited,"IN-Nalgonda-Suryapet booster station, Imampet village, Suryapet,","PH GH180, air cooled"
IB-38786498,1LA43164AN70Z - N8/65076096,08-10-2022 15:07,Verified,1LA43164AN70Z,N8/65076096,NTPC Ltd.,"IN-Hazaribagh-1040 Pakri Barwadih, Chat Bariatu &",Motors HV H-compact (Non-Ex)
IB-38780267,6SR3502-6HD41-4BH0 - Z8-31501002-482,08-10-2022 15:07,Verified,6SR3502-6HD41-4BH0,Z8-31501002-482,Tata Steel Ltd.,"IN-Jajpur-Block-2, General Admin Office Kalinga Nagar Indl. Complex","PH GH180, air cooled"
IB-25431968,6SR4502-2HJ44-5HF1 - Z8-183044509-385,08-10-2022 20:34,Verified,6SR4502-2HJ44-5HF1,Z8-183044509-385,Rashmi Metaliks Ltd.,"IN-Kharagpur-Nh-6, Gokulpur,","PH GH180, air cooled"
IB-24933181,1PQ44044AM00Z - 3005150346-200-018,08-10-2022 20:46,Verified,1PQ44044AM00Z,3005150346-200-018,Ultratech Cement Ltd.,"IN-Dhar-Dhar Cement Works, Village: Tonki, Tehsil: Manawar",Motors HV H-compact (Non-Ex)
IB-30983294,6SR4502-5ND42-2BH1 - Z8-190743804-419,08-10-2022 21:12,Verified,6SR4502-5ND42-2BH1,Z8-190743804-419,Dalmia Cement (Bharat) Ltd.,"IN-Rajgangpur-Dalmia DSP (Unit - I), At: Liploi, Po: Rajganipur, Dist: Sundargarh","PH GH180, air cooled"
IB-24476432,6SR3802-7HH46-0BH0 - STD-3F0185-PH-MVD,08-10-2022 21:12,Verified,6SR3802-7HH46-0BH0,STD-3F0185-PH-MVD,Indian Oil Corporation Ltd.,IN-Paradip-P.O. Paradip At. Po. Jhimani - Via Kujang Dist. Jagatsinghpur,"PH GH180, air cooled"
IB-30022790,1DQ5751-8DT12-Z - D1750259701,08-10-2022 21:30,Verified,1DQ5751-8DT12-Z,D1750259701,JSW Steel Ltd.,"IN-Raigarh-Survey No. 96/1, 96/2 97/0 Village Khar Karavi, Taluka Pen","Motors HV Milling Motors (sync., large)"
IB-22302865,JFPA560SRO4A - 65081074,08-10-2022 23:19,Verified,JFPA560SRO4A,65081074,GE India Indl. Pvt. Ltd.,"IN-Pune-A - 78/1, Chakan Indl. Area,",Generators
IB-22313055,1LA4356-4AN70-Z - 64473390,08-10-2022 23:19,Verified,1LA4356-4AN70-Z,64473390,Grasim Industries Ltd.,"IN-Haveri-Kumarapatman, Harihar",Motors HV H-compact (Non-Ex)
IB-22313056,1LA4356-4AN70-Z - 64473393,08-10-2022 23:19,Verified,1LA4356-4AN70-Z,64473393,Grasim Industries Ltd.,"IN-Haveri-Kumarapatman, Harihar",Motors HV H-compact (Non-Ex)
IB-22313057,1LA4356-4AN70-Z - 64473391,08-10-2022 23:19,Verified,1LA4356-4AN70-Z,64473391,Grasim Industries Ltd.,"IN-Haveri-Kumarapatman, Harihar",Motors HV H-compact (Non-Ex)
IB-22318949,1PQ44044AM00Z - N8/65009040-01001,08-10-2022 23:19,Verified,1PQ44044AM00Z,N8/65009040-01001,Ultratech Cement Ltd.,"IN-Dhar-Dhar Cement Works, Village: Tonki, Tehsil: Manawar",Motors HV H-compact (Non-Ex)
IB-22343344,6SR4802-2HE42-0BH1 - STB5K0413PHG42000,08-10-2022 23:19,Verified,6SR4802-2HE42-0BH1,STB5K0413PHG42000,Ultratech Cement Ltd.,IN-Rewa-Jaypee Puram P.O. Jaypee Puram,"PH GH180, air cooled"
IB-18054373,6SR4502-5NF45-5BH0 - Z8-152540806-370,09-10-2022 00:38,Verified,6SR4502-5NF45-5BH0,Z8-152540806-370,NTPC Ltd.,IN-Angul-Talcher Super Thermal Power Station,"PH GH180, air cooled"
IB-61267249,6SL3982-5CX10-0AA3 - N-R2173601-00026,02-12-2023 09:55,Active,6SL3982-5CX10-0AA3,N-R2173601-00026,Arcelormittal Nippon Steel India Ltd.,"IN-Hazira-27Km, Surat Hazira Rd., Surat",Miscellaneous
IB-61267358,6SL3982-5CX10-0AA3 - N-R2173601-00027,02-12-2023 09:55,Active,6SL3982-5CX10-0AA3,N-R2173601-00027,Arcelormittal Nippon Steel India Ltd.,"IN-Hazira-27Km, Surat Hazira Rd., Surat",Miscellaneous
IB-19235278,1LA4312-2AN74-Z - N-K35019322010001,06-10-2022 19:43,Verified,1LA4312-2AN74-Z,N-K35019322010001,NTPC Ltd.,"IN-Gautam Buddha Nagar-Dadri, Vidyut Nagar",Motors HV H-compact (Non-Ex)
IB-47525933,6SR4802-2HB37-0BH1 - STBNJ0347PHG4700,07-10-2022 03:19,Verified,6SR4802-2HB37-0BH1,STBNJ0347PHG4700,Hindalco Industries Ltd.,"IN-Sambalpur-Hirakud, Dist. - Sambalpur, Odisha","PH GH180, air cooled"
IB-47525934,6SR4802-2HB37-0BH1 - STBNJ0348PHG4700,07-10-2022 03:19,Verified,6SR4802-2HB37-0BH1,STBNJ0348PHG4700,Hindalco Industries Ltd.,"IN-Sambalpur-Hirakud, Dist. - Sambalpur, Odisha","PH GH180, air cooled"
IB-47525935,6SR4802-2HB37-0BH1 - STBNJ0349PHG4700,07-10-2022 03:19,Verified,6SR4802-2HB37-0BH1,STBNJ0349PHG4700,Hindalco Industries Ltd.,"IN-Sambalpur-Hirakud, Dist. - Sambalpur, Odisha","PH GH180, air cooled"
IB-47525936,6SR4802-2HB37-0BH1 - STBNJ0350PHG4700,07-10-2022 03:19,Verified,6SR4802-2HB37-0BH1,STBNJ0350PHG4700,Hindalco Industries Ltd.,"IN-Sambalpur-Hirakud, Dist. - Sambalpur, Odisha","PH GH180, air cooled"
IB-47525937,6SR4802-2HB37-0BH1 - STBNJ0351PHG4700,07-10-2022 03:19,Verified,6SR4802-2HB37-0BH1,STBNJ0351PHG4700,Hindalco Industries Ltd.,"IN-Sambalpur-Hirakud, Dist. - Sambalpur, Odisha","PH GH180, air cooled"
IB-47525938,6SR4802-2HB37-0BH1 - STBNJ0352PHG4700,07-10-2022 03:19,Verified,6SR4802-2HB37-0BH1,STBNJ0352PHG4700,Hindalco Industries Ltd.,"IN-Sambalpur-Hirakud, Dist. - Sambalpur, Odisha","PH GH180, air cooled"
IB-47525939,6SR4802-2HB37-0BH1 - STBNJ0353PHG4700,07-10-2022 03:19,Verified,6SR4802-2HB37-0BH1,STBNJ0353PHG4700,Hindalco Industries Ltd.,"IN-Sambalpur-Hirakud, Dist. - Sambalpur, Odisha","PH GH180, air cooled"
IB-47525940,6SR4802-2HB37-0BH1 - STBNJ0354PHG4700,07-10-2022 03:19,Verified,6SR4802-2HB37-0BH1,STBNJ0354PHG4700,Hindalco Industries Ltd.,"IN-Sambalpur-Hirakud, Dist. - Sambalpur, Odisha","PH GH180, air cooled"
IB-47525941,6SR4802-2HB37-0BH1 - STBNJ0355PHG4700,07-10-2022 03:19,Verified,6SR4802-2HB37-0BH1,STBNJ0355PHG4700,Hindalco Industries Ltd.,"IN-Sambalpur-Hirakud, Dist. - Sambalpur, Odisha","PH GH180, air cooled"
IB-47379690,6SR5502-5NE43-0BH1 - Z8-192250848-002,07-10-2022 03:25,Verified,6SR5502-5NE43-0BH1,Z8-192250848-002,Hindustan Urvarak & Rasayan Ltd.,IN-Gorakhpur-Administrative Bldg. Hurl Campus,"PH GH180, air cooled"
IB-47010608,1RN6456-6FP90-Z - N-N71617423010001,07-10-2022 03:25,Verified,1RN6456-6FP90-Z,N-N71617423010001,Endkunde,IN -.-.,Motors HV Innomotics HV M (Non-Ex)
IB-47010581,1RN6456-6FP90-Z - N-N71617422010001,07-10-2022 03:25,Verified,1RN6456-6FP90-Z,N-N71617422010001,Endkunde,IN -.-.,Motors HV Innomotics HV M (Non-Ex)
IB-47011348,1RN6456-6FP90-Z - N-N81617420010001,07-10-2022 03:25,Verified,1RN6456-6FP90-Z,N-N81617420010001,Endkunde,IN -.-.,Motors HV Innomotics HV M (Non-Ex)
IB-47502442,1RN6456-6FP90-Z - N-N81617421010001,07-10-2022 03:25,Verified,1RN6456-6FP90-Z,N-N81617421010001,Endkunde,IN -.-.,Motors HV Innomotics HV M (Non-Ex)
IB-50126999,6SR3802-6HF42-7BH0 - STB7F-0197-PHG32250,07-10-2022 05:33,Verified,6SR3802-6HF42-7BH0,STB7F-0197-PHG32250,Ambuja Cements Ltd.,"IN-Solan-Village Suli, PO Darlaghat","PH GH180, air cooled"
IB-50127000,6SR3802-6HF42-7BH0 - STB7F-0197-PHG32250,07-10-2022 05:33,Verified,6SR3802-6HF42-7BH0,STB7F-0197-PHG32250,Ambuja Cements Ltd.,"IN-Solan-Village Suli, PO Darlaghat","PH GH180, air cooled"
IB-41692506,1LA43164AN74Z - 3005494091,06-10-2022 22:13,Verified,1LA43164AN74Z,3005494091,Megha Engineering & Infrastructures Limited,"IN-Aska, Ganjam, Odisha-Ganjam District, Aska (Asika)",Motors HV H-compact (Non-Ex)
IB-26149293,6SR3802-7HJ44-7BH0 - STB8K0443PHG3E4750,07-10-2022 01:05,Verified,6SR3802-7HJ44-7BH0,STB8K0443PHG3E4750,Ultratech Cement Ltd.,"IN-Kutch-Unit Sewagram Cement Works Village Vayor, Taluka Abdasa","PH GH180, air cooled"
IB-48538873,1RN4562-4HM90-Z - N-D51378828010001,07-10-2022 04:26,Verified,1RN4562-4HM90-Z,N-D51378828010001,Marine Electricals (India) Ltd.,"IN-Verna-S-17/18, Verna Electronic City",Motors HV H-compact+ (Non-Ex)
IB-48538936,1RN4562-4HM90-Z - N-D51378828010002,07-10-2022 04:26,Verified,1RN4562-4HM90-Z,N-D51378828010002,Marine Electricals (India) Ltd.,"IN-Verna-S-17/18, Verna Electronic City",Motors HV H-compact+ (Non-Ex)
IB-48539077,1RN4562-4HM90-Z - N-D51378829020001,07-10-2022 04:26,Verified,1RN4562-4HM90-Z,N-D51378829020001,Marine Electricals (India) Ltd.,"IN-Verna-S-17/18, Verna Electronic City",Motors HV H-compact+ (Non-Ex)
IB-48539010,1RN4562-4HM90-Z - N-D51378829010001,07-10-2022 04:26,Verified,1RN4562-4HM90-Z,N-D51378829010001,Marine Electricals (India) Ltd.,"IN-Verna-S-17/18, Verna Electronic City",Motors HV H-compact+ (Non-Ex)
IB-37387131,1RQ140421A90Z - 3003518541-100-03,07-10-2022 08:21,Verified,1RQ140421A90Z,3003518541-100-03,Welspun India Ltd.,"IN-Anjar-Welspun City, Village Versamedi","Motors HV A-compact+ (async., Non-Ex)"
IB-52198031,1RN1636-3KJ70 - 65312026,07-10-2022 10:50,Verified,1RN1636-3KJ70,65312026,Bhushan Power & Steel Ltd.,"IN-Rengoli-VIill:- Thelkoli,  PO :- Lapanga","Motors HV A-compact+ (async., Non-Ex)"
IB-62354598,6SR5502-2HS45-7BF2-Z8-2322505PM-00B,30-10-2023 21:01,Verified,6SR5502-2HS45-7BF2,Z8-2322505PM-00B,Jai Raj Ispat Ltd.,"IN-Orvakal-SY No 274 Part And 181 Part,","PH GH180, air cooled"
IB-61266826,6SL3982-5CX10-0AA3 - N-R2173601-00025,30-10-2023 23:06,Active,6SL3982-5CX10-0AA3,N-R2173601-00025,Arcelormittal Nippon Steel India Ltd.,"IN-Hazira-27Km, Surat Hazira Rd., Surat",Miscellaneous
IB-61267801,6SL3845-7NN43-6BA3-Z - N-R31657387050001,30-10-2023 23:06,Verified,6SL3845-7NN43-6BA3-Z,N-R31657387050001,Arcelormittal Nippon Steel India Ltd.,"IN-Hazira-27Km, Surat Hazira Rd., Surat","SM150 IGCT, water cooled"
IB-62184912,6SR5502-2HB36-0BH2 - Z8-232251535-0F0,31-10-2023 00:14,Active,6SR5502-2HB36-0BH2,Z8-232251535-0F0,SIEMENS LARGE DRIVES INDIA PVT LTD,"IN -Navi Mumbai, Thane","PH GH180, air cooled"
IB-62191569,6SR5502-2HB37-0BH2 - Z8-232251535-157,31-10-2023 00:27,Active,6SR5502-2HB37-0BH2,Z8-232251535-157,SIEMENS LARGE DRIVES INDIA PVT LTD,"IN -Navi Mumbai, Thane","PH GH180, air cooled"
IB-62192517,6SR5502-2HB35-0BH2 - Z8-232251535-006,31-10-2023 00:29,Active,6SR5502-2HB35-0BH2,Z8-232251535-006,SIEMENS LARGE DRIVES INDIA PVT LTD,"IN -Navi Mumbai, Thane","PH GH180, air cooled"
IB-62195066,6SR5502-2HB36-0BH2 - Z8-232251535-084,31-10-2023 00:35,Active,6SR5502-2HB36-0BH2,Z8-232251535-084,SIEMENS LARGE DRIVES INDIA PVT LTD,"IN -Navi Mumbai, Thane","PH GH180, air cooled"
IB-59865445,6SR5502-2HB38-7BH2 - Z8-230751535-1CE,15-06-2023 16:42,Verified,6SR5502-2HB38-7BH2,Z8-230751535-1CE,Reliance Industries Ltd.,IN-Jamnagar-Village Meghpar/Padana,"PH GH180, air cooled"
IB-59895457,6SR5502-2HC41-0BH2 - Z8-230751540-1C9,15-06-2023 17:49,Verified,6SR5502-2HC41-0BH2,Z8-230751540-1C9,Reliance Industries Ltd.,"IN-Navi Mumbai-Thane Belapur Rd., Airoli","PH GH180, air cooled"
IB-60057138,6SR5502-2HC41-0FH2 - Z8-231151540-0AA,15-06-2023 18:14,Preliminary,6SR5502-2HC41-0FH2,Z8-231151540-0AA,Jindal Ferrous Ltd.,IN-Jajpur-Jaipur Rd.,"PH GH180, air cooled"
IB-60316274,6SR5502-2HB38-0BH2 - Z8-231251535-0AD,15-06-2023 18:38,Verified,6SR5502-2HB38-0BH2,Z8-231251535-0AD,Jindal Steel Odisha Ltd.,"IN-Angul-At/P.O. Jindal Nagar, Nisa SH-63, Chhendipada Rd.","PH GH180, air cooled"
IB-60505863,6SR5502-2HG43-0BH2 - Z8-231451590-072,15-06-2023 19:22,Verified,6SR5502-2HG43-0BH2,Z8-231451590-072,Arcelormittal Nippon Steel India Ltd.,"IN-Keonjhar-Beneficiation Plant,","PH GH180, air cooled"
IB-57239995,6SR5502-5ND42-0BH2-Z8-225150844-060,03-04-2023 12:24,Verified,6SR5502-5ND42-0BH2,Z8-225150844-060,Century Panels Ltd.,"IN -Industrial Park, Gopavaram YSR Kadapa","PH GH180, air cooled"
IB-17446798,1RQ15648IJ70Z - 65048002,06-10-2022 17:13,Verified,1RQ15648IJ70Z,65048002,Hindustan Zinc Ltd.,"IN-Rajsamand-Sindesar Khurd Mines, Po Dariba Mana","Motors HV A-compact+ (async., Non-Ex)"
IB-42476321,1MS4350-6AN70-Z - N-MN1606162010001,06-10-2022 22:13,Verified,1MS4350-6AN70-Z,N-MN1606162010001,Boldrocchi India Pvt. Ltd.,"IN-Kanchipuram-B 56 & 57, Sipcot Indl. Park",Motors HV H-compact (Ex)
IB-42476363,1MS4350-6AN70-Z - N-MN1606162011002,06-10-2022 22:13,Verified,1MS4350-6AN70-Z,N-MN1606162011002,Boldrocchi India Pvt. Ltd.,"IN-Kanchipuram-B 56 & 57, Sipcot Indl. Park",Motors HV H-compact (Ex)
IB-42476342,1MS4350-6AN70-Z - N-MN1606162011001,06-10-2022 22:13,Verified,1MS4350-6AN70-Z,N-MN1606162011001,Boldrocchi India Pvt. Ltd.,"IN-Kanchipuram-B 56 & 57, Sipcot Indl. Park",Motors HV H-compact (Ex)
IB-42481458,1NA1458-2AA60-0AC0-Z - N-N11601842010001,06-10-2022 22:13,Verified,1NA1458-2AA60-0AC0-Z,N-N11601842010001,Kudankulam Atomic Power Plant,"IN-Kudankulam-10/11, Jawahar Street",Motors HV Innomotics HV C (Non-Ex)
IB-42583961,6SR4502-0CE41-2BH0 - Z8-174640305-003,06-10-2022 22:13,Active,6SR4502-0CE41-2BH0,Z8-174640305-003,Gladstone Area Water Board,IN - GAWB Toolooa,"PH GH180, air cooled"
IB-42584970,6SR4502-0CE41-2BH0 - Z8-174640305-001,06-10-2022 22:13,Active,6SR4502-0CE41-2BH0,Z8-174640305-001,Gladstone Area Water Board,IN - GAWB Toolooa,"PH GH180, air cooled"
IB-42602250,6SR4502-0CE41-2BH0 - Z8-174640305-002,06-10-2022 22:13,Active,6SR4502-0CE41-2BH0,Z8-174640305-002,Gladstone Area Water Board,IN - GAWB Toolooa,"PH GH180, air cooled"
IB-37258319,6SR5502-2HE42-0BH1 - Z8-194351548-872,07-10-2022 04:16,Verified,6SR5502-2HE42-0BH1,Z8-194351548-872,Bhushan Power & Steel Ltd.,"IN-Sambalpur-Village Thelkoloi PO Lapanga Tehshill Rengali, District","PH GH180, air cooled"
IB-37258782,6SR5502-2HE42-0BH1 - Z8-194451548-234,07-10-2022 04:16,Verified,6SR5502-2HE42-0BH1,Z8-194451548-234,Bhushan Power & Steel Ltd.,"IN-Sambalpur-Village Thelkoloi PO Lapanga Tehshill Rengali, District","PH GH180, air cooled"
IB-36193887,6SR4502-2HD41-5BH1 - Z8-193544504-566,07-10-2022 05:46,Verified,6SR4502-2HD41-5BH1,Z8-193544504-566,JSW Steel Ltd.,"IN-Raigad-Dolvi Geetapuram, Taluka Pen","PH GH180, air cooled"
IB-20071498,6SL3956-6YX03-0AA0 - N-K2063603-00009,07-10-2022 07:19,Verified,6SL3956-6YX03-0AA0,N-K2063603-00009,Bharat Heavy Electricals Ltd.,IN-Bangalore-Mysore Rd.,Miscellaneous
IB-20262436,6SL3956-6YX03-0AA0 - N-K3133603-00002,07-10-2022 07:19,Verified,6SL3956-6YX03-0AA0,N-K3133603-00002,Bharat Heavy Electricals Ltd.,IN-Bangalore-Mysore Rd.,Miscellaneous
IB-37875361,6SR4502-2HG43-0BH1 - Z8-194744507-734,07-10-2022 08:21,Verified,6SR4502-2HG43-0BH1,Z8-194744507-734,Birla Corporation Ltd.,IN-Satna-Post Office Birla Vikas,"PH GH180, air cooled"
IB-37875854,6SR4502-2HG43-0BH1 - Z8-194744507-803,07-10-2022 08:21,Verified,6SR4502-2HG43-0BH1,Z8-194744507-803,Birla Corporation Ltd.,IN-Satna-Post Office Birla Vikas,"PH GH180, air cooled"
IB-50830328,6SR5502-2HE42-2BH2 - Z8-220851548-1FA,07-10-2022 09:18,Active,6SR5502-2HE42-2BH2,Z8-220851548-1FA,Siemens Ltd.,"IN-Navi Mumbai-Thane Belapur Rd., Airoli","PH GH180, air cooled"
IB-50818450,6SR5502-2HE42-2BH2 - Z8-220851548-1A8,07-10-2022 09:18,Active,6SR5502-2HE42-2BH2,Z8-220851548-1A8,Siemens Ltd.,"IN-Navi Mumbai-Thane Belapur Rd., Airoli","PH GH180, air cooled"
IB-50829964,6SR5502-2HC41-2BH2 - Z8-220951540-086,07-10-2022 09:18,Verified,6SR5502-2HC41-2BH2,Z8-220951540-086,JSW Steel Ltd.,"IN-Tamilnadu-Pottaneri P.O., Mecheri, Mettur Taluk,","PH GH180, air cooled"
IB-52926150,6SR5502-2HE42-2BH2 - Z8-222251548-149,07-10-2022 10:44,Verified,6SR5502-2HE42-2BH2,Z8-222251548-149,JSW Vijayanagar Metallics Ltd.,"IN-Bellary-P.O. Vidyanagar,","PH GH180, air cooled"
IB-52914504,6SR5502-2HE42-2BH2 - Z8-222251548-148,07-10-2022 10:44,Verified,6SR5502-2HE42-2BH2,Z8-222251548-148,JSW Vijayanagar Metallics Ltd.,"IN-Bellary-P.O. Vidyanagar,","PH GH180, air cooled"
IB-38449477,6SR4802-2HB36-0BH1 - STB3K0381PHG4600,07-10-2022 14:07,Verified,6SR4802-2HB36-0BH1,STB3K0381PHG4600,ACC Ltd.,"IN-Katni-Kymore Cement Works, P.O. Kymore","PH GH180, air cooled"
IB-12199774,A5E35767938 - STB-04F0190-PH-MVD,08-10-2022 12:02,Verified,A5E35767938,STB-04F0190-PH-MVD,Adani Power (Mundra) Ltd.,"IN-Mundra-Mundra Thermal Power Project, Adani Power SEZ","PH GH180, air cooled"
IB-12200662,A5E33347026 - STB06W0112-PH-MVD,08-10-2022 12:02,Verified,A5E33347026,STB06W0112-PH-MVD,Kamachi Industries Ltd.,"IN-Gummidipoondi-Survey No. 86, 115-119,123","PH GH180, air cooled"
IB-12200663,A5E33352056 - STB06W0114-PH-MVD,08-10-2022 12:02,Verified,A5E33352056,STB06W0114-PH-MVD,Kamachi Industries Ltd.,"IN-Gummidipoondi-Survey No. 86, 115-119,123","PH GH180, air cooled"
IB-12200664,A5E33390157 - STB06W0116-PH-MVD,08-10-2022 12:02,Verified,A5E33390157,STB06W0116-PH-MVD,Kamachi Industries Ltd.,"IN-Gummidipoondi-Survey No. 86, 115-119,123","PH GH180, air cooled"
IB-12200665,A5E33390193 - STB06W0117-PH-MVD,08-10-2022 12:02,Verified,A5E33390193,STB06W0117-PH-MVD,Kamachi Industries Ltd.,"IN-Gummidipoondi-Survey No. 86, 115-119,123","PH GH180, air cooled"
IB-12200666,A5E33352089 - STB05W0104-PH-MVD,08-10-2022 12:02,Verified,A5E33352089,STB05W0104-PH-MVD,Kamachi Industries Ltd.,"IN-Gummidipoondi-Survey No. 86, 115-119,123","PH GH180, air cooled"
IB-12200667,A5E33352095 - STB05W0109-PH-MVD,08-10-2022 12:02,Verified,A5E33352095,STB05W0109-PH-MVD,Kamachi Industries Ltd.,"IN-Gummidipoondi-Survey No. 86, 115-119,123","PH GH180, air cooled"
IB-12202035,A5E35344431 - STB2F0179PHMVD,08-10-2022 12:02,Verified,A5E35344431,STB2F0179PHMVD,Crescent Power Ltd.,"IN-Bardhaman-P S Barabani, Asansol","PH GH180, air cooled"
IB-12202037,A5E35357596 - STB3F0181PHMVD,08-10-2022 12:02,Verified,A5E35357596,STB3F0181PHMVD,Crescent Power Ltd.,"IN-Bardhaman-P S Barabani, Asansol","PH GH180, air cooled"
IB-16582744,1MV4716-7BS70-4AD0-Z - LDX/50001320,08-10-2022 12:05,Verified,1MV4716-7BS70-4AD0-Z,LDX/50001320,Oil And Natural Gas Corporation Ltd.,"IN-Surat-Hazira Plant, PO ONGC Nagar",Motors HV Loher Tube Cooled (Ex flameproof)
IB-16711223,1DU1543-8AF02-Z - FQ1721515501,08-10-2022 12:06,Verified,1DU1543-8AF02-Z,FQ1721515501,NFC India Private Limited,"IN -NEW DELHI South Delhi-71-B, POCKET A-10, KALKAJI EXTENSIO",Generators HV Large Industry Generators
IB-16862597,6SR4802-2HE41-7BH1 - STBOJ0338PHG41750,08-10-2022 12:06,Verified,6SR4802-2HE41-7BH1,STBOJ0338PHG41750,Ultratech Cement Ltd.,"IN-Kutch-Unit Sewagram Cement Works Village Vayor, Taluka Abdasa","PH GH180, air cooled"
IB-16863574,1LA43524AM00Z - 3005150346,08-10-2022 12:06,Verified,1LA43524AM00Z,3005150346,Ultratech Cement Ltd.,"IN-Dhar-Dhar Cement Works, Village: Tonki, Tehsil: Manawar",Motors HV H-compact (Non-Ex)
IB-16863613,1LA43524AM00Z - N8/65007282,08-10-2022 12:06,Verified,1LA43524AM00Z,N8/65007282,Ultratech Cement Ltd.,"IN-Dhar-Dhar Cement Works, Village: Tonki, Tehsil: Manawar",Motors HV H-compact (Non-Ex)
IB-16905303,1RN46344HE90Z - J51507063010001,08-10-2022 12:06,Verified,1RN46344HE90Z,J51507063010001,Balaji Action Buildwell Pvt. Ltd.,"IN-Sitarganj-C-34(a), Eldeco Sidcul",Motors HV H-compact+ (Non-Ex)
IB-8812731,6SL3815-2LP41-4AA0-Z - N-FN5015565010001,08-10-2022 12:14,To be verified,6SL3815-2LP41-4AA0-Z,N-FN5015565010001,Reliance Industries Ltd.,IN-Jamnagar-Village Meghpar/Padana,"GM150 IGBT, water cooled"
IB-9151855,1LA4402-6AN70-Z - N8/64242218,08-10-2022 12:14,Verified,1LA4402-6AN70-Z,N8/64242218,Indian Metals & Ferro Alloys Ltd.,"IN-Cuttack-Po-Kapaleshwar, Choudwar",Motors HV H-compact (Non-Ex)
IB-9151856,1LA4402-6AN70-Z - N8/64242219,08-10-2022 12:14,Verified,1LA4402-6AN70-Z,N8/64242219,Indian Metals & Ferro Alloys Ltd.,"IN-Cuttack-Po-Kapaleshwar, Choudwar",Motors HV H-compact (Non-Ex)
IB-9145597,1LA4404-2FD70-Z - Screw Compressor-1,08-10-2022 12:14,Verified,1LA4404-2FD70-Z,Screw Compressor-1,Atlas Copco (India) Ltd.,"IN-Pune-S. No. 65/2 B, Gat No.1134/1,",Motors HV H-compact (Non-Ex)
IB-9145598,1LA4404-2FD70-Z - Screw Compressor-2,08-10-2022 12:14,Verified,1LA4404-2FD70-Z,Screw Compressor-2,Atlas Copco (India) Ltd.,"IN-Pune-S. No. 65/2 B, Gat No.1134/1,",Motors HV H-compact (Non-Ex)
IB-9145599,1LA4404-2FD70-Z - Screw Compressor-3,08-10-2022 12:14,Verified,1LA4404-2FD70-Z,Screw Compressor-3,Atlas Copco (India) Ltd.,"IN-Pune-S. No. 65/2 B, Gat No.1134/1,",Motors HV H-compact (Non-Ex)
IB-9145600,1LA4404-2FD70-Z - Screw Compressor-4,08-10-2022 12:14,Verified,1LA4404-2FD70-Z,Screw Compressor-4,Atlas Copco (India) Ltd.,"IN-Pune-S. No. 65/2 B, Gat No.1134/1,",Motors HV H-compact (Non-Ex)
IB-8827253,1PQ4502-6CM00-Z - N-V01206830010001,08-10-2022 12:14,Verified,1PQ4502-6CM00-Z,N-V01206830010001,JSW Steel Ltd.,"IN-Bellary-P.O. Vidyanagar,",Motors HV H-compact (Non-Ex)
IB-8827254,1PQ4502-6CM00-Z - N-V01206830010002,08-10-2022 12:14,Verified,1PQ4502-6CM00-Z,N-V01206830010002,JSW Steel Ltd.,"IN-Bellary-P.O. Vidyanagar,",Motors HV H-compact (Non-Ex)
IB-8827255,1PQ4502-6CM00-Z - N-V01206830010003,08-10-2022 12:14,Verified,1PQ4502-6CM00-Z,N-V01206830010003,JSW Steel Ltd.,"IN-Bellary-P.O. Vidyanagar,",Motors HV H-compact (Non-Ex)
IB-8827256,1PQ4502-6CM00-Z - N-V01206830010004,08-10-2022 12:14,Verified,1PQ4502-6CM00-Z,N-V01206830010004,JSW Steel Ltd.,"IN-Bellary-P.O. Vidyanagar,",Motors HV H-compact (Non-Ex)
IB-6238616,1LA4562-6CN40-Z - 3001278795,08-10-2022 13:38,Verified,1LA4562-6CN40-Z,3001278795,Simon India Ltd.,"IN-Mumbai-505, Raheja Chambers, Nariman Point Free Press Journal Rd.",Motors HV H-compact (Non-Ex)
IB-6238275,1LA470834AA10-Z - UD1005/1267609-002-25,08-10-2022 13:38,Verified,1LA470834AA10-Z,UD1005/1267609-002-25,Tata Steel Ltd.,"IN-Raigad-Isamba Phata, Post Sajgaon, Savroli",Motors HV H-compact (Non-Ex)
IB-6239808,ATKAN110PCN400 - 8415-5-4342/25301,08-10-2022 13:38,Verified,ATKAN110PCN400,8415-5-4342/25301,Rashtriya Ispat Nigam Ltd.,"IN-Visakhapatnam-Administrative Bldg. D Block, Visakapatnam Steel Plant,",Miscellaneous
IB-6239830,ZTNW1010 - 16235,08-10-2022 13:38,Verified,ZTNW1010,16235,MRF Ltd.,IN-Kottayam-Vadavathoor,Motors HV Special Motors (async.)
IB-6330504,1LA4450-4,08-10-2022 13:39,To be verified,1LA4450-4,,Bharathi Cement Company Limited,"IN-ANDHRA-MW Coal based Thermal Power Plant Nallalingaya Palli, Kamalapuram manda",Motors HV H-compact (Non-Ex)
IB-6316280,1LA4450-4 - BCCPL/KDP/MOT/001,08-10-2022 13:39,Verified,1LA4450-4,BCCPL/KDP/MOT/001,Bharathi Cement Corporation Pvt. Ltd.,IN-Kadapa-Nallalingayapalli Village Kamalapuram Mandal,Motors HV H-compact (Non-Ex)
IB-6328238,ANGA355LB-04P - 5149632,08-10-2022 13:39,Verified,ANGA355LB-04P,5149632,Asian Paints Ltd.,"IN-Rohtak-Plot No 1, Phase 1 Sector - 30 B",Motors HV Loher Vario (Non-Ex)
IB-6330787,1LA1134YA81 - 13122654879,08-10-2022 13:39,Verified,1LA1134YA81,13122654879,Goodwill Elektro Controls,"IN-Ludhiana-39/2, G.T. Rd. Miller Ganj",Motors HV H-compact (Non-Ex)
IB-6356113,1LA1652YC10 - 1310-2633075,08-10-2022 13:39,Verified,1LA1652YC10,1310-2633075,Gujarat Ambuja Exports Ltd.,"IN-Sabarkantha-No.1 Vrindavan Rd., Village Dalpur",Motors HV H-compact (Non-Ex)
IB-6359883,1LA1066YA80 - SDF/14012667167,08-10-2022 13:39,Verified,1LA1066YA80,SDF/14012667167,K Dhandapani and Company Ltd.,"IN-Bangalore-No 26, 4th Cross, N R Rd.",Motors HV H-compact (Non-Ex)
IB-6376553,1LA54024YAB71Z - 106018010001200,08-10-2022 13:39,Verified,1LA54024YAB71Z,106018010001200,JK Paper Ltd.,IN-Rayagada-Jaykaypur,Motors HV Others
IB-6202675,6SR3802-7NH44-5BH0 - STB03W0098-PH-MVD,08-10-2022 13:39,Verified,6SR3802-7NH44-5BH0,STB03W0098-PH-MVD,ACC Ltd.,IN-Dhanbad-P.O. ACC Colony,"PH GH180, air cooled"
IB-6378465,6SR3802-7NH44-0BH0 - STB02V0031-PH-MVD,08-10-2022 13:39,Verified,6SR3802-7NH44-0BH0,STB02V0031-PH-MVD,Godawari Power and Ispat Ltd.,"IN-Raipur-Plot No.428/2, Phase I, Indl. Area, Siltara","PH GH180, air cooled"
IB-6036510,1LA4354-6AN79 - SCPL/SAM/1LA4/004,08-10-2022 13:39,Verified,1LA4354-6AN79,SCPL/SAM/1LA4/004,Volta Impex Pvt. Ltd.,IN-Samalkot-4 - 324 G Ragampeta,Motors HV H-compact (Non-Ex)
IB-6031472,1LA4354-6AN79 - SCPP/SAM/1LA4/001,08-10-2022 13:39,Verified,1LA4354-6AN79,SCPP/SAM/1LA4/001,Volta Impex Pvt. Ltd.,IN-Samalkot-4 - 324 G Ragampeta,Motors HV H-compact (Non-Ex)
IB-6349378,6SL3951-6RC10-0BA0 - N-E35012950010001,08-10-2022 13:39,Verified,6SL3951-6RC10-0BA0,N-E35012950010001,Reliance Industries Ltd.,"IN-Surat-Surat-Hazira Rd., Village Mora",GL150 CU
IB-179518,1LA3402-4HE71-Z - N-1106618010001,08-10-2022 13:49,Verified,1LA3402-4HE71-Z,N-1106618010001,Dbv Cotton Mills Pvt. Ltd.,"IN-Coimbatore-Sf No 206, Narasimhanaickenpalayam.",Motors HV H-compact (Atlas Copco)
IB-477555,1DQ3837-8TT03 - D0850243201,08-10-2022 13:51,Verified,1DQ3837-8TT03,D0850243201,Jindal Stainless Steelway Ltd.,"IN-Gurgaon-64- 65, 2nd Floor, Udyog Vihar Phase - IV","Motors HV Milling Motors (sync., small)"
IB-480623,1DZ2071-8AF03 - D1031627901,08-10-2022 13:52,Verified,1DZ2071-8AF03,D1031627901,Arcelormittal Nippon Steel India Ltd.,"IN-Hazira-27Km, Surat Hazira Rd., Surat","Motors HV H-modyn (sync., salient pole)"
IB-484217,6SL3810-2LP37-0AA1 - N-AN1292212010001,08-10-2022 13:52,Verified,6SL3810-2LP37-0AA1,N-AN1292212010001,Steel Authority of India Ltd.,IN-Bhilai-Bhilai Steel Plant District,"GM150 IGBT, air cooled"
IB-43169292,6SR5502-2HB37-0BH1 - Z8-205151535-224,08-10-2022 14:07,Verified,6SR5502-2HB37-0BH1,Z8-205151535-224,B L A Power Pvt. Ltd.,"IN-Narsinghpur-Village Newari, Khursipar","PH GH180, air cooled"
IB-43156992,6SR5502-2HB37-0BH1 - Z8-205151535-350,08-10-2022 14:07,Verified,6SR5502-2HB37-0BH1,Z8-205151535-350,B L A Power Pvt. Ltd.,"IN-Narsinghpur-Village Newari, Khursipar","PH GH180, air cooled"
IB-42638537,6SR3502-6HE42-4BH0 - Z8-140430605-041,08-10-2022 14:25,Verified,6SR3502-6HE42-4BH0,Z8-140430605-041,Tata Steel BSL Ltd.,"IN-Dhenkanal-Narendra Pur. P.O Shibapur,","PH GH180, air cooled"
IB-42641692,1LA45626EN70Z - N8/64364672,08-10-2022 14:25,Verified,1LA45626EN70Z,N8/64364672,Steel Authority of India Ltd.,IN-Rourkela-Rourkela Steel Plant,Motors HV H-compact (Non-Ex)
IB-43173543,6SR4502-0CF41-5BH0 - Z8-210240306-747,08-10-2022 14:40,Verified,6SR4502-0CF41-5BH0,Z8-210240306-747,MB Power (Madhya Pradesh) Ltd.,"IN-Anuppur-Laharpur, Jaithari","PH GH180, air cooled"
IB-44464501,6SR4502-2HD41-7BG0 - Z8-211640504-001,08-10-2022 14:41,Active,6SR4502-2HD41-7BG0,Z8-211640504-001,Roy Hill Iron Ore Pty Ltd,IN - Roy Hill,"PH GH180, air cooled"
IB-39430740,6SR5502-2HD41-5BH1 - Z8-200451544-021,08-10-2022 15:07,Verified,6SR5502-2HD41-5BH1,Z8-200451544-021,Tata Steel Ltd.,IN-Jamshedpur-P.O. Bistupur,"PH GH180, air cooled"
IB-39434247,6SR5502-2HD41-5BH1 - Z8-200451544-019,08-10-2022 15:07,Verified,6SR5502-2HD41-5BH1,Z8-200451544-019,Tata Steel Ltd.,IN-Jamshedpur-P.O. Bistupur,"PH GH180, air cooled"
IB-39434399,6SR5502-2HD41-5BH1-Z8-200451544-020,08-10-2022 15:07,Verified,6SR5502-2HD41-5BH1,Z8-200451544-020,Tata Steel Ltd.,IN-Jamshedpur-P.O. Bistupur,"PH GH180, air cooled"
IB-39430893,6SR4502-0CB34-0BH0 - Z8-200740302-014,08-10-2022 15:07,Verified,6SR4502-0CB34-0BH0,Z8-200740302-014,Tata Steel Ltd.,IN-Jamshedpur-P.O. Bistupur,"PH GH180, air cooled"
IB-39432813,6SR5502-2HF42-2BH1 - Z8-200751552-008,08-10-2022 15:07,Verified,6SR5502-2HF42-2BH1,Z8-200751552-008,Tata Steel Ltd.,IN-Jamshedpur-P.O. Bistupur,"PH GH180, air cooled"
IB-39433010,6SR5502-2HF42-2BH1 - Z8-200751552-009,08-10-2022 15:07,Verified,6SR5502-2HF42-2BH1,Z8-200751552-009,Tata Steel Ltd.,IN-Jamshedpur-P.O. Bistupur,"PH GH180, air cooled"
IB-24957418,1PQ45026CM00Z - N8/64800691,08-10-2022 20:40,Verified,1PQ45026CM00Z,N8/64800691,Shri Sai Priya Sugars Ltd.,"IN-Jamakhandi-Hipparagi - Maigur, Taluka Jamakhandi, Post Box No.10",Motors HV H-compact (Non-Ex)
IB-25382802,1PQ45026CM00Z - N8/65123450,08-10-2022 20:40,Verified,1PQ45026CM00Z,N8/65123450,The Seksaria Biswan Sugar Factory Ltd.,IN-Sitapur-Po Biwan,Motors HV H-compact (Non-Ex)
IB-31070671,1PQ45006CM00Z - N8/65098688,08-10-2022 21:04,Verified,1PQ45006CM00Z,N8/65098688,Ultratech Cement Ltd.,"IN-Chandrapur-P.O. Awarpur Cement Project,",Motors HV H-compact (Non-Ex)
IB-35595172,6SR4502-2HB38-0BH1 - Z8-193044502-300,08-10-2022 21:04,Verified,6SR4502-2HB38-0BH1,Z8-193044502-300,Tata Steel Ltd.,IN-Jamshedpur-P.O. Bistupur,"PH GH180, air cooled"
IB-30022729,1DQ5751-8DT12-Z - D1750259402,08-10-2022 21:42,Verified,1DQ5751-8DT12-Z,D1750259402,JSW Steel Ltd.,"IN-Raigarh-Survey No. 96/1, 96/2 97/0 Village Khar Karavi, Taluka Pen","Motors HV Milling Motors (sync., large)"
IB-30029584,6SL3810-2LP35-3AA1-Z - N-K91529994080001,08-10-2022 21:43,Verified,6SL3810-2LP35-3AA1-Z,N-K91529994080001,JSW Steel Ltd.,"IN-Raigarh-Survey No. 96/1, 96/2 97/0 Village Khar Karavi, Taluka Pen","GM150 IGBT, air cooled"
IB-30461836,6SL3810-2LP35-3AA1-Z - N-K91529994081001,08-10-2022 21:43,Verified,6SL3810-2LP35-3AA1-Z,N-K91529994081001,JSW Steel Ltd.,"IN-Raigarh-Survey No. 96/1, 96/2 97/0 Village Khar Karavi, Taluka Pen","GM150 IGBT, air cooled"
IB-30462652,6SL3810-2LP35-3AA1-Z - N-K91529994082001,08-10-2022 21:43,Verified,6SL3810-2LP35-3AA1-Z,N-K91529994082001,JSW Steel Ltd.,"IN-Raigarh-Survey No. 96/1, 96/2 97/0 Village Khar Karavi, Taluka Pen","GM150 IGBT, air cooled"
IB-30278286,6SL3000OCE363AA0 - JKT11100648003,08-10-2022 21:43,Verified,6SL3000OCE363AA0,JKT11100648003,Naraiuran Controls (India) Pvt. Ltd.,"IN-Coimbatore-No. 31, S.R. Lakshmanan Nagar,",Miscellaneous (F)
IB-30624153,6SR3102-7HJ45-0BG0-Z - N-L11553092010001,08-10-2022 21:43,Verified,6SR3102-7HJ45-0BG0-Z,N-L11553092010001,Goodyear South Asia Tyres Pvt. Ltd.,"IN-Aurangabad-H-18, MIDC, Waluj","PH GH180, air cooled"
IB-24199633,31800002 - 5625545,08-10-2022 22:20,Verified,31800002,5625545,Hindustan Petroleum Corporation Ltd.,IN-Jaipur-D-7 Lal Bahadur Nagar(E) JLN Marg.,"PH GH180, air cooled"
IB-24199635,31800002 - 5986909,08-10-2022 22:20,Verified,31800002,5986909,Hindustan Petroleum Corporation Ltd.,IN-Jaipur-D-7 Lal Bahadur Nagar(E) JLN Marg.,"PH GH180, air cooled"
IB-23787954,6SR4502-2HE42-2BH1 - Z8-183044505-109,08-10-2022 22:32,Verified,6SR4502-2HE42-2BH1,Z8-183044505-109,ITC Ltd.,IN-Secunderabad-106 Sardar Patel Rd.,"PH GH180, air cooled"
IB-24074560,1PS5407-7BJ70-4BA0-Z - LDX/50001670,08-10-2022 22:33,Verified,1PS5407-7BJ70-4BA0-Z,LDX/50001670,Brahmaputra Cracker And Polymer Ltd.,"IN-Dibrugarh-BCPL Project Site, Lepetkata",Motors HV Loher Vario (Ex flameproof)
IB-24108273,6SR4502-5ND42-2BH1 - Z8-183343804-012,08-10-2022 22:33,Verified,6SR4502-5ND42-2BH1,Z8-183343804-012,J. K. Cement Ltd.,"IN-Chittorgarh-Kailash Nagar - 1, Nimbahera","PH GH180, air cooled"
IB-24256099,6SR4802-2ND41-5FH1-STB1K0363PHG41500,08-10-2022 22:33,Verified,6SR4802-2ND41-5FH1,STB1K0363PHG41500,The Admiral Superintendent Naval Dockyard (Mumbai),IN-Mumbai-Shahid Bhagat Singh Rd.,"PH GH180, air cooled"
IB-24256100,6SR4802-2ND41-5FH1-STB1K0362PHG41500,08-10-2022 22:33,Verified,6SR4802-2ND41-5FH1,STB1K0362PHG41500,The Admiral Superintendent Naval Dockyard (Mumbai),"IN-Mumbai-Shahid Bhagat Singh Marg Fort, Maharashtra","PH GH180, air cooled"
IB-24256101,6SR4802-2NC41-0FH1-STB1K0364PHG41000,08-10-2022 22:33,Verified,6SR4802-2NC41-0FH1,STB1K0364PHG41000,Indian Navy,"IN-Mumbai-Shahid Bhagat Singh Marg Fort, Maharashtra","PH GH180, air cooled"
IB-24256102,6SR4802-2NC41-0FH1-STB1K0367PHG41000,08-10-2022 22:33,Verified,6SR4802-2NC41-0FH1,STB1K0367PHG41000,Indian Navy,"IN-Mumbai-Shahid Bhagat Singh Marg Fort, Maharashtra","PH GH180, air cooled"
IB-24256103,6SR4802-2NC41-0FH1-STB1K0366PHG41000,08-10-2022 22:33,Verified,6SR4802-2NC41-0FH1,STB1K0366PHG41000,Indian Navy,"IN-Mumbai-Shahid Bhagat Singh Marg Fort, Maharashtra","PH GH180, air cooled"
IB-24256104,6SR4802-2NC41-0FH1 - STB1K0365PHG41000,08-10-2022 22:33,Verified,6SR4802-2NC41-0FH1,STB1K0365PHG41000,The Admiral Superintendent Naval Dockyard (Mumbai),IN-Mumbai-Shahid Bhagat Singh Rd.,"PH GH180, air cooled"
IB-24257776,1RQ1454-2 - N8/64991759,08-10-2022 22:33,Verified,1RQ1454-2,N8/64991759,RSPL Ltd.,"IN-Jamnagar-Survey No.471, Nr. Marvelore Mining And Allied Industries Pvt. Ltd.","Motors HV H-modul (async., Non-Ex)"
IB-24257785,1RQ1454-2 - N8/64992202,08-10-2022 22:33,Verified,1RQ1454-2,N8/64992202,RSPL Ltd.,"IN-Jamnagar-Survey No.471, Nr. Marvelore Mining And Allied Industries Pvt. Ltd.","Motors HV H-modul (async., Non-Ex)"
IB-24257786,1RQ1454-2 - N8/64983794,08-10-2022 22:33,Verified,1RQ1454-2,N8/64983794,RSPL Ltd.,"IN-Jamnagar-Survey No.471, Nr. Marvelore Mining And Allied Industries Pvt. Ltd.","Motors HV H-modul (async., Non-Ex)"
IB-17964291,6SR4502-5NE44-0BH0 - Z8-152340805-199,09-10-2022 00:59,Verified,6SR4502-5NE44-0BH0,Z8-152340805-199,Nu Vista Ltd.,"IN-Baloda Bazar-Village & Post Risda,","PH GH180, air cooled"
IB-9274848,6SL3951-0RC10-0BA0-Z - Drive-01,15-06-2023 14:11,Verified,6SL3951-0RC10-0BA0-Z,Drive-01,Hindustan Petroleum Corporation Ltd.,"IN-Visakhapatnam-HPCL, Viskha Refinery, PB # 15,",GL150 CU
IB-60057534,6SR5502-2HC41-0FH2 - Z8-231151540-0AB,15-06-2023 18:15,Verified,6SR5502-2HC41-0FH2,Z8-231151540-0AB,Jindal Stainless Ltd.,IN-Jajpur-Jajpur Rd.,"PH GH180, air cooled"
IB-55382623,DVY:R_ROT_TV - DVY/16452971001,20-01-2023 20:10,Active,DVY:R_ROT_TV,DVY/16452971001,Tata Steel BSL Ltd.,"IN-Dhenkanal-Narendra Pur. P.O Shibapur, Village Meramandali District Dhenkanal",Miscellaneous
IB-12119662,1LA4316-4AN70-Z - 64270949,08-10-2022 11:58,Verified,1LA4316-4AN70-Z,64270949,Bharat Oman Refineries Ltd.,IN-Bina-Bina Refinery,Motors HV H-compact (Non-Ex)
IB-12119663,1LA4316-4AN70-Z - 64270715,08-10-2022 11:58,Verified,1LA4316-4AN70-Z,64270715,Bharat Oman Refineries Ltd.,IN-Bina-Bina Refinery,Motors HV H-compact (Non-Ex)
IB-12119664,1LA4316-4AN70-Z - 64270948,08-10-2022 11:58,Verified,1LA4316-4AN70-Z,64270948,Bharat Oman Refineries Ltd.,IN-Bina-Bina Refinery,Motors HV H-compact (Non-Ex)
IB-12119665,1LA4316-4AN70-Z - 64270950,08-10-2022 11:58,Verified,1LA4316-4AN70-Z,64270950,Bharat Oman Refineries Ltd.,IN-Bina-Bina Refinery,Motors HV H-compact (Non-Ex)
IB-12119666,1LA4316-4AN70-Z - 64270951,08-10-2022 11:58,Verified,1LA4316-4AN70-Z,64270951,Bharat Oman Refineries Ltd.,IN-Bina-Bina Refinery,Motors HV H-compact (Non-Ex)
IB-7787223,1LA4504-6CM00-Z - N-F11438440030001,08-10-2022 12:14,Verified,1LA4504-6CM00-Z,N-F11438440030001,OCL Iron and Steel Ltd.,"IN-Rajgangpur-Village, Lamloi, P.O. Garvana",Motors HV H-compact (Non-Ex)
IB-7787224,1LA4504-6CM00-Z - N-F11438440040001,08-10-2022 12:14,Verified,1LA4504-6CM00-Z,N-F11438440040001,OCL Iron and Steel Ltd.,"IN-Rajgangpur-Village, Lamloi, P.O. Garvana",Motors HV H-compact (Non-Ex)
IB-7829562,1LA4504-6CM00-Z - N-ED1438439010001,08-10-2022 12:14,Verified,1LA4504-6CM00-Z,N-ED1438439010001,OCL Iron and Steel Ltd.,"IN-Rajgangpur-Village, Lamloi, P.O. Garvana",Motors HV H-compact (Non-Ex)
IB-11224665,1LA44542CN90Z - 1823501-100-003,08-10-2022 12:20,Verified,1LA44542CN90Z,1823501-100-003,Bombay Rayon Fashions Ltd.,"IN-Thane-C - 7, Tarapur Indl. Estate, Near Tarapur Vidya Mandir",Motors HV H-compact (Non-Ex)
IB-7345319,1DW5438-7FE62-Z - D8425109401,08-10-2022 12:20,Verified,1DW5438-7FE62-Z,D8425109401,Oil And Natural Gas Corporation Ltd.,IN-Mumbai-Plot No. C 69 A & B G Block,Motors HV Others
IB-7345320,1DW5438-7FE62-Z - D8425109402,08-10-2022 12:20,Verified,1DW5438-7FE62-Z,D8425109402,Oil And Natural Gas Corporation Ltd.,IN-Mumbai-Plot No. C 69 A & B G Block,Motors HV Others
IB-7345321,1DW5438-7FE62-Z - D8425109403,08-10-2022 12:20,Verified,1DW5438-7FE62-Z,D8425109403,Oil And Natural Gas Corporation Ltd.,IN-Mumbai-Plot No. C 69 A & B G Block,Motors HV Others
IB-7345323,1DW5438-7FE62-Z - D8425109404,08-10-2022 12:20,Verified,1DW5438-7FE62-Z,D8425109404,Oil And Natural Gas Corporation Ltd.,IN-Mumbai-Plot No. C 69 A & B G Block,Motors HV Others
IB-7662957,1DW5438-7FE62-Z - D8325108801,08-10-2022 12:20,Verified,1DW5438-7FE62-Z,D8325108801,Oil And Natural Gas Corporation Ltd.,IN-Mumbai-Plot No. C 69 A & B G Block,Motors HV Others
IB-7662958,1DW5438-7FE62-Z - D8325108802,08-10-2022 12:20,Verified,1DW5438-7FE62-Z,D8325108802,Oil And Natural Gas Corporation Ltd.,IN-Mumbai-Plot No. C 69 A & B G Block,Motors HV Others
IB-7662959,1DW5438-7FE62-Z - D8325108803,08-10-2022 12:20,Verified,1DW5438-7FE62-Z,D8325108803,Oil And Natural Gas Corporation Ltd.,IN-Mumbai-Plot No. C 69 A & B G Block,Motors HV Others
IB-11327779,6SR4802-5HB37-0FH1 - STB9H0242PHG4700,08-10-2022 12:21,Verified,6SR4802-5HB37-0FH1,STB9H0242PHG4700,ACC Ltd.,"IN-Sultanpur-Tikaria Cement Works,","PH GH180, air cooled"
IB-11368607,1RQ14522JA9OZ - 64462611,08-10-2022 12:21,Verified,1RQ14522JA9OZ,64462611,Atlas Copco Compressor Sales,IN-Mumbai-Mahatma Gandhi Memorial Bldg.,"Motors HV A-compact+ (async., Non-Ex)"
IB-11371641,1MG4562-4DN90-Z - N-HD1494701030001,08-10-2022 12:21,Verified,1MG4562-4DN90-Z,N-HD1494701030001,Rashtriya Chemicals And Fertilizers Ltd. (Govt Of India Undertaking),"IN-Mumbai-Administrative Bldg., Mahul Rd., Chembur",Motors HV H-compact (Ex)
IB-11371696,1MG4562-4DN90-Z - N-HD1494701040001,08-10-2022 12:21,Verified,1MG4562-4DN90-Z,N-HD1494701040001,Rashtriya Chemicals And Fertilizers Ltd. (Govt Of India Undertaking),"IN-Mumbai-Administrative Bldg., Mahul Rd., Chembur",Motors HV H-compact (Ex)
IB-588814,6SR3502-0HF41-2BH0 - 31501000954,08-10-2022 13:34,Verified,6SR3502-0HF41-2BH0,31501000954,TATA STEEL LTD,IN-Orissa --Kalinga Nagar,"PH GH180, air cooled"
IB-588815,6SR3502-0HF41-2BH0 - 31501000955,08-10-2022 13:34,Verified,6SR3502-0HF41-2BH0,31501000955,TATA STEEL LTD,IN-Orissa --Kalinga Nagar,"PH GH180, air cooled"
IB-588311,6SB2015-5UP51-7KA0 - N-V226424300099,08-10-2022 13:36,Verified,6SB2015-5UP51-7KA0,N-V226424300099,Tata Steel Ltd.,IN-Jamshedpur-General Office Bldg. Near Bistupur,SIMOVERT S
IB-588326,6SC84358UN418BA0SNN - LD-U-unknown-0000003066,08-10-2022 13:36,Verified,6SC84358UN418BA0SNN,LD-U-unknown-0000003066,Jindal Industries Pvt. Ltd.,"IN-Hissar-Delhi Rd., Model Town",SIMOVERT ML2
IB-588327,6SC84358UN418BA0SNN - LD-U-unknown-0000003067,08-10-2022 13:36,Verified,6SC84358UN418BA0SNN,LD-U-unknown-0000003067,Jindal Industries Pvt. Ltd.,"IN-Hissar-Delhi Rd., Model Town",SIMOVERT ML2
IB-588598,3000618471 - 31500705.00,08-10-2022 13:36,Verified,3000618471,31500705.00,Salem Steel Plant,IN-Salem-Main Rd.,"PH GH180, air cooled"
IB-588599,3000618471 - 31500705.01,08-10-2022 13:36,Verified,3000618471,31500705.01,Salem Steel Plant,IN-Salem-Main Rd.,"PH GH180, air cooled"
IB-588600,3000618471 - 31500705.02,08-10-2022 13:36,Verified,3000618471,31500705.02,Salem Steel Plant,IN-Salem-Main Rd.,"PH GH180, air cooled"
IB-588611,A5E02634888 - 31501000156,08-10-2022 13:36,Verified,A5E02634888,31501000156,Vedanta Ltd.,"IN -Lanjigarh-Alumina Refinery, Lanjigarh Via-Biswanathpur","PH GH180, air cooled"
IB-588612,A5E02634888 - 31501000157,08-10-2022 13:36,Verified,A5E02634888,31501000157,Vedanta Ltd.,"IN -Lanjigarh-Alumina Refinery, Lanjigarh Via-Biswanathpur","PH GH180, air cooled"
IB-588308,6SL3850-5UM21-0AA0 - NV51184560010001,08-10-2022 13:36,Verified,6SL3850-5UM21-0AA0,N-V51184560010001,MCPI Pvt. Ltd.,IN-Midnapore-Vill. & P.O. Bhuniaraichak,"GL150, air cooled"
IB-184936,1SL4632-4HY70-Z - N-1104988010001,08-10-2022 13:55,Verified,1SL4632-4HY70-Z,N-1104988010001,Reliance Industries Ltd.,IN-Jamnagar-Village Meghpar/Padana,Motors HV H-compact+ (Ex)
IB-562816,DHSL-355LM-04A - 5145834,08-10-2022 13:57,Verified,DHSL-355LM-04A,5145834,Indian Oil Corporation Ltd.,"IN-Panipat-Panipat Marketing Complex, Village",Motors HV Loher Vario (Ex flameproof)
IB-386930,DHSL-355LM-04A - 5145833,08-10-2022 13:57,Verified,DHSL-355LM-04A,5145833,Indian Oil Corporation Ltd.,"IN-Panipat-Panipat Marketing Complex, Village",Motors HV Loher Vario (Ex flameproof)
IB-559370,DHSW450LM02A - LD-M-unknown-0000004057,08-10-2022 13:58,Verified,DHSW450LM02A,LD-M-unknown-0000004057,Kirloskar Pneumatic Co. Ltd.,"IN-Sasvad-Saswad,S.No.606/1, 606/2A, Saswad Works,",Motors HV Loher Vario (Ex flameproof)
IB-387057,1TF5332-7FE72-Z - 1314038,08-10-2022 13:58,Verified,1TF5332-7FE72-Z,1314038,Tamilnadu Newsprint & Papers Ltd.,IN-Karur-Kagithapuram,Motors HV Others
IB-528272,1DQ4651-8DT03 - D1150249301,08-10-2022 14:00,Verified,1DQ4651-8DT03,D1150249301,Tata Steel Ltd.,IN-Jamshedpur-New Link Rd.,"Motors HV Milling Motors (sync., large)"
IB-41259163,6SR3802-6HE41-7BH0 - STB7H0225PHG31750,08-10-2022 15:11,Verified,6SR3802-6HE41-7BH0,STB7H0225PHG31750,Prism Cement,"IN-Village-Mankahari,P.O.Bhatia,Tehsil-Rampura baghelan,Dist-Satna,M.P SATANA","PH GH180, air cooled"
IB-41259161,6SR3802-6HE41-7BH0 - STB7H0226PHG31750,08-10-2022 15:11,Verified,6SR3802-6HE41-7BH0,STB7H0226PHG31750,Prism Cement,"IN-Village-Mankahari,P.O.Bhatia,Tehsil-Rampura baghelan,Dist-Satna,M.P SATANA","PH GH180, air cooled"
IB-39517882,6SR4802-2HB36-0BH1 - STB8J0306PHG4600,08-10-2022 15:19,Verified,6SR4802-2HB36-0BH1,STB8J0306PHG4600,One Time Customer,IN-Bangalore-No 206 206 Logos IInd Floor MG Rd,"PH GH180, air cooled"
IB-53732013,6SR5502-2HF43-0BH2 - Z8-222951552-18B,08-10-2022 15:26,Verified,6SR5502-2HF43-0BH2,Z8-222951552-18B,HPCL Rajasthan Refinery Ltd.,IN-Village Sajiyali Roopji-Barmer Rajasthan,"PH GH180, air cooled"
IB-53741237,6SR5502-2HF43-0BH2 - Z8-222951552-188,08-10-2022 15:26,Verified,6SR5502-2HF43-0BH2,Z8-222951552-188,HPCL Rajasthan Refinery Ltd.,IN-Village Sajiyali Roopji-Barmer Rajasthan,"PH GH180, air cooled"
IB-53738690,6SR5502-2HF43-0BH2 - Z8-222951552-189,08-10-2022 15:26,Verified,6SR5502-2HF43-0BH2,Z8-222951552-189,HPCL Rajasthan Refinery Ltd.,IN-Village Sajiyali Roopji-Barmer Rajasthan,"PH GH180, air cooled"
IB-53724298,6SR5502-2HC41-2BH2 - Z8-222751540-338,08-10-2022 15:26,Active,6SR5502-2HC41-2BH2,Z8-222751540-338,Siemens Ltd.,"IN-Navi Mumbai-Thane Belapur Rd., Airoli","PH GH180, air cooled"
IB-39956943,6SR4802-2HB36-0FH1 - STB2J0264PHG4600,08-10-2022 15:31,Verified,6SR4802-2HB36-0FH1,STB2J0264PHG4600,Tata Steel Ltd.,IN-Jamshedpur-P.O. Bistupur,"PH GH180, air cooled"
IB-53729071,6SR5502-2HB38-0BH2 - Z8-222751535-1B1,08-10-2022 15:32,Active,6SR5502-2HB38-0BH2,Z8-222751535-1B1,Siemens Ltd.,"IN-Navi Mumbai-Thane Belapur Rd., Airoli","PH GH180, air cooled"
IB-53732417,6SR5502-2HB38-0BH2 - Z8-222751535-1B2,08-10-2022 15:32,Active,6SR5502-2HB38-0BH2,Z8-222751535-1B2,Siemens Ltd.,"IN-Navi Mumbai-Thane Belapur Rd., Airoli","PH GH180, air cooled"
IB-23936665,6SR3502-6HE41-7BH0 - LDZ145010022001110,08-10-2022 22:20,Verified,6SR3502-6HE41-7BH0,LDZ145010022001110,JSW Steel Ltd.,"IN-Bellary-P.O. Vidyanagar,","PH GH180, air cooled"
IB-27756682,1MS4312-4DN00-Z - N-KD5020708010002,08-10-2022 23:15,Active,1MS4312-4DN00-Z,N-KD5020708010002,Flowserve India Controls Pvt. Ltd.,IN-Coimbatore-SF No.136/3 & 137 Myleripalayam Rd.,Motors HV H-compact (Ex)
IB-18987131,6SR4502-0DC38-0AJ0 - Z8-164840303-177,06-10-2022 14:34,Verified,6SR4502-0DC38-0AJ0,Z8-164840303-177,Dynepro Pvt. Ltd.,"IN-Tiruchirapalli-No.4, Dindigul Rd.,C and A Block Amalorpavi Complex,","PH GH180, air cooled"
IB-47887532,6SR5502-2HE42-0BH1 - Z8-213551548-37D,07-10-2022 03:15,Verified,6SR5502-2HE42-0BH1,Z8-213551548-37D,Hindustan Zinc Ltd.,IN-Bhilwara-Rampura Agucha Mines,"PH GH180, air cooled"
IB-48496096,1LA4401-2AN90-Z - N-K61542141030001,07-10-2022 04:24,Active,1LA4401-2AN90-Z,N-K61542141030001,Punjab Power Plant Jhang,IN -Bestimmungsland/Ctry of destination-Strasse fehlt,Motors HV H-compact (Non-Ex)
IB-48496121,1LA4401-2AN90-Z - N-K61542141030002,07-10-2022 04:24,Active,1LA4401-2AN90-Z,N-K61542141030002,Punjab Power Plant Jhang,IN -Bestimmungsland/Ctry of destination-Strasse fehlt,Motors HV H-compact (Non-Ex)
IB-48516243,1PQ4500-6CM90-Z - N-DN1399040010001,07-10-2022 04:25,To be verified,1PQ4500-6CM90-Z,N-DN1399040010001,DANIELI & C. OFFICINE,IN -.-Strasse fehlt,Motors HV H-compact (Non-Ex)
IB-48516308,1PQ4500-6CM90-Z - N-DN1399040010002,07-10-2022 04:25,To be verified,1PQ4500-6CM90-Z,N-DN1399040010002,DANIELI & C. OFFICINE,IN -.-Strasse fehlt,Motors HV H-compact (Non-Ex)
IB-48516426,1PQ4500-6CM90-Z - N-DN1399040015001,07-10-2022 04:25,To be verified,1PQ4500-6CM90-Z,N-DN1399040015001,DANIELI & C. OFFICINE,IN -.-Strasse fehlt,Motors HV H-compact (Non-Ex)
IB-48516367,1PQ4500-6CM90-Z - N-DN1399040010003,07-10-2022 04:25,To be verified,1PQ4500-6CM90-Z,N-DN1399040010003,DANIELI & C. OFFICINE,IN -.-Strasse fehlt,Motors HV H-compact (Non-Ex)
IB-48516537,1PQ4500-6CM90-Z - N-DN1399040015003,07-10-2022 04:25,To be verified,1PQ4500-6CM90-Z,N-DN1399040015003,DANIELI & C. OFFICINE,IN -.-Strasse fehlt,Motors HV H-compact (Non-Ex)
IB-48516482,1PQ4500-6CM90-Z - N-DN1399040015002,07-10-2022 04:25,To be verified,1PQ4500-6CM90-Z,N-DN1399040015002,DANIELI & C. OFFICINE,IN -.-Strasse fehlt,Motors HV H-compact (Non-Ex)
IB-49870134,TYZ:AN_MOTOR_H_FA - 3009072463-20,07-10-2022 05:33,Active,TYZ:AN_MOTOR_H_FA,3009072463-20,Siemens Limited,IN-Kalwa-Thane Belapur Road,Motors HV ANEMA
IB-49045754,A5E02606385 - 102252549,07-10-2022 06:49,Verified,A5E02606385,102252549,BEML Ltd.,"IN-Singrauli-Singrauli PB No.5,",Innomotics MV Drives
IB-49045755,A5E01511750 - 101924982,07-10-2022 06:49,Verified,A5E01511750,101924982,BEML Ltd.,"IN-Singrauli-Singrauli PB No.5,",Innomotics MV Drives
IB-38128516,6SR5502-2HB38-0BH1 - Z8-195051535-408,07-10-2022 08:00,Active,6SR5502-2HB38-0BH1,Z8-195051535-408,Siemens Limited,"IN-Bangalore-Ozone Many Tech Park,Block B,5th Fl No.56/18&55/9, G.B. Palya, Hosur Rd","PH GH180, air cooled"
IB-38178621,1RN15628RJ74Z1 - N8/65160489,07-10-2022 08:00,Verified,1RN15628RJ74Z1,N8/65160489,Megha Engineering & Infrastructures Ltd.,"IN-Ahmedabad-5th Floor, Megha House, Opp.","Motors HV A-compact+ (async., Non-Ex)"
IB-38176952,1RN15628RJ74Z1 - 65160486,07-10-2022 08:00,Verified,1RN15628RJ74Z1,65160486,Megha Engineering & Infrastructures Ltd.,"IN-Ahmedabad-5th Floor, Megha House, Opp.","Motors HV A-compact+ (async., Non-Ex)"
IB-37846451,1LA4452-4AN70-Z - N-LD1580791010001,07-10-2022 08:21,Active,1LA4452-4AN70-Z,N-LD1580791010001,Coal India Ltd.,IN -x-Strasse fehlt,Motors HV H-compact (Non-Ex)
IB-50823040,6SR5502-2HF42-5FH2 - Z8-220751552-135,07-10-2022 09:20,Verified,6SR5502-2HF42-5FH2,Z8-220751552-135,Prodair Air Products India Pvt. Ltd.,"IN-Pune-602, Pentagon 5, Magarpatta City,","PH GH180, air cooled"
IB-51117993,6SL3835-2LN43-6AA0-Z - SN-XN5003976031001,07-10-2022 09:40,Preliminary,6SL3835-2LN43-6AA0-Z,N-XN5003976031001,HPCL-Mittal Energy Ltd.,IN-Bathinda-Phullokari Village Talwandi Saboo,"GM150 IGCT, water cooled"
IB-51069064,1LA4316-4AN70-Z - 65077187,07-10-2022 09:40,Verified,1LA4316-4AN70-Z,65077187,NTPC Ltd.,"IN-Hazaribagh-1040 Pakri Barwadih, Chat Bariatu &",Motors HV H-compact (Non-Ex)
IB-51069065,1LA4316-4AN70-Z - 65075808,07-10-2022 09:40,Verified,1LA4316-4AN70-Z,65075808,NTPC Ltd.,"IN-Hazaribagh-1040 Pakri Barwadih, Chat Bariatu &",Motors HV H-compact (Non-Ex)
IB-51069066,1LA4316-4AN70-Z - 65076096,07-10-2022 09:40,Verified,1LA4316-4AN70-Z,65076096,NTPC Ltd.,"IN-Hazaribagh-1040 Pakri Barwadih, Chat Bariatu &",Motors HV H-compact (Non-Ex)
IB-51069067,1LA4400-4AN70-Z - 65080980,07-10-2022 09:40,Verified,1LA4400-4AN70-Z,65080980,NTPC Ltd.,"IN-Hazaribagh-1040 Pakri Barwadih, Chat Bariatu &",Motors HV H-compact (Non-Ex)
IB-51069062,6SR4802-2HA34-0BH1 - STB4K0394PHG4400,07-10-2022 09:52,Verified,6SR4802-2HA34-0BH1,STB4K0394PHG4400,NTPC Ltd.,"IN-Hazaribagh-1040 Pakri Barwadih, Chat Bariatu &","PH GH180, air cooled"
IB-53746280,6SR5502-2HF43-0BH2-Z8-222951552-18A,07-10-2022 15:41,Verified,6SR5502-2HF43-0BH2,Z8-222951552-18A,HPCL Rajasthan Refinery Ltd.,IN-Village Sajiyali Roopji-Barmer Rajasthan,"PH GH180, air cooled"
IB-53744666,6SR5502-2HC41-2BH2 - Z8-222751540-386,07-10-2022 15:41,Active,6SR5502-2HC41-2BH2,Z8-222751540-386,Siemens Ltd.,"IN-Navi Mumbai-Thane Belapur Rd., Airoli","PH GH180, air cooled"
IB-53337974,6SR4502-2AG43-2BH2 - Z8-222345507-1B4,07-10-2022 15:41,Verified,6SR4502-2AG43-2BH2,Z8-222345507-1B4,Goodyear India Ltd.,IN-Ballabhgarh-Ballabhgarh Plant,"PH GH180, air cooled"
IB-53331934,6SR4502-2AG43-2BH2 - Z8-222345507-1B3,07-10-2022 15:41,Verified,6SR4502-2AG43-2BH2,Z8-222345507-1B3,Goodyear India Ltd.,IN-Ballabhgarh-Ballabhgarh Plant,"PH GH180, air cooled"
IB-62813015,1L642234AA90-Z - AFQ0606/00593309,30-10-2023 21:56,Active,1L642234AA90-Z,AFQ0606/00593309,Saint-Gobain India Pvt. Ltd.,"IN-Kanakapura-Plot No  10-17,Kiadb Indl. Area",Innomotics MV Drives
IB-61131710,6SR5502-2HD41-6BH2 - Z8-231651544-0B0,30-10-2023 22:21,Verified,6SR5502-2HD41-6BH2,Z8-231651544-0B0,Jindal Coke Ltd.,IN-Jajpur-Jajpur Road 755026,"PH GH180, air cooled"
IB-61240371,6SR5502-5NS52-0BH2 - Z8-2319528PU-001,30-10-2023 22:38,Verified,6SR5502-5NS52-0BH2,Z8-2319528PU-001,Hindalco Industries Ltd.,IN-Bharuch-AT and Post Dahej Unit Birla Copper,"PH GH180, air cooled"
IB-62184244,6SR5502-2HB36-0BH2 - Z8-232251535-086,31-10-2023 00:12,Active,6SR5502-2HB36-0BH2,Z8-232251535-086,SIEMENS LARGE DRIVES INDIA PVT LTD,"IN -Navi Mumbai, Thane","PH GH180, air cooled"
IB-63870752,1NN1358-6AA00-3AA0-Z - N-R65033334010001,31-10-2023 00:26,Active,1NN1358-6AA00-3AA0-Z,N-R65033334010001,Sulzer Pumps India Pvt. Ltd.,"IN-Thane-Plot No. 9, Moirvali - M I D C,",Motors HV Innomotics HV C (Ex)
IB-65970830,1MS4350-4AN70-Z - N-R81657083010001,25-01-2024 21:10,Active,1MS4350-4AN70-Z,N-R81657083010001,Gail (India) Ltd.,IN-Auraiya-P.O.-Pata,Motors HV H-compact (Ex)
IB-66687657,6SL3850-5UP21-0AA0 - N-RD5033879010001,25-01-2024 21:34,Active,6SL3850-5UP21-0AA0,N-RD5033879010001,KNR Constructions Ltd.,"IN -Hyderabad-KNR House, 4th, Plot No 114","GL150, air cooled"
IB-57819848,1RN16344KJ70Z - KW220665329420,03-04-2023 12:35,Verified,1RN16344KJ70Z,KW220665329420,INOX Air Product Pvt. Ltd,"IN-Krishnagiri-Plot Nos.- 76, SIPCOT Phase-II Indl. Complex, Moranapalli, Hosur","Motors HV A-compact+ (async., Non-Ex)"
IB-57881440,6SR4802-2HB38-OBH1 - STB2J0266PHG4800,03-04-2023 12:36,Active,6SR4802-2HB38-OBH1,STB2J0266PHG4800,The Ramco Cements Ltd.,"IN-Ariyalur-Govindapuram, Sendurai Rd.","PH GH180, air cooled"
IB-57079508,1RQ1560-6IK90-Z - 65351877,21-01-2023 16:08,Verified,1RQ1560-6IK90-Z,65351877,Greenply Speciality Panels Pvt. Ltd.,"IN-Vadodara-Survey No.17/1, Savli Halol Rd.,","Motors HV A-compact+ (async., Non-Ex)"
IB-47790279,6SR5502-2HD41-7BH1 - 3005427169,07-10-2022 03:16,Verified,6SR5502-2HD41-7BH1,3005427169,The India Cements Ltd.,"IN-Chilamkur-Main Rd., Kadapa Dist",PERFECT HARMONY Components
IB-37569935,6SR4502-2HE42-0FH1 - Z8-194544505-710,07-10-2022 08:35,Active,6SR4502-2HE42-0FH1,Z8-194544505-710,Siemens Limited,"IN-Bangalore-Ozone Many Tech Park,Block B,5th Fl No.56/18&55/9, G.B. Palya, Hosur Rd","PH GH180, air cooled"
IB-37570330,6SR4502-2HE42-0FH1 - Z8-194544505-711,07-10-2022 08:35,Active,6SR4502-2HE42-0FH1,Z8-194544505-711,Siemens Limited,"IN-Bangalore-Ozone Many Tech Park,Block B,5th Fl No.56/18&55/9, G.B. Palya, Hosur Rd","PH GH180, air cooled"
IB-51069063,6SR4802-2HB37-0BH1 - STB5K0421PHG4700,07-10-2022 09:40,Verified,6SR4802-2HB37-0BH1,STB5K0421PHG4700,NTPC Ltd.,"IN-Hazaribagh-1040 Pakri Barwadih, Chat Bariatu &","PH GH180, air cooled"
IB-51069060,6SR4802-2HB36-0BH1 - STB5K0417PHG4600,07-10-2022 09:52,Verified,6SR4802-2HB36-0BH1,STB5K0417PHG4600,NTPC Ltd.,"IN-Hazaribagh-1040 Pakri Barwadih, Chat Bariatu &","PH GH180, air cooled"
IB-51069061,6SR4802-2HB36-0BH1 - STB5K0418PHG4600,07-10-2022 09:52,Verified,6SR4802-2HB36-0BH1,STB5K0418PHG4600,NTPC Ltd.,"IN-Hazaribagh-1040 Pakri Barwadih, Chat Bariatu &","PH GH180, air cooled"
IB-51070760,1RN6456-6FP90-Z - N-P31623325010001,07-10-2022 09:53,Verified,1RN6456-6FP90-Z,N-P31623325010001,Surya Global Flexifilms Pvt. Ltd.,IN-Noida-D-1 Sector 2,Motors HV Innomotics HV M (Non-Ex)
IB-53969551,6SR5502-2NH45-0BH2 - Z8-222951596-0DC,07-10-2022 15:44,Verified,6SR5502-2NH45-0BH2,Z8-222951596-0DC,Nuvoco Vistas Corporation Ltd.,"IN-Nimbol-Nimbol Village & Post Nimbol, Tehsil, Jaitaran-306308","PH GH180, air cooled"
IB-15781470,6SR3802-6NF42-5BH0 - STB9F-0201-PHG32250,08-10-2022 11:58,Verified,6SR3802-6NF42-5BH0,STB9F-0201-PHG32250,Indian Cane Power Ltd.,"IN-Bagalkot-Uttur Village, Taluk Mudhol","PH GH180, air cooled"
IB-16474979,6SR3802-6HB37-0BH0 - STB07T0018-PH-MVD,08-10-2022 11:58,Verified,6SR3802-6HB37-0BH0,STB07T0018-PH-MVD,ITC Limited - Paperboards & Specialty Papers Division,IN-Khammam District-Sarapaka Village,"PH GH180, air cooled"
IB-14505836,1PQ4564-6CW70-Z - N83003268787,08-10-2022 11:58,Verified,1PQ4564-6CW70-Z,N83003268787,Tega Industries (SEZ) Ltd.,"IN-Vagra-Plot No. Z/103/J Dahej Sez Phase - II, Taluka",Motors HV H-compact (Non-Ex)
IB-12732066,6SR3802-6HE42-0BH0 - STB11W0155-PH-MVD,08-10-2022 11:58,Verified,6SR3802-6HE42-0BH0,STB11W0155-PH-MVD,Oil India Ltd.,IN-Jorhat-Changeligaon Nh-37 Qtr No. Bx-1/2 Pump Station No.3,"PH GH180, air cooled"
IB-12732067,6SR3802-6HE42-0BH0 - STB11W0153-PH-MVD,08-10-2022 11:58,Verified,6SR3802-6HE42-0BH0,STB11W0153-PH-MVD,Oil India Ltd.,IN-Jorhat-Changeligaon Nh-37 Qtr No. Bx-1/2 Pump Station No.3,"PH GH180, air cooled"
IB-16752555,6SR3802-6HE42-0BH0 - STB6H0221PHG2000,08-10-2022 11:58,Verified,6SR3802-6HE42-0BH0,STB6H0221PHG2000,Electrosteel Steels Ltd.,"IN-Bokaro-Village Siyaljori, P.O. Jogidih, P.S. Chandankyari","PH GH180, air cooled"
IB-16864740,1PQ4564-6CM90-Z - 64367934,08-10-2022 11:58,Verified,1PQ4564-6CM90-Z,64367934,Rashtriya Ispat Nigam Ltd.,"IN-Visakhapatnam-Administrative Bldg. D Block, Visakapatnam Steel Plant,",Motors HV H-compact (Non-Ex)
IB-16864747,1PQ4564-6CM90-Z - 64386243,08-10-2022 11:58,Verified,1PQ4564-6CM90-Z,64386243,Rashtriya Ispat Nigam Ltd.,"IN-Visakhapatnam-Administrative Bldg. D Block, Visakapatnam Steel Plant,",Motors HV H-compact (Non-Ex)
IB-16864754,1PQ4564-6CM90-Z - 64386242,08-10-2022 11:58,Verified,1PQ4564-6CM90-Z,64386242,Rashtriya Ispat Nigam Ltd.,"IN-Visakhapatnam-Administrative Bldg. D Block, Visakapatnam Steel Plant,",Motors HV H-compact (Non-Ex)
IB-16864743,1PQ4564-6CM90-Z - 64367937,08-10-2022 11:58,Verified,1PQ4564-6CM90-Z,64367937,Rashtriya Ispat Nigam Ltd.,"IN-Visakhapatnam-Administrative Bldg. D Block, Visakapatnam Steel Plant,",Motors HV H-compact (Non-Ex)
IB-16864750,1PQ4564-6CM90-Z - 64386241,08-10-2022 11:58,Verified,1PQ4564-6CM90-Z,64386241,Rashtriya Ispat Nigam Ltd.,"IN-Visakhapatnam-Administrative Bldg. D Block, Visakapatnam Steel Plant,",Motors HV H-compact (Non-Ex)
IB-16864762,1PQ4564-6CM90-Z - 64367935,08-10-2022 11:58,Verified,1PQ4564-6CM90-Z,64367935,Rashtriya Ispat Nigam Ltd.,"IN-Visakhapatnam-Administrative Bldg. D Block, Visakapatnam Steel Plant,",Motors HV H-compact (Non-Ex)
IB-16864758,1PQ4564-6CM90-Z - 64367936,08-10-2022 11:58,Verified,1PQ4564-6CM90-Z,64367936,Rashtriya Ispat Nigam Ltd.,"IN-Visakhapatnam-Administrative Bldg. D Block, Visakapatnam Steel Plant,",Motors HV H-compact (Non-Ex)
IB-16864765,1PQ4564-6CM90-Z - 64626463,08-10-2022 11:58,Verified,1PQ4564-6CM90-Z,64626463,Rashtriya Ispat Nigam Ltd.,"IN-Visakhapatnam-Administrative Bldg. D Block, Visakapatnam Steel Plant,",Motors HV H-compact (Non-Ex)
IB-12682359,1DQ3344-8AT03-Z - 179237,08-10-2022 11:58,Verified,1DQ3344-8AT03-Z,179237,Tata Steel BSL Ltd.,"IN-New Delhi-Bhushan Center, Bhikaji Kama Place, M G Marg","Motors HV Special Motors (sync., cylindrical)"
IB-9683542,6SR3502-0HF41-2BH0 - A5E03393209,08-10-2022 12:02,Verified,6SR3502-0HF41-2BH0,A5E03393209,Tata Steel Ltd.,IN-Jamshedpur-General Office Bldg. Near Bistupur,"PH GH180, air cooled"
IB-10053998,6SL3855-5UN11-6KA0-Z - N-C2243603-00004,08-10-2022 12:02,To be verified,6SL3855-5UN11-6KA0-Z,N-C2243603-00004,Jsw Techno Projects Management Ltd.,IN-Bellary-Post Vidyanagar,"GL150, water cooled"
IB-8308240,1PQ4560-6CM90-Z - N-F61445740030001,08-10-2022 12:02,Verified,1PQ4560-6CM90-Z,N-F61445740030001,Jindal Power Ltd.,"IN-New Delhi-Jindal Centre, 12 Bhikaji Cama",Motors HV H-compact (Non-Ex)
IB-8329975,1PQ4560-6CM90-Z - N-F61445740040001,08-10-2022 12:02,Verified,1PQ4560-6CM90-Z,N-F61445740040001,Jindal Power Ltd.,"IN-New Delhi-Jindal Centre, 12 Bhikaji Cama",Motors HV H-compact (Non-Ex)
IB-8370082,1PQ4560-6CM90-Z - N-F61445740040002,08-10-2022 12:02,Verified,1PQ4560-6CM90-Z,N-F61445740040002,Jindal Power Ltd.,"IN-New Delhi-Jindal Centre, 12 Bhikaji Cama",Motors HV H-compact (Non-Ex)
IB-8434554,1PQ4560-6CM90-Z - N-F61445740045002,08-10-2022 12:02,Verified,1PQ4560-6CM90-Z,N-F61445740045002,Jindal Power Ltd.,"IN-New Delhi-Jindal Centre, 12 Bhikaji Cama",Motors HV H-compact (Non-Ex)
IB-8434555,1PQ4560-6CM90-Z - N-F61445740045003,08-10-2022 12:02,Verified,1PQ4560-6CM90-Z,N-F61445740045003,Jindal Power Ltd.,"IN-New Delhi-Jindal Centre, 12 Bhikaji Cama",Motors HV H-compact (Non-Ex)
IB-8456204,1PQ4560-6CM90-Z - N-F61445740045001,08-10-2022 12:02,Verified,1PQ4560-6CM90-Z,N-F61445740045001,Jindal Power Ltd.,"IN-New Delhi-Jindal Centre, 12 Bhikaji Cama",Motors HV H-compact (Non-Ex)
IB-10054883,6SL3855-5UN11-6KA0 - N-C2243603-00002,08-10-2022 12:02,Verified,6SL3855-5UN11-6KA0,N-C2243603-00002,Jsw Techno Projects Management Ltd.,IN-Bellary-Post Vidyanagar,"GL150, water cooled"
IB-8308210,1RN4564-6FM90-Z - N-F61445743030001,08-10-2022 12:03,Verified,1RN4564-6FM90-Z,N-F61445743030001,Jindal Power Ltd.,"IN-New Delhi-Jindal Centre, 12 Bhikaji Cama",Motors HV H-compact+ (Non-Ex)
IB-8302443,1RN4564-6FM90-Z - N-F61445743040001,08-10-2022 12:03,Verified,1RN4564-6FM90-Z,N-F61445743040001,Jindal Power Ltd.,"IN-New Delhi-Jindal Centre, 12 Bhikaji Cama",Motors HV H-compact+ (Non-Ex)
IB-8302444,1RN4564-6FM90-Z - N-F61445743050001,08-10-2022 12:03,Verified,1RN4564-6FM90-Z,N-F61445743050001,Jindal Power Ltd.,"IN-New Delhi-Jindal Centre, 12 Bhikaji Cama",Motors HV H-compact+ (Non-Ex)
IB-8343867,1RN4564-6FM90-Z - N-F61445743060001,08-10-2022 12:03,Verified,1RN4564-6FM90-Z,N-F61445743060001,Jindal Power Ltd.,"IN-New Delhi-Jindal Centre, 12 Bhikaji Cama",Motors HV H-compact+ (Non-Ex)
IB-10048262,6SR3802-6HB38-0BH0 - STB-4F0189-PH-MVD,08-10-2022 12:03,Verified,6SR3802-6HB38-0BH0,STB-4F0189-PH-MVD,Adani Power (Mundra) Ltd.,"IN-Mundra-Mundra Thermal Power Project, Adani Power SEZ","PH GH180, air cooled"
IB-8369039,1PQ4562-6CM90-Z - N-F61445743020003,08-10-2022 12:03,Verified,1PQ4562-6CM90-Z,N-F61445743020003,Jindal Power Ltd.,"IN-New Delhi-Jindal Centre, 12 Bhikaji Cama",Motors HV H-compact (Non-Ex)
IB-8396023,1PQ4562-6CM90-Z - N-F61445743020002,08-10-2022 12:03,Verified,1PQ4562-6CM90-Z,N-F61445743020002,Jindal Power Ltd.,"IN-New Delhi-Jindal Centre, 12 Bhikaji Cama",Motors HV H-compact (Non-Ex)
IB-8372106,1PQ4562-6CM90-Z - N-F61445743020001,08-10-2022 12:03,Verified,1PQ4562-6CM90-Z,N-F61445743020001,Jindal Power Ltd.,"IN-New Delhi-Jindal Centre, 12 Bhikaji Cama",Motors HV H-compact (Non-Ex)
IB-8308204,1PQ4562-6CM90-Z - N-F61445743010001,08-10-2022 12:03,Verified,1PQ4562-6CM90-Z,N-F61445743010001,Jindal Power Ltd.,"IN-New Delhi-Jindal Centre, 12 Bhikaji Cama",Motors HV H-compact (Non-Ex)
IB-8449721,6SB1015-4HB00-Z/6SL3951-6RC10-0BA0-Z - A-98433430-00134,08-10-2022 12:03,Verified,6SB1015-4HB00-Z/6SL3951-6RC10-0BA0-Z,A-98433430-00134,Hindustan Petroleum Corporation Ltd.,"IN-Visakhapatnam-HPCL, Viskha Refinery, PB # 15,",Miscellaneous
IB-10058250,6SR3802-6HC37-0BH0 - STBDF0207PHG30700,08-10-2022 12:03,Verified,6SR3802-6HC37-0BH0,STBDF0207PHG30700,ITC Ltd.,"IN-Bhadrachalam-PO. No.4, Sarapaka Village","PH GH180, air cooled"
IB-10058401,6SR3802-6HC37-0BH0 - STBDF0206PHG30700,08-10-2022 12:03,Verified,6SR3802-6HC37-0BH0,STBDF0206PHG30700,ITC Ltd.,IN-Secunderabad-Bhadrachalam House,"PH GH180, air cooled"
IB-10058477,6SR3802-6HC37-0BH0 - STBDF0208PHG30700,08-10-2022 12:03,Verified,6SR3802-6HC37-0BH0,STBDF0208PHG30700,ITC Ltd.,IN-Secunderabad-Bhadrachalam House,"PH GH180, air cooled"
IB-12682443,1LA34024HE71Z - A7131561010001,08-10-2022 12:04,Verified,1LA34024HE71Z,A7131561010001,Jindal Stainless Ltd.,IN-Jajapur-Kalinga Nagar Indl. Complex,Motors HV H-compact (Atlas Copco)
IB-6681149,1DX1749-8AT02-Z - D0831702301,08-10-2022 12:17,Verified,1DX1749-8AT02-Z,D0831702301,HPCL-Mittal Energy Ltd.,IN-Bathinda-Phullokari Village Talwandi Saboo,"Motors HV H-modyn (sync., cylindrical)"
IB-7668185,1DQ3344-8AT03-Z - D0450227401,08-10-2022 12:17,Verified,1DQ3344-8AT03-Z,D0450227401,Bhushan Power & Steel Ltd.,"IN-Sambalpur-Village Thelkoloi PO Lapanga Tehshill Rengali, District","Motors HV Milling Motors (sync., small)"
IB-7667095,1DQ5455-8DT06-Z - D0750237301,08-10-2022 12:17,Verified,1DQ5455-8DT06-Z,D0750237301,Jindal Stainless Ltd.,IN-Jajapur-Kalinga Nagar Indl. Complex,"Motors HV Milling Motors (sync., large)"
IB-7668195,1DQ4341-8AT03-Z - D1050248901,08-10-2022 12:17,Verified,1DQ4341-8AT03-Z,D1050248901,Bhushan Power & Steel Ltd.,"IN-Sambalpur-Village Thelkoloi PO Lapanga Tehshill Rengali, District","Motors HV Milling Motors (sync., large)"
IB-7668203,1DQ4341-8AT03-Z - D1050248902,08-10-2022 12:17,Verified,1DQ4341-8AT03-Z,D1050248902,Bhushan Power & Steel Ltd.,"IN-Sambalpur-Village Thelkoloi PO Lapanga Tehshill Rengali, District","Motors HV Milling Motors (sync., large)"
IB-7668204,1DQ4341-8AT03-Z - D1050248903,08-10-2022 12:17,Verified,1DQ4341-8AT03-Z,D1050248903,Bhushan Power & Steel Ltd.,"IN-Sambalpur-Village Thelkoloi PO Lapanga Tehshill Rengali, District","Motors HV Milling Motors (sync., large)"
IB-7668205,1DQ4341-8AT03-Z - D1050248904,08-10-2022 12:17,Verified,1DQ4341-8AT03-Z,D1050248904,Bhushan Power & Steel Ltd.,"IN-Sambalpur-Village Thelkoloi PO Lapanga Tehshill Rengali, District","Motors HV Milling Motors (sync., large)"
IB-7668206,1DQ4341-8AT03-Z - D1050248905,08-10-2022 12:17,Verified,1DQ4341-8AT03-Z,D1050248905,Bhushan Power & Steel Ltd.,"IN-Sambalpur-Village Thelkoloi PO Lapanga Tehshill Rengali, District","Motors HV Milling Motors (sync., large)"
IB-7668207,1DQ4341-8AT03-Z - D1050248906,08-10-2022 12:17,Verified,1DQ4341-8AT03-Z,D1050248906,Bhushan Power & Steel Ltd.,"IN-Sambalpur-Village Thelkoloi PO Lapanga Tehshill Rengali, District","Motors HV Milling Motors (sync., large)"
IB-7668098,1DQ4651-8DT03-Z - D0650233704,08-10-2022 12:17,To be verified,1DQ4651-8AT03-Z,D0650233704,Tata Steel BSL Ltd.,"IN-Dhenkanal-Narendra Pur. P.O Shibapur,","Motors HV Milling Motors (sync., large)"
IB-7668093,1DQ4651-8DT03-Z - D0650233701,08-10-2022 12:17,To be verified,1DQ4651-8AT03-Z,D0650233701,Tata Steel BSL Ltd.,"IN-Dhenkanal-Narendra Pur. P.O Shibapur,","Motors HV Milling Motors (sync., large)"
IB-7668094,1DQ4651-8DT03-Z - D0650233702,08-10-2022 12:17,To be verified,1DQ4651-8AT03-Z,D0650233702,Tata Steel BSL Ltd.,"IN-Dhenkanal-Narendra Pur. P.O Shibapur,","Motors HV Milling Motors (sync., large)"
IB-7668095,1DQ4651-8DT03-Z - D0650233703,08-10-2022 12:17,To be verified,1DQ4651-8AT03-Z,D0650233703,Tata Steel BSL Ltd.,"IN-Dhenkanal-Narendra Pur. P.O Shibapur,","Motors HV Milling Motors (sync., large)"
IB-7668142,1DQ4651-8DT03-Z - D0650233705,08-10-2022 12:17,To be verified,1DQ4651-8AT03-Z,D0650233705,Tata Steel BSL Ltd.,"IN-Dhenkanal-Narendra Pur. P.O Shibapur,","Motors HV Milling Motors (sync., large)"
IB-7668143,1DQ4651-8DT03-Z - D0650233706,08-10-2022 12:17,To be verified,1DQ4651-8AT03-Z,D0650233706,Tata Steel BSL Ltd.,"IN-Dhenkanal-Narendra Pur. P.O Shibapur,","Motors HV Milling Motors (sync., large)"
IB-7667164,1DQ5643-8DA08-Z - D04 502 266 01,08-10-2022 12:17,Verified,1DQ5643-8DA08-Z,D04 502 266 01,JSW Steel Ltd.,"IN-Bellary-P.O. Vidyanagar,","Motors HV Milling Motors (sync., large)"
IB-7667165,1DQ5643-8DA08-Z - D04 502 265 01,08-10-2022 12:17,Verified,1DQ5643-8DA08-Z,D04 502 265 01,JSW Steel Ltd.,"IN-Bellary-P.O. Vidyanagar,","Motors HV Milling Motors (sync., large)"
IB-7668186,1DQ4849-8DA03-Z - D0450227301,08-10-2022 12:17,Verified,1DQ4849-8DA03-Z,D0450227301,Bhushan Power & Steel Ltd.,"IN-Sambalpur-Village Thelkoloi PO Lapanga Tehshill Rengali, District","Motors HV Milling Motors (sync., large)"
IB-7668187,1DQ4849-8DA03-Z - D0450227302,08-10-2022 12:17,Verified,1DQ4849-8DA03-Z,D0450227302,Bhushan Power & Steel Ltd.,"IN-Sambalpur-Village Thelkoloi PO Lapanga Tehshill Rengali, District","Motors HV Milling Motors (sync., large)"
IB-7668188,1DQ4849-8DA03-Z - D0450227303,08-10-2022 12:17,Verified,1DQ4849-8DA03-Z,D0450227303,Bhushan Power & Steel Ltd.,"IN-Sambalpur-Village Thelkoloi PO Lapanga Tehshill Rengali, District","Motors HV Milling Motors (sync., large)"
IB-7668189,1DQ4849-8DA03-Z - D0450227304,08-10-2022 12:17,Verified,1DQ4849-8DA03-Z,D0450227304,Bhushan Power & Steel Ltd.,"IN-Sambalpur-Village Thelkoloi PO Lapanga Tehshill Rengali, District","Motors HV Milling Motors (sync., large)"
IB-7668190,1DQ4849-8DA03-Z - D0450227305,08-10-2022 12:17,Verified,1DQ4849-8DA03-Z,D0450227305,Bhushan Power & Steel Ltd.,"IN-Sambalpur-Village Thelkoloi PO Lapanga Tehshill Rengali, District","Motors HV Milling Motors (sync., large)"
IB-7666983,1RN1630-2HE70-Z - D9641137602,08-10-2022 12:18,Verified,1RN1630-2HE70-Z,D9641137602,Torrent Energy Ltd.,"IN-Bharuch-Plot No.Z-9,Dgen Mega Power Project Dahej SEZ Area(Eastern S","Motors HV H-modul (async., Non-Ex)"
IB-7666984,1RN1630-2HE70-Z - D9641137603,08-10-2022 12:18,Verified,1RN1630-2HE70-Z,D9641137603,Torrent Energy Ltd.,"IN-Bharuch-Plot No.Z-9,Dgen Mega Power Project Dahej SEZ Area(Eastern S","Motors HV H-modul (async., Non-Ex)"
IB-7666985,1RN1630-2HE70-Z - D9641137604,08-10-2022 12:18,Verified,1RN1630-2HE70-Z,D9641137604,Torrent Energy Ltd.,"IN-Bharuch-Plot No.Z-9,Dgen Mega Power Project Dahej SEZ Area(Eastern S","Motors HV H-modul (async., Non-Ex)"
IB-7666986,1RQ1712-5JN74-Z - D9641137702,08-10-2022 12:18,Verified,1RQ1712-5JN74-Z,D9641137702,Torrent Energy Ltd.,"IN-Bharuch-Plot No.Z-9,Dgen Mega Power Project Dahej SEZ Area(Eastern S","Motors HV H-modul (async., Non-Ex)"
IB-7666987,1RQ1712-5JN74-Z - D9641137703,08-10-2022 12:18,Verified,1RQ1712-5JN74-Z,D9641137703,Torrent Energy Ltd.,"IN-Bharuch-Plot No.Z-9,Dgen Mega Power Project Dahej SEZ Area(Eastern S","Motors HV H-modul (async., Non-Ex)"
IB-7666988,1RQ1712-5JN74-Z - D9641137704,08-10-2022 12:18,Verified,1RQ1712-5JN74-Z,D9641137704,Torrent Energy Ltd.,"IN-Bharuch-Plot No.Z-9,Dgen Mega Power Project Dahej SEZ Area(Eastern S","Motors HV H-modul (async., Non-Ex)"
IB-7667163,1DQ5439-8DA06-Z - D04 502 267 01,08-10-2022 12:18,Verified,1DQ5439-8DA06-Z,D04 502 267 01,JSW Steel Ltd.,"IN-Bellary-P.O. Vidyanagar,","Motors HV Milling Motors (sync., large)"
IB-7175449,6SL3855-5UN11-6KA0 -    SN-C2243603-00006,08-10-2022 12:18,Verified,6SL3855-5UN11-6KA0,SN-C2243603-00006,Jsw Techno Projects Management Ltd.,IN-Bellary-Post Vidyanagar,"GL150, water cooled"
IB-6664481,1LA5 207 4AA99-ZT000 - E1103/814842 95 003,08-10-2022 12:21,Verified,1LA5 207 4AA99-ZT000,E1103/814842 95 003,Electro Pneumatics and Hydraulics (India) Pvt. Ltd.,"IN-Pune-Gat No. 254/255, Kharabe Wadi, Chakan-Talegaon Rd.",Motors HV H-compact (Non-Ex)
IB-6134929,6SR0960-0CA05-0AB0 - ITC/BDC/PHD/006,08-10-2022 13:30,Verified,6SR0960-0CA05-0AB0,ITC/BDC/PHD/006,ITC Limited - Paperboards & Specialty Papers Division,IN-Khammam District-Sarapaka Village,Miscellaneous (F)
IB-45375932,6SR5502-2HC41-1BH2-Z - Z8-211651540-996,08-10-2022 13:31,Verified,6SR5502-2HC41-1BH2-Z,Z8-211651540-996,JSW Jaigarh Port Ltd.,IN-Ratnagiri-Jaigarh,"PH GH180, air cooled"
IB-6328041,6SL3855-5UP21-8KA0 - SN-BN233603-00006,08-10-2022 13:34,Verified,6SL3855-5UP21-8KA0,SN-BN233603-00006,TATA STEEL LTD,IN-Orissa --Kalinga Nagar,"GL150, water cooled"
IB-6164022,1LA4500-6CN70-Z - AAL/ELM/MOT/035,08-10-2022 13:34,Verified,1LA4500-6CN70-Z,AAL/ELM/MOT/035,Anrak Aluminium Ltd.,"IN-Visakhapatnam-Apiic Indl. Park, Gkoduru",Motors HV H-compact (Non-Ex)
IB-6164013,1LA4500-6CN70-Z - AAL/ELM/MOT/039,08-10-2022 13:34,Verified,1LA4500-6CN70-Z,AAL/ELM/MOT/039,Anrak Aluminium Ltd.,"IN-Visakhapatnam-Apiic Indl. Park, Gkoduru",Motors HV H-compact (Non-Ex)
IB-6164014,1LA4500-6CN70-Z - AAL/ELM/MOT/038,08-10-2022 13:34,Verified,1LA4500-6CN70-Z,AAL/ELM/MOT/038,Anrak Aluminium Ltd.,"IN-Visakhapatnam-Apiic Indl. Park, Gkoduru",Motors HV H-compact (Non-Ex)
IB-6164015,1LA4500-6CN70-Z - AAL/ELM/MOT/037,08-10-2022 13:34,Verified,1LA4500-6CN70-Z,AAL/ELM/MOT/037,Anrak Aluminium Ltd.,"IN-Visakhapatnam-Apiic Indl. Park, Gkoduru",Motors HV H-compact (Non-Ex)
IB-6164016,1LA4500-6CN70-Z - AAL/ELM/MOT/036,08-10-2022 13:34,Verified,1LA4500-6CN70-Z,AAL/ELM/MOT/036,Anrak Aluminium Ltd.,"IN-Visakhapatnam-Apiic Indl. Park, Gkoduru",Motors HV H-compact (Non-Ex)
IB-6120513,1LA4500-6CN70-Z - BAN_WCPM_1LA4_8,08-10-2022 13:34,Verified,1LA4500-6CN70-Z,BAN_WCPM_1LA4_8,West Coast Paper Mills Ltd.,IN-Dandeli-P B No. 5 Bangur Nagar,Motors HV H-compact (Non-Ex)
IB-6120640,1LA4500-6CN70-Z - BAN_WCPM_1LA4_5,08-10-2022 13:34,Verified,1LA4500-6CN70-Z,BAN_WCPM_1LA4_5,West Coast Paper Mills Ltd.,IN-Dandeli-P B No. 5 Bangur Nagar,Motors HV H-compact (Non-Ex)
IB-6120641,1LA4500-6CN70-Z - BAN_WCPM_1LA4_4,08-10-2022 13:34,Verified,1LA4500-6CN70-Z,BAN_WCPM_1LA4_4,West Coast Paper Mills Ltd.,IN-Dandeli-P B No. 5 Bangur Nagar,Motors HV H-compact (Non-Ex)
IB-6163987,1LA4402-6AN70-Z - AAL/ELM/MOT/021,08-10-2022 13:35,Verified,1LA4402-6AN70-Z,AAL/ELM/MOT/021,Anrak Aluminium Ltd.,"IN-Visakhapatnam-Apiic Indl. Park, Gkoduru",Motors HV H-compact (Non-Ex)
IB-6163988,1LA4402-6AN70-Z - AAL/ELM/MOT/020,08-10-2022 13:35,Verified,1LA4402-6AN70-Z,AAL/ELM/MOT/020,Anrak Aluminium Ltd.,"IN-Visakhapatnam-Apiic Indl. Park, Gkoduru",Motors HV H-compact (Non-Ex)
IB-6163989,1LA4402-6AN70-Z - AAL/ELM/MOT/019,08-10-2022 13:35,Verified,1LA4402-6AN70-Z,AAL/ELM/MOT/019,Anrak Aluminium Ltd.,"IN-Visakhapatnam-Apiic Indl. Park, Gkoduru",Motors HV H-compact (Non-Ex)
IB-6163990,1LA4402-6AN70-Z - AAL/ELM/MOT/018,08-10-2022 13:35,Verified,1LA4402-6AN70-Z,AAL/ELM/MOT/018,Anrak Aluminium Ltd.,"IN-Visakhapatnam-Apiic Indl. Park, Gkoduru",Motors HV H-compact (Non-Ex)
IB-6164007,1LA4402-6AN70-Z - 300198779004500-7,08-10-2022 13:35,Verified,1LA4402-6AN70-Z,300198779004500-7,Anrak Aluminium Ltd.,"IN-Visakhapatnam-Apiic Indl. Park, Gkoduru",Motors HV H-compact (Non-Ex)
IB-6365966,1LA4312-4AN70-Z - HOOGLY METCOKE/COAL CRUSHER -6,08-10-2022 13:35,Verified,1LA4312-4AN70-Z,HOOGLY METCOKE/COAL CRUSHER -6,Tata Steel Ltd.,"IN-Haldia-Patikhali, PO Haldia Oil Refinery",Motors HV H-compact (Non-Ex)
IB-6365967,1LA4312-4AN70-Z - HOOGLY METCOKE/COAL CRUSHER -7,08-10-2022 13:35,Verified,1LA4312-4AN70-Z,HOOGLY METCOKE/COAL CRUSHER -7,Tata Steel Ltd.,"IN-Haldia-Patikhali, PO Haldia Oil Refinery",Motors HV H-compact (Non-Ex)
IB-6360850,1LA4312-4AN70-Z - HOOGLY METCOKE/COAL CRUSHER -3,08-10-2022 13:35,Verified,1LA4312-4AN70-Z,HOOGLY METCOKE/COAL CRUSHER -3,Tata Steel Ltd.,"IN-Haldia-Patikhali, PO Haldia Oil Refinery",Motors HV H-compact (Non-Ex)
IB-6360852,1LA4312-4AN70-Z - HOOGLY METCOKE/COAL CRUSHER -4,08-10-2022 13:35,Verified,1LA4312-4AN70-Z,HOOGLY METCOKE/COAL CRUSHER -4,Tata Steel Ltd.,"IN-Haldia-Patikhali, PO Haldia Oil Refinery",Motors HV H-compact (Non-Ex)
IB-6237843,1LA4312-4AN70-Z - 3002488700,08-10-2022 13:35,Verified,1LA4312-4AN70-Z,3002488700,Adhunik Power & Natural Resources Ltd.,"IN-Saraikela-Village, Padampur.",Motors HV H-compact (Non-Ex)
IB-6164034,1LA4564-6CN70-Z - AAL/ELM/MOT/040,08-10-2022 13:35,Verified,1LA4564-6CN70-Z,AAL/ELM/MOT/040,Anrak Aluminium Ltd.,"IN-Visakhapatnam-Apiic Indl. Park, Gkoduru",Motors HV H-compact (Non-Ex)
IB-6164031,1LA4564-6CN70-Z - AAL/ELM/MOT/042,08-10-2022 13:35,Verified,1LA4564-6CN70-Z,AAL/ELM/MOT/042,Anrak Aluminium Ltd.,"IN-Visakhapatnam-Apiic Indl. Park, Gkoduru",Motors HV H-compact (Non-Ex)
IB-6164032,1LA4564-6CN70-Z - AAL/ELM/MOT/041,08-10-2022 13:35,Verified,1LA4564-6CN70-Z,AAL/ELM/MOT/041,Anrak Aluminium Ltd.,"IN-Visakhapatnam-Apiic Indl. Park, Gkoduru",Motors HV H-compact (Non-Ex)
IB-6239865,1LA4564-6CN70-Z - ZY-W23000390560001000002/2008,08-10-2022 13:35,Verified,1LA4564-6CN70-Z,ZY-W23000390560001000002/2008,Vedanta Ltd.,"IN-Jharsuguda-PMO Office, Bhurkahamunda","Motors HV H-compact (async., Non-Ex, SEDL)"
IB-6239866,1LA4564-6CN70-Z - ZY-W23000390560002000002/2008,08-10-2022 13:35,Verified,1LA4564-6CN70-Z,ZY-W23000390560002000002/2008,Vedanta Ltd.,"IN-Jharsuguda-PMO Office, Bhurkahamunda","Motors HV H-compact (async., Non-Ex, SEDL)"
IB-6134928,6SR0960-0CB13-0AA0 - ITC/BDC/PHD/007,08-10-2022 13:42,Verified,6SR0960-0CB13-0AA0,ITC/BDC/PHD/007,ITC Limited - Paperboards & Specialty Papers Division,IN-Khammam District-Sarapaka Village,Miscellaneous (F)
IB-6134933,6SR0960-0CB14-0AD0 - ITC/BDC/PHD/002,08-10-2022 13:43,Verified,6SR0960-0CB14-0AD0,ITC/BDC/PHD/002,ITC Limited - Paperboards & Specialty Papers Division,IN-Khammam District-Sarapaka Village,Miscellaneous (F)
IB-388853,1LA4402-6AN70-Z - 300198779004500-1,08-10-2022 13:52,Verified,1LA4402-6AN70-Z,300198779004500-1,Anrak Aluminium Ltd.,IN-Visakhapatnam-Rachapalli Village,Motors HV H-compact (Non-Ex)
IB-388854,1LA4402-6AN70-Z - 300198779004500-2,08-10-2022 13:52,Verified,1LA4402-6AN70-Z,300198779004500-2,Anrak Aluminium Ltd.,IN-Visakhapatnam-Rachapalli Village,Motors HV H-compact (Non-Ex)
IB-388855,1LA4402-6AN70-Z - 300198779004500-3,08-10-2022 13:52,Verified,1LA4402-6AN70-Z,300198779004500-3,Anrak Aluminium Ltd.,IN-Visakhapatnam-Rachapalli Village,Motors HV H-compact (Non-Ex)
IB-388869,1LA4402-6AN70-Z - 300198779004500-4,08-10-2022 13:52,Verified,1LA4402-6AN70-Z,300198779004500-4,Anrak Aluminium Ltd.,IN-Visakhapatnam-Rachapalli Village,Motors HV H-compact (Non-Ex)
IB-388870,1LA4402-6AN70-Z - 300198779004500-5,08-10-2022 13:52,Verified,1LA4402-6AN70-Z,300198779004500-5,Anrak Aluminium Ltd.,IN-Visakhapatnam-Rachapalli Village,Motors HV H-compact (Non-Ex)
IB-388871,1LA4402-6AN70-Z - 300198779004500-6,08-10-2022 13:52,Verified,1LA4402-6AN70-Z,300198779004500-6,Anrak Aluminium Ltd.,IN-Visakhapatnam-Rachapalli Village,Motors HV H-compact (Non-Ex)
IB-224334,1MS4350-4AN70-Z - N-T41156982010001,08-10-2022 13:53,Verified,1MS4350-4AN70-Z,N-T41156982010001,Reliance Hazira,"IN-Mumbai-130 P. B. Marg, Worli",Motors HV H-compact (Ex)
IB-366920,1PQ4504-8DM90 - N-X81274470010001,08-10-2022 13:54,Verified,1PQ4504-8DM90,N-X81274470010001,Steel Authority of India Ltd.,IN-Bokaro-Bokaro Steel City,Motors HV H-compact (Non-Ex)
IB-363617,1DE5909-4FC90 - N-5003351030001,08-10-2022 13:57,Verified,1DE5909-4FC90,N-5003351030001,Steel Authority of India Ltd.,"IN-Burnpur-IISCO Steel Plant, 7 The Ridge","Motors HV VEM (Siemens labeled, sync.)"
IB-363618,1DE5909-4FC90 - N-5003351040001,08-10-2022 13:57,Verified,1DE5909-4FC90,N-5003351040001,Steel Authority of India Ltd.,"IN-Burnpur-IISCO Steel Plant, 7 The Ridge","Motors HV VEM (Siemens labeled, sync.)"
IB-354046,1LA4564-2FD90-Z - N-X71273032010001,08-10-2022 13:57,Verified,1LA4564-2FD90-Z,N-X71273032010001,National Oxygen Ltd.,IN-Pondicherry-Pondy - Villupuram Rd. Thiruvandar Koil,Motors HV H-compact (Non-Ex)
IB-41947029,6SR5502-2HB35-0BH1 - Z8-201851535-834,08-10-2022 15:25,Verified,6SR5502-2HB35-0BH1,Z8-201851535-834,Hindalco Industries Ltd.,IN-Sambalpur-Unit Aditya Aluminium Lapanga,"PH GH180, air cooled"
IB-41913285,6SR5502-5ND42-7BH1 - Z8-201750844-432,08-10-2022 15:25,Verified,6SR5502-5ND42-7BH1,Z8-201750844-432,The Ramco Cements Ltd.,"IN-Kurnool-No.2-77, Ist Floor, Jwala Complex, Kolimigundla Main Rd., Ku","PH GH180, air cooled"
IB-41919862,6SR5502-5ND42-7BH1 - Z8-201750844-434,08-10-2022 15:25,Verified,6SR5502-5ND42-7BH1,Z8-201750844-434,The Ramco Cements Ltd.,"IN-Kurnool-No.2-77, Ist Floor, Jwala Complex, Kolimigundla Main Rd., Ku","PH GH180, air cooled"
IB-41920720,6SR5502-5ND42-7BH1 - Z8-201750844-270,08-10-2022 15:25,Verified,6SR5502-5ND42-7BH1,Z8-201750844-270,The Ramco Cements Ltd.,"IN-Kurnool-No.2-77, Ist Floor, Jwala Complex, Kolimigundla Main Rd., Ku","PH GH180, air cooled"
IB-41924365,6SR5502-5ND42-7BH1 - Z8-201750844-269,08-10-2022 15:25,Verified,6SR5502-5ND42-7BH1,Z8-201750844-269,The Ramco Cements Ltd.,"IN-Kurnool-No.2-77, Ist Floor, Jwala Complex, Kolimigundla Main Rd., Ku","PH GH180, air cooled"
IB-41933209,6SR5502-5ND42-7BH1 - Z8-201750844-435,08-10-2022 15:25,Verified,6SR5502-5ND42-7BH1,Z8-201750844-435,The Ramco Cements Ltd.,"IN-Kurnool-No.2-77, Ist Floor, Jwala Complex, Kolimigundla Main Rd., Ku","PH GH180, air cooled"
IB-41934835,6SR5502-5ND42-7BH1 - Z8-201850844-103,08-10-2022 15:25,Verified,6SR5502-5ND42-7BH1,Z8-201850844-103,The Ramco Cements Ltd.,"IN-Kurnool-No.2-77, Ist Floor, Jwala Complex, Kolimigundla Main Rd., Ku","PH GH180, air cooled"
IB-41935343,6SR5502-5ND42-7BH1 - Z8-201750844-433,08-10-2022 15:25,Verified,6SR5502-5ND42-7BH1,Z8-201750844-433,The Ramco Cements Ltd.,"IN-Kurnool-No.2-77, Ist Floor, Jwala Complex, Kolimigundla Main Rd., Ku","PH GH180, air cooled"
IB-41914450,6SR5502-2HA35-0BH1 - Z8-202251534-162,08-10-2022 15:25,Verified,6SR5502-2HA35-0BH1,Z8-202251534-162,Indian Oil Corporation Ltd.,IN-Cuttack-Paradip Refinery Project P. O. Jhimani,"PH GH180, air cooled"
IB-41920373,6SR5502-5NE44-0BH1 - Z8-201850848-105,08-10-2022 15:25,Verified,6SR5502-5NE44-0BH1,Z8-201850848-105,The Ramco Cements Ltd.,"IN-Kurnool-No.2-77, Ist Floor, Jwala Complex, Kolimigundla Main Rd., Ku","PH GH180, air cooled"
IB-41919492,6SR5502-5NE44-0BH1 - Z8-201750848-174,08-10-2022 15:25,Verified,6SR5502-5NE44-0BH1,Z8-201750848-174,The Ramco Cements Ltd.,"IN-Kurnool-No.2-77, Ist Floor, Jwala Complex, Kolimigundla Main Rd., Ku","PH GH180, air cooled"
IB-41948995,6SR5502-5NE44-0BH1 - Z8-201750848-268,08-10-2022 15:25,Verified,6SR5502-5NE44-0BH1,Z8-201750848-268,The Ramco Cements Ltd.,"IN-Kurnool-No.2-77, Ist Floor, Jwala Complex, Kolimigundla Main Rd., Ku","PH GH180, air cooled"
IB-41942250,6SR4502-2HJ45-0BH1 - Z8-202244509-376,08-10-2022 15:25,Verified,6SR4502-2HJ45-0BH1,Z8-202244509-376,Nuvoco Vistas Corporation Ltd.,IN-Jamshedpur-P.O.: Rahargora,"PH GH180, air cooled"
IB-41912654,6SR5502-2HB35-0BH1 - Z8-201851535-743,08-10-2022 15:25,Verified,6SR5502-2HB35-0BH1,Z8-201851535-743,Hindalco Industries Ltd.,IN-Sambalpur-Unit Aditya Aluminium Lapanga,"PH GH180, air cooled"
IB-41921723,6SR5502-2HB35-0BH1 - Z8-201851535-674,08-10-2022 15:25,Verified,6SR5502-2HB35-0BH1,Z8-201851535-674,Hindalco Industries Ltd.,IN-Sambalpur-Unit Aditya Aluminium Lapanga,"PH GH180, air cooled"
IB-41935603,6SR5502-2HB35-0BH1 - Z8-201851535-836,08-10-2022 15:25,Verified,6SR5502-2HB35-0BH1,Z8-201851535-836,Hindalco Industries Ltd.,IN-Sambalpur-Unit Aditya Aluminium Lapanga,"PH GH180, air cooled"
IB-41927152,6SR5502-2HB35-0BH1 - Z8-201851535-835,08-10-2022 15:25,Verified,6SR5502-2HB35-0BH1,Z8-201851535-835,Hindalco Industries Ltd.,IN-Sambalpur-Unit Aditya Aluminium Lapanga,"PH GH180, air cooled"
IB-35873698,6SL3961-6RC10-0CA0-Z - N-L91576567012001,08-10-2022 20:17,Verified,6SL3961-6RC10-0CA0-Z,N-L91576567012001,Bhushan Power & Steel Ltd.,IN-Orissa-Tahasil Rengali,SL150 CU
IB-35873715,6SL3961-6RC10-0CA0-Z - N-L91576567013001,08-10-2022 20:17,Verified,6SL3961-6RC10-0CA0-Z,N-L91576567013001,Bhushan Power & Steel Ltd.,IN-Orissa-Tahasil Rengali,SL150 CU
IB-30027087,6RN8011-2SE41-2AA0-Z - N-L21529994106001,08-10-2022 21:42,Verified,6RN8011-2SE41-2AA0-Z,N-L21529994106001,JSW Steel Ltd.,"IN-Raigarh-Survey No. 96/1, 96/2 97/0 Village Khar Karavi, Taluka Pen",Excitation Units
IB-30023764,6RN8011-2SE41-2AA0-Z - N-L11529994104001,08-10-2022 21:42,Verified,6RN8011-2SE41-2AA0-Z,N-L11529994104001,JSW Steel Ltd.,"IN-Raigarh-Survey No. 96/1, 96/2 97/0 Village Khar Karavi, Taluka Pen",Excitation Units
IB-30024684,6RN8011-2SE41-2AA0-Z - N-L21529994105001,08-10-2022 21:42,Verified,6RN8011-2SE41-2AA0-Z,N-L21529994105001,JSW Steel Ltd.,"IN-Raigarh-Survey No. 96/1, 96/2 97/0 Village Khar Karavi, Taluka Pen",Excitation Units
IB-30283649,6SL3845-7NN43-6AA2-Z - N-K81529994011001,08-10-2022 21:42,Verified,6SL3845-7NN43-6AA2-Z,N-K81529994011001,JSW Steel Ltd.,"IN-Raigarh-Survey No. 96/1, 96/2 97/0 Village Khar Karavi, Taluka Pen","SM150 IGCT, water cooled"
IB-30621034,6SL3845-7NN43-6AA2-Z - N-KN1529994040001,08-10-2022 21:42,Verified,6SL3845-7NN43-6AA2-Z,N-KN1529994040001,JSW Steel Ltd.,"IN-Raigarh-Survey No. 96/1, 96/2 97/0 Village Khar Karavi, Taluka Pen","SM150 IGCT, water cooled"
IB-30549326,6SR4802-2HF43-0BH1 - STBOJ0333PHG43000,08-10-2022 21:42,Verified,6SR4802-2HF43-0BH1,STBOJ0333PHG43000,Hindustan Zinc Ltd.,IN-Bhilwara-Rampura Agucha Mines,"PH GH180, air cooled"
IB-30026207,6SL3810-2LP31-8AA0-Z - N-K81529994074001,08-10-2022 21:43,Verified,6SL3810-2LP31-8AA0-Z,N-K81529994074001,JSW Steel Ltd.,"IN-Raigarh-Survey No. 96/1, 96/2 97/0 Village Khar Karavi, Taluka Pen","GM150 IGBT, air cooled"
IB-29996855,6SR4502-2HJ45-2BG1 - Z8-190144509-219,08-10-2022 21:43,Verified,6SR4502-2HJ45-2BG1,Z8-190144509-219,JSW Steel Ltd.,"IN-Raigad-Dolvi Geetapuram, Taluka Pen","PH GH180, air cooled"
IB-29997915,6SR4502-2HJ45-2BG1 - Z8-185244509-439,08-10-2022 21:43,Verified,6SR4502-2HJ45-2BG1,Z8-185244509-439,JSW Steel Ltd.,"IN-Raigad-Dolvi Geetapuram, Taluka Pen","PH GH180, air cooled"
IB-30000157,6SR4502-2HJ45-2BG1 - Z8-184844509-518,08-10-2022 21:43,Verified,6SR4502-2HJ45-2BG1,Z8-184844509-518,JSW Steel Ltd.,"IN-Raigad-Dolvi Geetapuram, Taluka Pen","PH GH180, air cooled"
IB-29998965,6SR4502-2HJ45-2BG1 - Z8-185244509-441,08-10-2022 21:43,Verified,6SR4502-2HJ45-2BG1,Z8-185244509-441,JSW Steel Ltd.,"IN-Raigad-Dolvi Geetapuram, Taluka Pen","PH GH180, air cooled"
IB-29998457,6SR4502-2HJ45-2BG1 - Z8-185244509-440,08-10-2022 21:43,Verified,6SR4502-2HJ45-2BG1,Z8-185244509-440,JSW Steel Ltd.,"IN-Raigad-Dolvi Geetapuram, Taluka Pen","PH GH180, air cooled"
IB-30000671,6SR4502-2HJ45-2BG1 - Z8-184844509-519,08-10-2022 21:43,Verified,6SR4502-2HJ45-2BG1,Z8-184844509-519,JSW Steel Ltd.,"IN-Raigad-Dolvi Geetapuram, Taluka Pen","PH GH180, air cooled"
IB-30003534,6SR4502-2HJ45-2BG1 - Z8-190144509-220,08-10-2022 21:43,Verified,6SR4502-2HJ45-2BG1,Z8-190144509-220,JSW Steel Ltd.,"IN-Raigad-Dolvi Geetapuram, Taluka Pen","PH GH180, air cooled"
IB-30002770,6SR4502-2HD41-5FH1 - Z8-185244504-431,08-10-2022 21:43,Verified,6SR4502-2HD41-5FH1,Z8-185244504-431,Rashmi Metaliks Ltd.,IN-Midnapore-Village Mathura Kismat,"PH GH180, air cooled"
IB-29997363,6SR4502-2HD41-5FH1 - Z8-185244504-432,08-10-2022 21:43,Verified,6SR4502-2HD41-5FH1,Z8-185244504-432,Orissa Metaliks Pvt. Ltd.,IN-West Midnapore-Tata Metaliks Rd. Mathura Kismat Paschim,"PH GH180, air cooled"
IB-30022718,1DQ5751-8DT12-Z - D1750259401,08-10-2022 21:44,Verified,1DQ5751-8DT12-Z,D1750259401,JSW Steel Ltd.,"IN-Raigarh-Survey No. 96/1, 96/2 97/0 Village Khar Karavi, Taluka Pen","Motors HV Milling Motors (sync., large)"
IB-32307803,1RQ15046IA74Z - N8/65041956,08-10-2022 22:02,Verified,1RQ15046IA74Z,N8/65041956,NMDC Ltd.,IN-Bastar-Nmdc Iron & Steel Plant,"Motors HV H-modul (async., Non-Ex)"
IB-32319272,6SR4502-2HD41-7BH1 - Z8-191344504-532,08-10-2022 22:02,Verified,6SR4502-2HD41-7BH1,Z8-191344504-532,Indian Oil Corporation Ltd.,IN-Alipurduar-Po. Madarihat,"PH GH180, air cooled"
IB-32320398,6SR4502-2HD41-7BH1 - Z8-191344504-534,08-10-2022 22:02,Verified,6SR4502-2HD41-7BH1,Z8-191344504-534,Indian Oil Corporation Ltd.,IN-Alipurduar-Po. Madarihat,"PH GH180, air cooled"
IB-32319844,6SR4502-2HD41-7BH1 - Z8-191344504-533,08-10-2022 22:02,Verified,6SR4502-2HD41-7BH1,Z8-191344504-533,Indian Oil Corporation Ltd.,IN-Alipurduar-Po. Madarihat,"PH GH180, air cooled"
IB-32320969,6SR4502-2HD41-7BH1 - Z8-191344504-535,08-10-2022 22:02,Verified,6SR4502-2HD41-7BH1,Z8-191344504-535,OIL Ltd.,IN-Katihar-Pumping Station-09,"PH GH180, air cooled"
IB-32321620,6SR4502-2HD41-7BH1 - Z8-191344504-536,08-10-2022 22:02,Verified,6SR4502-2HD41-7BH1,Z8-191344504-536,Oil India Limited,IN-Bihar-Gate No.-3 OIL Baraun,"PH GH180, air cooled"
IB-32322278,6SR4502-2HD41-7BH1 - Z8-191344504-537,08-10-2022 22:02,Verified,6SR4502-2HD41-7BH1,Z8-191344504-537,Oil India Limited,IN-Bihar-Gate No.-3 OIL Baraun,"PH GH180, air cooled"
IB-32322845,6SR4502-2HD41-7BH1 - Z8-191344504-538,08-10-2022 22:02,Verified,6SR4502-2HD41-7BH1,Z8-191344504-538,Oil India Limited,IN-Bihar-Gate No.-3 OIL Baraun,"PH GH180, air cooled"
IB-32323399,6SR4502-2HD41-7BH1 - Z8-191344504-539,08-10-2022 22:02,Verified,6SR4502-2HD41-7BH1,Z8-191344504-539,Oil India Ltd.,"IN-Islampur-Pump Station No 8, Dhumdangi, North Dinajpur","PH GH180, air cooled"
IB-32330169,6SR4502-2HD41-7BH1 - Z8-191444504-230,08-10-2022 22:02,Verified,6SR4502-2HD41-7BH1,Z8-191444504-230,JSW Steel Ltd.,"IN-Bellary-P.O. Vidyanagar,","PH GH180, air cooled"
IB-32329630,6SR4502-2HA34-0BH1 - Z8-191444501-231,08-10-2022 22:02,Verified,6SR4502-2HA34-0BH1,Z8-191444501-231,JSW Steel Ltd.,"IN-Bellary-P.O. Vidyanagar,","PH GH180, air cooled"
IB-32364988,1RQ14566IA70Z - N8/65016819,08-10-2022 22:02,Verified,1RQ14566IA70Z,N8/65016819,Bhushan Power & Steel Ltd.,"IN-Sambalpur-Village Thelkoloi PO Lapanga Tehshill Rengali, District","Motors HV H-modul (async., Non-Ex)"
IB-32364991,1RQ14566IA70Z - N8/65016697,08-10-2022 22:02,Verified,1RQ14566IA70Z,N8/65016697,Bhushan Power & Steel Ltd.,"IN-Sambalpur-Village Thelkoloi PO Lapanga Tehshill Rengali, District","Motors HV H-modul (async., Non-Ex)"
IB-32364992,1RQ14566IA70Z - N8/65016695,08-10-2022 22:02,Verified,1RQ14566IA70Z,N8/65016695,Bhushan Power & Steel Ltd.,"IN-Sambalpur-Village Thelkoloi PO Lapanga Tehshill Rengali, District","Motors HV H-modul (async., Non-Ex)"
IB-22045033,1LA44042AN00Z - N8/3005353533100019,08-10-2022 23:07,Verified,1LA44042AN00Z,N8/3005353533100019,Phillips Carbon Black Ltd.,"IN-Mundra-Survey No.47, Village Mokha Near Vadala,",Motors HV H-compact (Non-Ex)
IB-27756683,1MS4312-4DN00-Z - N-KD5020708010001,08-10-2022 23:15,Active,1MS4312-4DN00-Z,N-KD5020708010001,Flowserve India Controls Pvt. Ltd.,IN-Coimbatore-SF No.136/3 & 137 Myleripalayam Rd.,Motors HV H-compact (Ex)
IB-18149099,6SL3956-6YX03-0AA0 - N-K1123603-00003,09-10-2022 00:13,Verified,6SL3956-6YX03-0AA0,N-K1123603-00003,Megha Engineering & Infrastructures Ltd.,"IN-Hyderabad-S-2 Technocrat Indl. Estate,",Miscellaneous
IB-18236522,6SL3956-6YX03-0AA0 - N-K1083603-00001,09-10-2022 00:13,Verified,6SL3956-6YX03-0AA0,N-K1083603-00001,Bharat Heavy Electricals Ltd.,IN-Bangalore-Mysore Rd.,Miscellaneous
IB-62346987,6SR5502-5NF43-2BH2-Z8-232350852-005,30-10-2023 20:47,Verified,6SR5502-5NF43-2BH2,Z8-232350852-005,Star Cement Ltd.,"IN-Jaintia Hills-Umlaper Elaka, Rymbai, Khleriat","PH GH180, air cooled"
IB-61405833,6SR5502-2HD41-2BH2 - Z8-231851544-1D2,30-10-2023 23:12,Verified,6SR5502-2HD41-2BH2,Z8-231851544-1D2,McNally Bharat Engineering Company Ltd.,"IN-Talcher-7TH AMALAPADA-IN-Angul, Talcher","PH GH180, air cooled"
IB-59853527,6SR5502-5NC42-0BH2 - Z8-230850840-0C8,15-06-2023 16:36,Verified,6SR5502-5NC42-0BH2,Z8-230850840-0C8,Adani Power (Mundra) Ltd.,"IN-Mundra-Mundra Thermal Power Project, Adani Power SEZ","PH GH180, air cooled"
IB-59880124,6SR5502-2NE41-7BH0 - Z8-234851548-003,15-06-2023 17:09,Active,6SR5502-2NE41-7BH0,Z8-234851548-003,Senex Energy Limited,IN - Senex Energy - Roma North,"PH GH180, air cooled"
IB-60058901,6SR5502-2HB36-0BH2 - Z8-231051535-066,15-06-2023 18:18,To be verified,6SR5502-2HB36-0BH2,Z8-231051535-066,Siemens Ltd.,"IN-Navi Mumbai-Thane Belapur Rd., Airoli","PH GH180, air cooled"
IB-60316637,6SR5502-2HB38-0BH2 - Z8-231251535-060,15-06-2023 18:39,Verified,6SR5502-2HB38-0BH2,Z8-231251535-060,Jindal Steel Odisha Ltd.,"IN-Angul-At/P.O. Jindal Nagar, Nisa SH-63, Chhendipada Rd.","PH GH180, air cooled"
IB-60466071,1RN7800-6PS50-0CJ0-Z - DVY/16571362001,15-06-2023 19:08,Active,1RN7800-6PS50-0CJ0-Z,DVY/16571362001,Arcelormittal Nippon Steel India Ltd.,"IN-Hazira-27Km, Surat Hazira Rd., Surat",Motors HV Innomotics HV M (Non-Ex)
IB-66448445,1NN1358-2AA70-3AA0-Z - N-RN5034699010001,25-01-2024 21:25,Active,1NN1358-2AA70-3AA0-Z,N-RN5034699010001,Flowserve India Controls Pvt. Ltd.,IN-Coimbatore-SF No.136/3 & 137 Myleripalayam Rd.,Motors HV Innomotics HV C (Ex)
IB-54808280,1DC1026-8AD02-Z - DVY/16436661001,20-01-2023 20:36,Verified,1DC1026-8AD02-Z,DVY/16436661001,I G Petrochemicals Limited,"IN-Mumbai-401-404, Raheja Centre,",Generators HV Small Industry Generators
IB-25680429,6RN8011-2SE41-2AA0-Z - N-KN1529994100001,07-10-2022 00:24,Verified,6RN8011-2SE41-2AA0-Z,N-KN1529994100001,JSW Steel Ltd.,"IN-Raigarh-Survey No. 96/1, 96/2 97/0 Village Khar Karavi, Taluka Pen",Excitation Units
IB-25681925,6RN8011-2SE41-2AA0-Z - N-KN1529994101001,07-10-2022 00:24,Verified,6RN8011-2SE41-2AA0-Z,N-KN1529994101001,JSW Steel Ltd.,"IN-Raigarh-Survey No. 96/1, 96/2 97/0 Village Khar Karavi, Taluka Pen",Excitation Units
IB-25681487,6SL3845-7NN43-6AA2-Z - N-K91529994020001,07-10-2022 00:25,Verified,6SL3845-7NN43-6AA2-Z,N-K91529994020001,JSW Steel Ltd.,"IN-Raigarh-Survey No. 96/1, 96/2 97/0 Village Khar Karavi, Taluka Pen","SM150 IGCT, water cooled"
IB-25744637,6SR4502-5NA35-0FH1 - Z8-184343801-576,07-10-2022 00:25,Active,6SR4502-5NA35-0FH1,Z8-184343801-576,Yantra Harvest Energy Pvt. Ltd.,"IN-Pune-Shed No. 4, Anant Indl. Estate Narhe Rd. Dhayari Gaon","PH GH180, air cooled"
IB-25745454,6SR4502-5NB38-7FH1 - Z8-184343802-565,07-10-2022 00:25,To be verified,6SR4502-5NB38-7FH1,Z8-184343802-565,Yantra Harvest Energy Pvt. Ltd.,"IN-Pune-Shed No. 4, Anant Indl. Estate Narhe Rd. Dhayari Gaon","PH GH180, air cooled"
IB-25746367,6SR4502-5NB41-2FH1 - Z8-184343802-575,07-10-2022 00:25,Active,6SR4502-5NB41-2FH1,Z8-184343802-575,Yantra Harvest Energy Pvt. Ltd.,"IN-Pune-Shed No. 4, Anant Indl. Estate Narhe Rd. Dhayari Gaon","PH GH180, air cooled"
IB-26127403,1DQ4847-8AT05-Z - D1750259506,07-10-2022 01:21,Verified,1DQ4847-8AT05-Z,D1750259506,JSW Steel Ltd.,"IN-Raigarh-Survey No. 96/1, 96/2 97/0 Village Khar Karavi, Taluka Pen","Motors HV Milling Motors (sync., large)"
IB-25999212,6SR4502-5ND42-2BH1 - Z8-184443804-220,07-10-2022 01:21,Verified,6SR4502-5ND42-2BH1,Z8-184443804-220,Chettinad Cement Corporation Pvt. Ltd.,IN-Karur-Kumararajah Muthiah Nagar Puliyur Cement Factory Post,"PH GH180, air cooled"
IB-25996679,6SR4502-5ND42-0BH1 - Z8-184343804-578,07-10-2022 01:21,Verified,6SR4502-5ND42-0BH1,Z8-184343804-578,Chettinad Cement Corporation Pvt. Ltd.,"IN-Guntur-Sy No. 181/A, Dachepalli Mandal","PH GH180, air cooled"
IB-25995847,6SR4502-5ND42-0BH1 - Z8-184343804-577,07-10-2022 01:21,Verified,6SR4502-5ND42-0BH1,Z8-184343804-577,Chettinad Cement Corporation Pvt. Ltd.,IN-Karur-Kumararajah Muthiah Nagar Puliyur Cement Factory Post,"PH GH180, air cooled"
IB-25994828,6SR4502-5NF43-7BH1 - Z8-184343806-580,07-10-2022 01:22,Verified,6SR4502-5NF43-7BH1,Z8-184343806-580,Chettinad Cement Corporation Pvt. Ltd.,"IN-Guntur-Sy No. 181/A, Dachepalli Mandal","PH GH180, air cooled"
IB-25995415,6SR4502-5NG45-2BH1 - Z8-184343807-579,07-10-2022 01:22,Verified,6SR4502-5NG45-2BH1,Z8-184343807-579,Chettinad Cement Corporation Pvt. Ltd.,"IN-Guntur-Sy No. 181/A, Dachepalli Mandal","PH GH180, air cooled"
IB-26002390,6SR4502-2CE41-0BH0 - Z8-184340505-582,07-10-2022 01:22,Verified,6SR4502-2CE41-0BH0,Z8-184340505-582,Arcelormittal Nippon Steel India Ltd.,"IN-Paradip-Musadia, Near IFFCO Plant,","PH GH180, air cooled"
IB-26002858,6SR4502-5NC41-6BG1 - Z8-184343803-583,07-10-2022 01:22,Verified,6SR4502-5NC41-6BG1,Z8-184343803-583,Isgec Heavy Engineering Ltd.,IN-Yamunanagar-Radaur Rd.,"PH GH180, air cooled"
IB-26003798,6SR4502-5NC41-6BG1 - Z8-184343803-584,07-10-2022 01:22,Verified,6SR4502-5NC41-6BG1,Z8-184343803-584,Isgec Heavy Engineering Ltd.,IN-Yamunanagar-Radaur Rd.,"PH GH180, air cooled"
IB-26035184,6SR4802-2HF43-0BH1 - STBOJ0335PHG43000,07-10-2022 01:22,Verified,6SR4802-2HF43-0BH1,STBOJ0335PHG43000,Hindustan Zinc Ltd.,IN-Bhilwara-Rampura Agucha Mines,"PH GH180, air cooled"
IB-26127405,1DQ5447-8DT10-Z - D1750259301,07-10-2022 01:22,Verified,1DQ5447-8DT10-Z,D1750259301,MIDHANI - Mishra Dhatu Nigam Limite,IN -INDIA-StraSSe fehlt,"Motors HV Milling Motors (sync., large)"
IB-26127460,6RN8011-1SH42-0AA0-Z - N-KO1529994090001,07-10-2022 01:22,Verified,6RN8011-1SH42-0AA0-Z,N-KO1529994090001,JSW Steel Ltd.,"IN-Raigarh-Survey No. 96/1, 96/2 97/0 Village Khar Karavi, Taluka Pen",Excitation Units
IB-26127462,1PQ4564-8CM90-Z - N-KO1533051070001,07-10-2022 01:22,Verified,1PQ4564-8CM90-Z,N-KO1533051070001,JSW Steel Ltd.,"IN-Raigarh-Survey No. 96/1, 96/2 97/0 Village Khar Karavi, Taluka Pen",Motors HV H-compact (Non-Ex)
IB-26127476,1PQ4564-8CM90-Z - N-KO1533051090001,07-10-2022 01:22,Verified,1PQ4564-8CM90-Z,N-KO1533051090001,JSW Steel Ltd.,"IN-Raigarh-Survey No. 96/1, 96/2 97/0 Village Khar Karavi, Taluka Pen",Motors HV H-compact (Non-Ex)
IB-26127492,1PQ4564-8CM90-Z - N-KO1533051080001,07-10-2022 01:22,Verified,1PQ4564-8CM90-Z,N-KO1533051080001,JSW Steel Ltd.,"IN-Raigarh-Survey No. 96/1, 96/2 97/0 Village Khar Karavi, Taluka Pen",Motors HV H-compact (Non-Ex)
IB-26130431,6RN8011-5SE36-0AA0-Z - N-KO5020303021001,07-10-2022 01:22,Verified,6RN8011-5SE36-0AA0-Z,N-KO5020303021001,Jindal Stainless Ltd.,IN-Jajapur-Kalinga Nagar Indl. Complex,Excitation Units
IB-26131574,6RN8011-5SE36-0AA0-Z - N-KO5020303022001,07-10-2022 01:22,Verified,6RN8011-5SE36-0AA0-Z,N-KO5020303022001,Jindal Stainless Ltd.,IN-Jajapur-Kalinga Nagar Indl. Complex,Excitation Units
IB-26131561,6RN8011-5SE36-0AA0-Z - N-KO5020303020001,07-10-2022 01:22,Verified,6RN8011-5SE36-0AA0-Z,N-KO5020303020001,Jindal Stainless Ltd.,IN-Jajapur-Kalinga Nagar Indl. Complex,Excitation Units
IB-47809115,6SR4102-2CC38-7BH0 - N-M91602085010001,07-10-2022 03:16,Verified,6SR4102-2CC38-7BH0,N-M91602085010001,Gujarat Narmada Valley Fertilizers & Chemicals Ltd.,IN -Bharuch-Dahej Site ( Non S. E. Z. ) G. I. D. C. Dahej - I I Indl.,"PH GH180, air cooled"
IB-47998563,1LA44524AN70Z - N-H11471759010001/2016,07-10-2022 03:18,Verified,1LA44524AN70Z,N-H11471759010001/2016,Komatsu India Pvt. Ltd.,"IN-Chennai-Plot No.A-1, SIPCOT Indl. Park",Motors HV H-compact (Non-Ex)
IB-48261851,6SR5502-2HB37-5BH2 - Z8-213951535-070,07-10-2022 03:19,Verified,6SR5502-2HB37-5BH2,Z8-213951535-070,Century Pulp and Paper,"IN-Manorapeak-Ghanshyam Dham, P.O. Lal Kuan","PH GH180, air cooled"
IB-50419700,6SR5502-5NB41-5FH2 - Z8-220350835-294,07-10-2022 05:29,Active,6SR5502-5NB41-5FH2,Z8-220350835-294,Siemens Ltd.,"IN-Navi Mumbai-Thane Belapur Rd., Airoli","PH GH180, air cooled"
IB-50420037,6SR5502-5NB41-5FH2 - Z8-220350835-31B,07-10-2022 05:29,Active,6SR5502-5NB41-5FH2,Z8-220350835-31B,Siemens Ltd.,"IN-Navi Mumbai-Thane Belapur Rd., Airoli","PH GH180, air cooled"
IB-50420374,6SR5502-5NB41-5FH2 - Z8-220350835-31C,07-10-2022 05:29,Active,6SR5502-5NB41-5FH2,Z8-220350835-31C,Siemens Ltd.,"IN-Navi Mumbai-Thane Belapur Rd., Airoli","PH GH180, air cooled"
IB-50420711,6SR5502-5NB41-5FH2 - Z8-220350835-321,07-10-2022 05:29,Active,6SR5502-5NB41-5FH2,Z8-220350835-321,Siemens Ltd.,"IN-Navi Mumbai-Thane Belapur Rd., Airoli","PH GH180, air cooled"
IB-50433380,6SL3850-7UU31-6AA0-Z - N-JD213603-00010,07-10-2022 05:29,Verified,6SL3850-7UU31-6AA0-Z,N-JD213603-00010,Megha Engineering and Infrastructures Ltd,"IN-Telangana-Servey No-456,Goliwada village, Peddapalli -Dist, Anthergaon Mandal","GL150, air cooled"
IB-51746075,1LA4316-4AN04-Z - 3001072036-400-022,07-10-2022 12:20,Verified,1LA4316-4AN04-Z,3001072036-400-022,NLC Tamilnadu Power Ltd.,IN-Tuticorin-6 Harbour Estate,Motors HV H-compact (Non-Ex)
IB-51746083,1LA4316-4AN04-Z - 3001072006-400-002,07-10-2022 12:20,Verified,1LA4316-4AN04-Z,3001072006-400-002,NLC Tamilnadu Power Ltd.,IN-Tuticorin-6 Harbour Estate,Motors HV H-compact (Non-Ex)
IB-51746089,1LA4354-4AN04-Z - 3001072006-300-001,07-10-2022 12:20,Verified,1LA4354-4AN04-Z,3001072006-300-001,NLC Tamilnadu Power Ltd.,IN-Tuticorin-6 Harbour Estate,Motors HV H-compact (Non-Ex)
IB-51747118,6SR4802-2HB35-0BH1 - STBDJ0357PHG4500,07-10-2022 12:20,Verified,6SR4802-2HB35-0BH1,STBDJ0357PHG4500,Hindalco Industries Ltd.,IN-Sambalpur-Unit Aditya Aluminium Lapanga,"PH GH180, air cooled"
IB-12755729,1DX2261-8AS02-Z - D1331704401,08-10-2022 11:55,Verified,1DX2261-8AS02-Z,D1331704401,Gail Mangalore Petrochemicals Ltd.,IN-Mangalore-No 4 - 214  Pb Number 001,"Motors HV H-modyn (sync., cylindrical)"
IB-16507148,1DQ4646-8AT03-Z - D0750230701,08-10-2022 11:57,Verified,1DQ4646-8AT03-Z,D0750230701,Jindal Stainless Ltd.,IN-Jajapur-Kalinga Nagar Indl. Complex,"Motors HV Milling Motors (sync., large)"
IB-16507149,1DQ4646-8AT03-Z - D0750230702,08-10-2022 11:57,Verified,1DQ4646-8AT03-Z,D0750230702,Jindal Stainless Ltd.,IN-Jajapur-Kalinga Nagar Indl. Complex,"Motors HV Milling Motors (sync., large)"
IB-16507150,1DQ4646-8AT03-Z - D0750230703,08-10-2022 11:57,Verified,1DQ4646-8AT03-Z,D0750230703,Jindal Stainless Ltd.,IN-Jajapur-Kalinga Nagar Indl. Complex,"Motors HV Milling Motors (sync., large)"
IB-16507151,1DQ4646-8AT03-Z - D0750230704,08-10-2022 11:57,Verified,1DQ4646-8AT03-Z,D0750230704,Jindal Stainless Ltd.,IN-Jajapur-Kalinga Nagar Indl. Complex,"Motors HV Milling Motors (sync., large)"
IB-16507152,1DQ4646-8AT03-Z - D0750230705,08-10-2022 11:57,Verified,1DQ4646-8AT03-Z,D0750230705,Jindal Stainless Ltd.,IN-Jajapur-Kalinga Nagar Indl. Complex,"Motors HV Milling Motors (sync., large)"
IB-16507153,1DQ4646-8AT03-Z - D0750230706,08-10-2022 11:57,Verified,1DQ4646-8AT03-Z,D0750230706,Jindal Stainless Ltd.,IN-Jajapur-Kalinga Nagar Indl. Complex,"Motors HV Milling Motors (sync., large)"
IB-16507087,1DQ5651-8DT08-Z - D0650233603,08-10-2022 11:57,Verified,1DQ5651-8DT08-Z,D0650233603,Tata Steel BSL Ltd.,"IN-Dhenkanal-Narendra Pur. P.O Shibapur,","Motors HV Milling Motors (sync., large)"
IB-16507091,1DQ5651-8DT08-Z - D0650233604,08-10-2022 11:57,Verified,1DQ5651-8DT08-Z,D0650233604,Tata Steel BSL Ltd.,"IN-Dhenkanal-Narendra Pur. P.O Shibapur,","Motors HV Milling Motors (sync., large)"
IB-16609256,6SL3961-6RC10-0BA0 - N-HO073604-00001,08-10-2022 11:57,Verified,6SL3961-6RC10-0BA0,N-HO073604-00001,JSW Steel Ltd.,"IN-Bellary-P.O. Vidyanagar,",SL150 CU
IB-12686162,1TV1550-8BF02-Z - FQ1327906401,08-10-2022 11:58,Verified,1TV1550-8BF02-Z,FQ1327906401,Reliance Petroleum Ltd.,IN-Jamanagar-Unit At Jamanagar SEZ Village Meghapar/Padana,"Motors HV A-modyn  (async., Non-Ex)"
IB-7667437,1TF5332-7FE72-Z - D9831403801,08-10-2022 12:16,Verified,1TF5332-7FE72-Z,D9831403801,Tamilnadu Newsprint & Papers Ltd.,IN-Karur-Kagithapuram,Motors HV H-moflex (async.)
IB-7665586,1RR1632-6HA90-Z - D8844100401,08-10-2022 12:17,Verified,1RR1632-6HA90-Z,D8844100401,India Cements Ltd.,IN-Sankari-Main Rd.,"Motors HV H-modul (async., slip-ring)"
IB-7667339,1DQ4852-6DA03-Z - D9450201401,08-10-2022 12:17,Verified,1DQ4852-6DA03-Z,D9450201401,JSW Ispat Steel Ltd.,"IN-Raigad-Dolvi Geetapuram, Taluka Pen","Motors HV Milling Motors (sync., large)"
IB-7667340,1DQ4852-6DA03-Z - D9450201402,08-10-2022 12:17,Verified,1DQ4852-6DA03-Z,D9450201402,JSW Ispat Steel Ltd.,"IN-Raigad-Dolvi Geetapuram, Taluka Pen","Motors HV Milling Motors (sync., large)"
IB-7667341,1DQ4852-6DA03-Z - D9450201403,08-10-2022 12:17,Verified,1DQ4852-6DA03-Z,D9450201403,JSW Ispat Steel Ltd.,"IN-Raigad-Dolvi Geetapuram, Taluka Pen","Motors HV Milling Motors (sync., large)"
IB-7667342,1DQ4852-6DA03-Z - D9450201404,08-10-2022 12:17,Verified,1DQ4852-6DA03-Z,D9450201404,JSW Ispat Steel Ltd.,"IN-Raigad-Dolvi Geetapuram, Taluka Pen","Motors HV Milling Motors (sync., large)"
IB-7667343,1DQ4852-6DA03-Z - D9450201405,08-10-2022 12:17,Verified,1DQ4852-6DA03-Z,D9450201405,JSW Ispat Steel Ltd.,"IN-Raigad-Dolvi Geetapuram, Taluka Pen","Motors HV Milling Motors (sync., large)"
IB-7667344,1DQ4852-6DA03-Z - D9450201406,08-10-2022 12:17,Verified,1DQ4852-6DA03-Z,D9450201406,JSW Ispat Steel Ltd.,"IN-Raigad-Dolvi Geetapuram, Taluka Pen","Motors HV Milling Motors (sync., large)"
IB-7890272,1LS7636-6XZ90-Z - 177547,08-10-2022 12:19,Verified,1LS7636-6XZ90-Z,177547,NLC India Ltd.,"IN-Neyveli-Block 1, South Arcot",Motors HV Others
IB-10243250,1MV5407-6BJ74-4AA0-Z - LDX/50000634,08-10-2022 12:19,Verified,1MV5407-6BJ74-4AA0-Z,LDX/50000634,Indian Oil Corporation Ltd.,"IN-Sambalpur-Kainsir Rd., Ainthapali",Motors HV Loher Tube Cooled (Ex flameproof)
IB-10243266,1MV5407-6BJ74-4AA0-Z - LDX/50000633,08-10-2022 12:19,Verified,1MV5407-6BJ74-4AA0-Z,LDX/50000633,Indian Oil Corporation Ltd.,"IN-Sambalpur-Kainsir Rd., Ainthapali",Motors HV Loher Tube Cooled (Ex flameproof)
IB-10243273,1PS4506-6BJ90-4CA0-Z - LDX/50000588,08-10-2022 12:19,Verified,1PS4506-6BJ90-4CA0-Z,LDX/50000588,Kirloskar Ebara Pumps Ltd.,"IN-Pune-Pride Kumar Senate Bldg., S. B. Rd.",Motors HV Loher Vario (Ex flameproof)
IB-10255174,HD11100698 - A5E03680357,08-10-2022 12:20,Verified,HD11100698,A5E03680357,Raychem-RPG Pvt. Ltd.,"IN-Pune-Gat No 426/2B Chakan-Talegaon Rd. Mahalunge Village, Taluka",Miscellaneous (F)
IB-10257430,1LA44042AN00Z - 64915220,08-10-2022 12:20,Verified,1LA44042AN00Z,64915220,Kirloskar Pneumatic Company Ltd.,IN-Pune-Hadapsar Indl. Estate,Motors HV H-compact (Non-Ex)
IB-9320387,1DQ5455-8DT06-Z - D0750237201,08-10-2022 12:20,Verified,1DQ5455-8DT06-Z,D0750237201,Jindal Stainless Ltd.,IN-Jajapur-Kalinga Nagar Indl. Complex,"Motors HV Milling Motors (sync., large)"
IB-9151796,1DE5906-6FF90-Z - N-500173303001/2008,08-10-2022 12:20,Verified,1DE5906-6FF90-Z,N-500173303001/2008,Jindal Steel And Power Ltd.,"IN-Ramgarh-Balkudra, Patratu","Motors HV VEM (Siemens labeled, sync.)"
IB-8988299,6SL3855-5UN11-6KA0 - N-C3093603-00010,08-10-2022 12:20,Verified,6SL3855-5UN11-6KA0,N-C3093603-00010,Jsw Techno Projects Management Ltd.,IN-Bellary-Post Vidyanagar,"GL150, water cooled"
IB-8988300,6SL3855-5UN11-6KA0 - N-C3093603-00014,08-10-2022 12:20,Verified,6SL3855-5UN11-6KA0,N-C3093603-00014,Jsw Techno Projects Management Ltd.,IN-Bellary-Post Vidyanagar,"GL150, water cooled"
IB-8993840,6SL3855-5UN11-6KA0 - N-C3093603-00006,08-10-2022 12:20,Verified,6SL3855-5UN11-6KA0,N-C3093603-00006,Jsw Techno Projects Management Ltd.,IN-Bellary-Post Vidyanagar,"GL150, water cooled"
IB-10262758,1LA43164AN76Z - N8/64904493,08-10-2022 12:20,Verified,1LA43164AN76Z,N8/64904493,Gateway Terminal Pvt. Ltd.,"IN-Navi Mumbai-E2 Bldg, Jnpt -  Nhava Sheva",Motors HV H-compact (Non-Ex)
IB-10262759,1LA43164AN76Z - N8/64904494,08-10-2022 12:20,Verified,1LA43164AN76Z,N8/64904494,Gateway Terminal Pvt. Ltd.,"IN-Navi Mumbai-E2 Bldg, Jnpt -  Nhava Sheva",Motors HV H-compact (Non-Ex)
IB-10262798,1LA43164AN76Z - 64904493,08-10-2022 12:20,Verified,1LA43164AN76Z,64904493,Atlas Copco (India) Ltd,"IN-Pune-Sveanagar, Mumbai Pune Rd.",Motors HV H-compact (Non-Ex)
IB-10262803,1LA43164AN76Z - 64904494,08-10-2022 12:20,Verified,1LA43164AN76Z,64904494,Atlas Copco (India) Ltd,"IN-Pune-Sveanagar, Mumbai Pune Rd.",Motors HV H-compact (Non-Ex)
IB-10291100,1RQ145621A90Z - 64574920,08-10-2022 12:20,Verified,1RQ145621A90Z,64574920,Can-Pack India Pvt. Ltd.,"IN-Aurangabad-H14/1, Midc Area, Wajuj","Motors HV A-compact+ (async., Non-Ex)"
IB-10485437,1RQ145621A90Z - N8/64574920,08-10-2022 12:20,Verified,1RQ145621A90Z,N8/64574920,CanPack India Pvt. Ltd.,"IN-Aurangabad-H-14/1, MIDC, Waluj","Motors HV H-modul (async., Non-Ex)"
IB-10346667,1LA43544AN96Z - N8/3004727215,08-10-2022 12:20,Verified,1LA43544AN96Z,N8/3004727215,Atlas Copco (India) Ltd,"IN-Pune-Sveanagar, Mumbai Pune Rd.",Motors HV H-compact (Non-Ex)
IB-10346690,1LA43544AN96Z - 64903957,08-10-2022 12:20,Verified,1LA43544AN96Z,64903957,Atlas Copco (India) Ltd,"IN-Pune-Sveanagar, Mumbai Pune Rd.",Motors HV H-compact (Non-Ex)
IB-9320390,1DQ4646-8AT03-Z - D0750237203,08-10-2022 12:21,Verified,1DQ4646-8AT03-Z,D0750237203,Jindal Stainless Ltd.,IN-Jajapur-Kalinga Nagar Indl. Complex,"Motors HV Milling Motors (sync., large)"
IB-9320391,1DQ4646-8AT03-Z - D0750237204,08-10-2022 12:21,Verified,1DQ4646-8AT03-Z,D0750237204,Jindal Stainless Ltd.,IN-Jajapur-Kalinga Nagar Indl. Complex,"Motors HV Milling Motors (sync., large)"
IB-9320392,1DQ4646-8AT03-Z - D0750237205,08-10-2022 12:21,Verified,1DQ4646-8AT03-Z,D0750237205,Jindal Stainless Ltd.,IN-Jajapur-Kalinga Nagar Indl. Complex,"Motors HV Milling Motors (sync., large)"
IB-9320393,1DQ4646-8AT03-Z - D0750237206,08-10-2022 12:21,Verified,1DQ4646-8AT03-Z,D0750237206,Jindal Stainless Ltd.,IN-Jajapur-Kalinga Nagar Indl. Complex,"Motors HV Milling Motors (sync., large)"
IB-7665359,1RQ1804-4HS90-Z - D8742500101,08-10-2022 12:22,Verified,1RQ1804-4HS90-Z,D8742500101,Rashtriya Chemicals And Fertilizers Ltd.,"IN-Mumbai-Administrative Bldg., Mahul Rd.,","Motors HV H-modul (async., Non-Ex)"
IB-9619555,1LA4500-6CN80-Z - N-H31474380010001,08-10-2022 12:22,Verified,1LA4500-6CN80-Z,N-H31474380010001,Bharat Forge Ltd.,IN-Pune-Mundhwa Pune Cantonment,Motors HV H-compact (Non-Ex)
IB-9620206,1LA4500-6CN80-Z - N-H31474380010002,08-10-2022 12:22,Verified,1LA4500-6CN80-Z,N-H31474380010002,Bharat Forge Ltd.,IN-Pune-Mundhwa Pune Cantonment,Motors HV H-compact (Non-Ex)
IB-7665582,1RR1714-6HA90-Z - D8844100301,08-10-2022 12:22,Verified,1RR1714-6HA90-Z,D8844100301,India Cements Ltd.,IN-Sankari-Main Rd.,"Motors HV H-modul (async., slip-ring)"
IB-7665583,1RR1714-6HA90-Z - D8844100302,08-10-2022 12:22,Verified,1RR1714-6HA90-Z,D8844100302,India Cements Ltd.,IN-Sankari-Main Rd.,"Motors HV H-modul (async., slip-ring)"
IB-7665584,1RR1714-6HA90-Z - D8844100303,08-10-2022 12:22,Verified,1RR1714-6HA90-Z,D8844100303,India Cements Ltd.,IN-Sankari-Main Rd.,"Motors HV H-modul (async., slip-ring)"
IB-7665585,1RR1714-6HA90-Z - D8844100304,08-10-2022 12:22,Verified,1RR1714-6HA90-Z,D8844100304,India Cements Ltd.,IN-Sankari-Main Rd.,"Motors HV H-modul (async., slip-ring)"
IB-7665752,1RQ1634-4HN70-Z - D8941102801,08-10-2022 12:22,Verified,1RQ1634-4HN70-Z,D8941102801,Reliance Industries Ltd.,"IN-Surat-Surat-Hazira Rd., Village Mora","Motors HV H-modul (async., Non-Ex)"
IB-7665753,1SJ1712-7JN70-Z - D8941102901,08-10-2022 12:22,Verified,1SJ1712-7JN70-Z,D8941102901,Reliance Industries Ltd.,"IN-Surat-Surat-Hazira Rd., Village Mora","Motors HV H-modul (async., Ex)"
IB-7665754,1SJ1712-7JN70-Z - D8941102902,08-10-2022 12:22,Verified,1SJ1712-7JN70-Z,D8941102902,Reliance Industries Ltd.,"IN-Surat-Surat-Hazira Rd., Village Mora","Motors HV H-modul (async., Ex)"
IB-7665736,1DN5518-8DE09-Z - D8934100101,08-10-2022 12:22,Verified,1DN5518-8DE09-Z,D8934100101,Indian Oil Corporation Ltd.,IN-Haldia-P.O. Haldia Oil Refinery,Motors HV Others
IB-7665687,1DN5518-8DE09-Z - D8934100201,08-10-2022 12:22,Verified,1DN5518-8DE09-Z,D8934100201,Indian Oil Corporation Ltd.,IN-Haldia-P.O. Haldia Oil Refinery,Motors HV Others
IB-8987767,6SL3845-7NN43-6AA0-N-V8224121-00001,08-10-2022 12:23,Verified,6SL3845-7NN43-6AA0,N-V8224121-00001,Tata Steel BSL Ltd.,"IN-Dhenkanal-Narendra Pur. P.O Shibapur,","SM150 IGCT, water cooled"
IB-7665358,1SJ1805-4NN90-Z - D8741500201,08-10-2022 12:23,Verified,1SJ1805-4NN90-Z,D8741500201,Kribhco Fertilizers Ltd.,"IN-Noida-KRIBHCO Bhawan, A-10, Sector-1","Motors HV H-modul (async., Ex)"
IB-7665819,1DE1904-6HN90-Z - D8945100101,08-10-2022 12:23,Verified,1DE1904-6HN90-Z,D8945100101,Durgapur Steel Plant Hosp.,IN-Durgapur-Main Rd.,Motors HV H-modul (sync.)
IB-7665820,1DE1904-6HN90-Z - D8945100102,08-10-2022 12:23,Verified,1DE1904-6HN90-Z,D8945100102,Durgapur Steel Plant Hosp.,IN-Durgapur-Main Rd.,Motors HV H-modul (sync.)
IB-5172302,6SL3810-2LP36-0AA0 - SN-DN1392192010001,08-10-2022 13:12,Verified,6SL3810-2LP36-0AA0,N-DN1392192010001,NMDC Steel Ltd.,IN-Jagdalpur-Post: Nagarnar,"GM150 IGBT, air cooled"
IB-5172854,6SL3810-2LP36-0AA0 - SN-DO1392192060001,08-10-2022 13:12,Verified,6SL3810-2LP36-0AA0,N-DO1392192060001,NMDC Steel Ltd.,IN-Jagdalpur-Post: Nagarnar,"GM150 IGBT, air cooled"
IB-5172546,6SL3810-2LP36-0AA0 - SN-D91392192030001,08-10-2022 13:12,Verified,6SL3810-2LP36-0AA0,N-D91392192030001,NMDC Steel Ltd.,IN-Jagdalpur-Post: Nagarnar,"GM150 IGBT, air cooled"
IB-5172658,6SL3810-2LP36-0AA0 - SN-D91392192040001,08-10-2022 13:12,Verified,6SL3810-2LP36-0AA0,N-D91392192040001,NMDC Steel Ltd.,IN-Jagdalpur-Post: Nagarnar,"GM150 IGBT, air cooled"
IB-5172436,6SL3810-2LP36-0AA0 - SN-DN1392192020001,08-10-2022 13:12,Verified,6SL3810-2LP36-0AA0,N-DN1392192020001,NMDC Steel Ltd.,IN-Jagdalpur-Post: Nagarnar,"GM150 IGBT, air cooled"
IB-500465,1LH4500-4CM00-Z - N-B81323906010001,08-10-2022 13:50,Verified,1LH4500-4CM00-Z,N-B81323906010001,Gates India Pvt. Ltd.,IN-Mohali-Ambala Chandigarh Highway,Motors HV H-compact (Non-Ex)
IB-286329,1MA4316-4AN70-Z - N-W31221304010001,08-10-2022 13:50,Verified,1MA4316-4AN70-Z,N-W31221304010001,Indian Oil Corporation Ltd.,"IN-Panipat-Panipat Marketing Complex, Village",Motors HV H-compact (Ex)
IB-286330,1MA4316-4AN70-Z - N-W31221304015002,08-10-2022 13:50,Verified,1MA4316-4AN70-Z,N-W31221304015002,Indian Oil Corporation Ltd.,"IN-Panipat-Panipat Marketing Complex, Village",Motors HV H-compact (Ex)
IB-286331,1MA4316-4AN70-Z - N-W31221304015001,08-10-2022 13:50,Verified,1MA4316-4AN70-Z,N-W31221304015001,Indian Oil Corporation Ltd.,"IN-Panipat-Panipat Marketing Complex, Village",Motors HV H-compact (Ex)
IB-548442,1DZ1545-8AF02-Z - D1031629901,08-10-2022 13:50,Preliminary,1DZ1545-8AF02-Z,D1031629901,Praxair India Pvt. Ltd.,IN-Bangalore-8 Ulsoor Rd.  Praxair House,"Motors HV H-modyn (sync., salient pole)"
IB-548443,1DZ1545-8AF02-Z - D1031629902,08-10-2022 13:50,Preliminary,1DZ1545-8AF02-Z,D1031629902,Praxair India Pvt. Ltd.,IN-Bangalore-8 Ulsoor Rd.  Praxair House,"Motors HV H-modyn (sync., salient pole)"
IB-548444,1DZ1545-8AF02-Z - D1031629903,08-10-2022 13:50,Preliminary,1DZ1545-8AF02-Z,D1031629903,Praxair India Pvt. Ltd.,IN-Bangalore-8 Ulsoor Rd.  Praxair House,"Motors HV H-modyn (sync., salient pole)"
IB-548447,1DZ1545-8AF02-Z - D1031629904,08-10-2022 13:50,Preliminary,1DZ1545-8AF02-Z,D1031629904,Praxair India Pvt. Ltd.,IN-Bangalore-8 Ulsoor Rd.  Praxair House,"Motors HV H-modyn (sync., salient pole)"
IB-434446,1DZ1550-8AF03-Z - D0831623401,08-10-2022 13:50,Verified,1DZ1550-8AF03-Z,D0831623401,VIZAG STEEL,IN-VISAKHAPATNAM-Steel Plant Road,"Motors HV H-modyn (sync., salient pole)"
IB-434447,1DZ1550-8AF03-Z - D0831623402,08-10-2022 13:50,Verified,1DZ1550-8AF03-Z,D0831623402,VIZAG STEEL,IN-VISAKHAPATNAM-Steel Plant Road,"Motors HV H-modyn (sync., salient pole)"
IB-413098,1DZ2071-8AF03-Z - D0731620501,08-10-2022 13:51,Verified,1DZ2071-8AF03-Z,D0731620501,Arcelormittal Nippon Steel India Ltd.,"IN-Hazira-27Km, Surat Hazira Rd., Surat","Motors HV H-modyn (sync., salient pole)"
IB-533364,1RQ1635-4HN70-Z - D8941102701,08-10-2022 13:51,Verified,1RQ1635-4HN70-Z,D8941102701,Reliance Industries Ltd.,IN-Jamnagar-Village Meghpar/Padana,"Motors HV H-modul (async., Non-Ex)"
IB-295784,1DE5906-6FF90-Z - N-5001733020001,08-10-2022 13:51,Verified,1DE5906-6FF90-Z,N-5001733020001,Jindal Steel And Power Ltd.,"IN-Ramgarh-Balkudra, Patratu","Motors HV VEM (Siemens labeled, sync.)"
IB-305816,1RN4450-2HE70-Z - N-W51226724010002,08-10-2022 13:56,Verified,1RN4450-2HE70-Z,N-W51226724010002,Tata Steel BSL Ltd.,"IN-Ghaziabad-23, Site IV, Sahibabad Indl. Area",Motors HV H-compact+ (Non-Ex)
IB-305817,1RN4450-2HE70-Z - N-W51226724010001,08-10-2022 13:56,Verified,1RN4450-2HE70-Z,N-W51226724010001,Tata Steel BSL Ltd.,"IN-Ghaziabad-23, Site IV, Sahibabad Indl. Area",Motors HV H-compact+ (Non-Ex)
IB-299255,1RQ4632-2JY70 - N-W51219992010001,08-10-2022 13:56,Verified,1RQ4632-2JY70,N-W51219992010001,Essar Steel India Ltd.,"IN-Pune-Gat No. 437 & 442 Golechiwadi Ambi Nigade Rd.,  MIDC Talegao",Motors HV H-compact+ (Non-Ex)
IB-299256,1RQ4632-2JY70 - N-W51219992010002,08-10-2022 13:56,Verified,1RQ4632-2JY70,N-W51219992010002,Essar Steel India Ltd.,"IN-Pune-Gat No. 437 & 442 Golechiwadi Ambi Nigade Rd.,  MIDC Talegao",Motors HV H-compact+ (Non-Ex)
IB-387062,1DK5827-4DE07-Z - D8960103402,08-10-2022 13:57,Verified,1DK5827-4DE07-Z,D8960103402,Ferro Alloys Corporation Ltd.,"IN-Bhadrak-Laxmi Bhawan, Kuans",Generators HV Diesel Generators
IB-562916,DNSW-355LD-04A - 5147714,08-10-2022 13:58,Verified,DNSW-355LD-04A,5147714,Indian Oil Corporation Ltd.,"IN-Panipat-Panipat Marketing Complex, Village",Motors HV Loher Vario (Ex flameproof)
IB-386931,DNSW-355LD-04A - 5147713,08-10-2022 13:58,Verified,DNSW-355LD-04A,5147713,Indian Oil Corporation Ltd.,"IN-Panipat-Panipat Marketing Complex, Village",Motors HV Loher Vario (Ex flameproof)
IB-387136,1DX - 1316014,08-10-2022 13:58,Verified,1DX,1316014,JSW Steel Ltd.,"IN-Bellary-P.O. Vidyanagar,",Motors HV Others
IB-390112,DHSW400LK02M - 5149165,08-10-2022 13:58,Verified,DHSW400LK02M,5149165,Indian Oil Corporation Ltd.,"IN-New Delhi-3079/3, J B Tito Marg, Sadiq Nagar",Motors HV Loher Vario (Ex flameproof)
IB-563014,DHSW400LK02M - 5149166,08-10-2022 13:58,Verified,DHSW400LK02M,5149166,Indian Oil Corporation Ltd.,"IN-New Delhi-3079/3, J B Tito Marg, Sadiq Nagar",Motors HV Loher Vario (Ex flameproof)
IB-387563,1DL2337-8KD02-Z - D9233401101,08-10-2022 13:58,Verified,1DL2337-8KD02-Z,D9233401101,Essar Steel India Ltd.,"IN-Pune-Gat No. 437 & 442 Golechiwadi Ambi Nigade Rd.,  MIDC Talegao","Motors HV H-moflex (sync., salient pole and cylindrical)"
IB-41962208,6SR5502-5NF44-2BH1 - Z8-203150852-410,08-10-2022 14:27,Verified,6SR5502-5NF44-2BH1,Z8-203150852-410,Chettinad Cement Corporation Pvt. Ltd,"IN-Vizag-286, Tallapalem Grinding Unit, Tallepallem","PH GH180, air cooled"
IB-41986773,6SR5502-2HE41-7BH1 - Z8-203351548-627,08-10-2022 14:27,Verified,6SR5502-2HE41-7BH1,Z8-203351548-627,Satguru Cement Pvt. Ltd.,"IN-Gandhwani-Jeerabad, (Village Ghursal), Tehsil","PH GH180, air cooled"
IB-41969768,6SR5502-2HE41-7BH1 - Z8-203351548-628,08-10-2022 14:27,Verified,6SR5502-2HE41-7BH1,Z8-203351548-628,Satguru Cement Pvt. Ltd.,"IN-Gandhwani-Jeerabad, (Village Ghursal), Tehsil","PH GH180, air cooled"
IB-41973186,6SR5502-2HD41-6BH1 - Z8-203351544-623,08-10-2022 14:27,Verified,6SR5502-2HD41-6BH1,Z8-203351544-623,Satguru Cement Pvt. Ltd.,"IN-Gandhwani-Jeerabad, (Village Ghursal), Tehsil","PH GH180, air cooled"
IB-41977802,6SR5502-2HD41-6BH1 - Z8-203351544-622,08-10-2022 14:27,Verified,6SR5502-2HD41-6BH1,Z8-203351544-622,Satguru Cement Pvt. Ltd.,"IN-Gandhwani-Jeerabad, (Village Ghursal), Tehsil","PH GH180, air cooled"
IB-41974630,6SR5502-2HF42-7BH1 - Z8-203351552-629,08-10-2022 14:27,Verified,6SR5502-2HF42-7BH1,Z8-203351552-629,Jajpur Cements Pvt. Ltd.,IN-Jajpur-Kalinganagar Industrial Complex,"PH GH180, air cooled"
IB-41979826,6SR5502-2HD41-5FH1 - Z8-203151544-411,08-10-2022 14:27,Verified,6SR5502-2HD41-5FH1,Z8-203151544-411,Sunflag Iron And Steel Company Ltd.,"IN-Nagpur-Bhandara, Bhandara Rd., Warthi","PH GH180, air cooled"
IB-42011955,1MS4402-2CN00-Z - N-M81596407010001,08-10-2022 14:28,Verified,1MS4402-2CN00-Z,N-M81596407010001,Chambal Fertilisers and Chemicals Ltd.,IN-Kota-Gadepan,Motors HV H-compact (Ex)
IB-39124092,6SR5502-5NC41-7BH1-Z - Z8-200250840-283,08-10-2022 15:07,Verified,6SR5502-5NC41-7BH1-Z,Z8-200250840-283,Steel Authority of India Ltd.,IN-Durgapur-Durgapur Steel Plant,"PH GH180, air cooled"
IB-39124313,6SR5502-5NC41-7BH1-Z - Z8-200250840-428,08-10-2022 15:07,Verified,6SR5502-5NC41-7BH1-Z,Z8-200250840-428,Steel Authority of India Ltd.,IN-Durgapur-Durgapur Steel Plant,"PH GH180, air cooled"
IB-39124534,6SR5502-5NC41-7BH1-Z - Z8-200250840-429,08-10-2022 15:07,Verified,6SR5502-5NC41-7BH1-Z,Z8-200250840-429,Steel Authority of India Ltd.,IN-Durgapur-Durgapur Steel Plant,"PH GH180, air cooled"
IB-41315146,1PS4712-6BS70-4AA0 - 5152310,08-10-2022 15:10,Verified,1PS4712-6BS70-4AA0,5152310,Bharat Petroleum Corporation Ltd.,"IN-Mumbai-Bharat Petroleum Refinery,",Motors HV Loher Vario (Ex flameproof)
IB-33397866,TYZ:API_MOTOR_H_FA - 3007368795-10,08-10-2022 20:54,Verified,TYZ:API_MOTOR_H_FA,3007368795-10,Sulzer Pumps India Pvt. Ltd.,"IN-Thane-Plot No. 9, Moirvali - M I D C,",Motors HV ANEMA
IB-33397869,TYZ:API_MOTOR_H_FA - 3007368795-20,08-10-2022 20:54,Verified,TYZ:API_MOTOR_H_FA,3007368795-20,Sulzer Pumps India Pvt. Ltd.,"IN-Thane-Plot No. 9, Moirvali - M I D C,",Motors HV ANEMA
IB-33397870,TYZ:API_MOTOR_H_FA - 3007368795-30,08-10-2022 20:54,Verified,TYZ:API_MOTOR_H_FA,3007368795-30,Sulzer Pumps India Pvt. Ltd.,"IN-Thane-Plot No. 9, Moirvali - M I D C,",Motors HV ANEMA
IB-35097802,1DT1163-1UN04-0NA2-Z - DVY/15663551001,08-10-2022 21:20,Verified,1DT1163-1UN04-0NA2-Z,DVY/15663551001,Hindustan Petroleum Corporation Ltd.,"IN-Visakhapatnam-Visakha New Tml, Visakha Terminal,",Generators HV SIGENTICS M
IB-34238362,6SR4802-2HD41-5BH1 - STB8J0312PHG41500,08-10-2022 21:22,Verified,6SR4802-2HD41-5BH1,STB8J0312PHG41500,Gail (India) Limited,"IN-Sirohi-LPG Pumping Station,Abu Road, NH-14,P.O. Khadat","PH GH180, air cooled"
IB-30616022,6SR4802-2HB36-0BH1 - STB3K0380PHG4600,08-10-2022 21:41,Verified,6SR4802-2HB36-0BH1,STB3K0380PHG4600,ACC Ltd.,"IN-Katni-Kymore Cement Works, P.O. Kymore","PH GH180, air cooled"
IB-30615563,6SR4802-2HD41-5BH1 - STB3K0386PHG41500,08-10-2022 21:42,Verified,6SR4802-2HD41-5BH1,STB3K0386PHG41500,ACC Ltd.,"IN-Katni-Kymore Cement Works, P.O. Kymore","PH GH180, air cooled"
IB-27754439,1DQ4847-8AT05-Z - D1750259508,08-10-2022 23:28,Verified,1DQ4847-8AT05-Z,D1750259508,JSW Steel Ltd.,"IN-Raigarh-Survey No. 96/1, 96/2 97/0 Village Khar Karavi, Taluka Pen","Motors HV Milling Motors (sync., large)"
IB-20997891,HRIDEL NBG 1530399/20 - DVY/15418571001,09-10-2022 01:05,Verified,HRIDEL NBG 1530399/20,DVY/15418571001,OCL Iron and Steel Ltd.,"IN-Rajgangpur-Village, Lamloi, P.O. Garvana",Miscellaneous (F)
IB-35273457,1LA4400-6AN70 - N8/65165362,03-09-2023 08:15,Verified,1LA4400-6AN70,N8/65165362,Emami Paper Mills Ltd.,"IN-Balasore-Balgopalpur, P.O.Rasulpur",Low Voltage Motors
IB-61410111,6SR5502-2HD41-2BH2 - Z8-231851544-1D3,30-10-2023 23:20,Verified,6SR5502-2HD41-2BH2,Z8-231851544-1D3,McNally Bharat Engineering Company Ltd.,"IN-Talcher-7TH AMALAPADA-IN-Angul, Talcher","PH GH180, air cooled"
IB-59854789,6SR5502-2HC41-0BH2 - Z8-230751540-1CA,15-06-2023 16:38,Active,6SR5502-2HC41-0BH2,Z8-230751540-1CA,Siemens Ltd.,"IN-Navi Mumbai-Thane Belapur Rd., Airoli","PH GH180, air cooled"
IB-60500745,6SR5502-2HG43-0BH2 - Z8-231451590-003,15-06-2023 19:14,Verified,6SR5502-2HG43-0BH2,Z8-231451590-003,Arcelormittal Nippon Steel India Ltd.,"IN-Keonjhar-Beneficiation Plant,","PH GH180, air cooled"
IB-66839581,6SR5502-4MD42-2BF2 - Z8-233150744-046,25-01-2024 21:15,Active,6SR5502-4MD42-2BF2,Z8-233150744-046,SIEMENS LARGE DRIVES INDIA PVT LTD,"IN -Navi Mumbai, Thane","PH GH180, air cooled"
IB-66839938,6SR5502-4MD42-2BF2 - Z8-233150744-047,25-01-2024 21:15,Active,6SR5502-4MD42-2BF2,Z8-233150744-047,SIEMENS LARGE DRIVES INDIA PVT LTD,"IN -Navi Mumbai, Thane","PH GH180, air cooled"
IB-57246767,6SR5502-2HE42-0BH2 - Z8-225151548-341,03-04-2023 13:22,Verified,6SR5502-2HE42-0BH2,Z8-225151548-341,Hindustan Zinc Ltd.,IN-Bhilwara-Rampura Agucha Mines,"PH GH180, air cooled"
IB-55557440,6SR3802-6NE42-0BH0 - STB06W0120-PH-MVD,20-01-2023 20:20,Active,6SR3802-6NE42-0BH0,STB06W0120-PH-MVD,Kalyani Steels Ltd.,IN-Koppal-Hospet Rd. Ginigera,"PH GH180, air cooled"
IB-19707376,6SR4502-2HG43-5BH1 - Z8-173044507-214,06-10-2022 21:38,Verified,6SR4502-2HG43-5BH1,Z8-173044507-214,Oil And Natural Gas Corporation Ltd.,"IN-Surat-Hazira Plant, PO ONGC Nagar","PH GH180, air cooled"
IB-41567401,6SR4902-0AC00-0AA0 - N-M8204Q36-00001,06-10-2022 22:15,Verified,6SR4902-0AC00-0AA0,N-M8204Q36-00001,Gujarat Narmada Valley Fertilizers & Chemicals Ltd.,IN -Bharuch-Dahej Site ( Non S. E. Z. ) G. I. D. C. Dahej - I I Indl.,PERFECT HARMONY Components
IB-41567402,6SR4902-0AC00-0AA0 - N-M8204Q36-00004,06-10-2022 22:15,Verified,6SR4902-0AC00-0AA0,N-M8204Q36-00004,Gujarat Narmada Valley Fertilizers & Chemicals Ltd.,IN -Bharuch-Dahej Site ( Non S. E. Z. ) G. I. D. C. Dahej - I I Indl.,PERFECT HARMONY Components
IB-41567403,6SR4902-0AC00-0AA0 - N-M8204Q36-00005,06-10-2022 22:15,Verified,6SR4902-0AC00-0AA0,N-M8204Q36-00005,Gujarat Narmada Valley Fertilizers & Chemicals Ltd.,IN -Bharuch-Dahej Site ( Non S. E. Z. ) G. I. D. C. Dahej - I I Indl.,PERFECT HARMONY Components
IB-41567404,6SR4902-0AC00-0AA0 - N-M8204Q36-00007,06-10-2022 22:15,Verified,6SR4902-0AC00-0AA0,N-M8204Q36-00007,Gujarat Narmada Valley Fertilizers & Chemicals Ltd.,IN -Bharuch-Dahej Site ( Non S. E. Z. ) G. I. D. C. Dahej - I I Indl.,PERFECT HARMONY Components
IB-41567405,6SR4902-0AC00-0AA0 - N-M8204Q36-00011,06-10-2022 22:15,Verified,6SR4902-0AC00-0AA0,N-M8204Q36-00011,Gujarat Narmada Valley Fertilizers & Chemicals Ltd.,IN -Bharuch-Dahej Site ( Non S. E. Z. ) G. I. D. C. Dahej - I I Indl.,PERFECT HARMONY Components
IB-41567406,6SR4902-0AC00-0AA0 - N-M8204Q36-00002,06-10-2022 22:15,Verified,6SR4902-0AC00-0AA0,N-M8204Q36-00002,Gujarat Narmada Valley Fertilizers & Chemicals Ltd.,IN -Bharuch-Dahej Site ( Non S. E. Z. ) G. I. D. C. Dahej - I I Indl.,PERFECT HARMONY Components
IB-41567407,6SR4902-0AC00-0AA0 - N-M8204Q36-00003,06-10-2022 22:15,Verified,6SR4902-0AC00-0AA0,N-M8204Q36-00003,Gujarat Narmada Valley Fertilizers & Chemicals Ltd.,IN -Bharuch-Dahej Site ( Non S. E. Z. ) G. I. D. C. Dahej - I I Indl.,PERFECT HARMONY Components
IB-41567408,6SR4902-0AC00-0AA0 - N-M8204Q36-00006,06-10-2022 22:15,Verified,6SR4902-0AC00-0AA0,N-M8204Q36-00006,Gujarat Narmada Valley Fertilizers & Chemicals Ltd.,IN -Bharuch-Dahej Site ( Non S. E. Z. ) G. I. D. C. Dahej - I I Indl.,PERFECT HARMONY Components
IB-41567409,6SR4902-0AC00-0AA0 - N-M8204Q36-00008,06-10-2022 22:15,Verified,6SR4902-0AC00-0AA0,N-M8204Q36-00008,Gujarat Narmada Valley Fertilizers & Chemicals Ltd.,IN -Bharuch-Dahej Site ( Non S. E. Z. ) G. I. D. C. Dahej - I I Indl.,PERFECT HARMONY Components
IB-41567410,6SR4902-0AC00-0AA0 - N-M8204Q36-00009,06-10-2022 22:15,Verified,6SR4902-0AC00-0AA0,N-M8204Q36-00009,Gujarat Narmada Valley Fertilizers & Chemicals Ltd.,IN -Bharuch-Dahej Site ( Non S. E. Z. ) G. I. D. C. Dahej - I I Indl.,PERFECT HARMONY Components
IB-41567411,6SR4902-0AC00-0AA0 - N-M8204Q36-00010,06-10-2022 22:15,Verified,6SR4902-0AC00-0AA0,N-M8204Q36-00010,Gujarat Narmada Valley Fertilizers & Chemicals Ltd.,IN -Bharuch-Dahej Site ( Non S. E. Z. ) G. I. D. C. Dahej - I I Indl.,PERFECT HARMONY Components
IB-41567412,6SR4902-0AC00-0AA0 - N-M8204Q36-00012,06-10-2022 22:15,Verified,6SR4902-0AC00-0AA0,N-M8204Q36-00012,Gujarat Narmada Valley Fertilizers & Chemicals Ltd.,IN -Bharuch-Dahej Site ( Non S. E. Z. ) G. I. D. C. Dahej - I I Indl.,PERFECT HARMONY Components
IB-49200021,6SR4502-5NJ48-8BH1-Z8-214540809-47E,07-10-2022 06:46,Verified,6SR4502-5NJ48-8BH1,Z8-214540809-47E,Government of Telangana Irrigation & CAD Department,IN -.-.,"PH GH180, air cooled"
IB-49200981,6SR4502-5NJ48-8BH1-Z8-214540809-4D8,07-10-2022 06:46,Verified,6SR4502-5NJ48-8BH1,Z8-214540809-4D8,Government of Telangana Irrigation & CAD Department,IN -.-.,"PH GH180, air cooled"
IB-49094360,6SR5502-5NC41-7BH2 - Z8-214550840-0C3,07-10-2022 06:48,Verified,6SR5502-5NC41-7BH2,Z8-214550840-0C3,Jaykaycem (Central) Ltd.,"IN-Amanganj-NA, C/o Rudra Pratap Tiwari Ward No. 14, Gunnore Rd.","PH GH180, air cooled"
IB-49094225,6SR5502-5NC41-7BH2 - Z8-214550840-0C2,07-10-2022 06:48,Verified,6SR5502-5NC41-7BH2,Z8-214550840-0C2,Jaykaycem (Central) Ltd.,"IN-Amanganj-NA, C/o Rudra Pratap Tiwari Ward No. 14, Gunnore Rd.","PH GH180, air cooled"
IB-49094495,6SR5502-5NE43-0BH2 - Z8-214550848-0C1,07-10-2022 06:48,Verified,6SR5502-5NE43-0BH2,Z8-214550848-0C1,Jaykaycem (Central) Ltd.,IN-Madhya Pradesh-Amanganj District: Panna Panna,"PH GH180, air cooled"
IB-49094847,6SR5502-5NE43-0BH2 - Z8-214550848-13D,07-10-2022 06:48,Verified,6SR5502-5NE43-0BH2,Z8-214550848-13D,Jaykaycem (Central) Ltd.,IN-Madhya Pradesh-Amanganj District: Panna Panna,"PH GH180, air cooled"
IB-49094671,6SR5502-5NE43-0BH2 - Z8-214550848-13C,07-10-2022 06:48,Verified,6SR5502-5NE43-0BH2,Z8-214550848-13C,Jaykaycem (Central) Ltd.,IN-Madhya Pradesh-Amanganj District: Panna Panna,"PH GH180, air cooled"
IB-19975899,6SL3845-7NN41-8AC2-Z - N-K25019041010001,07-10-2022 07:32,Verified,6SL3845-7NN41-8AC2-Z,N-K25019041010001,Jindal United Steel Ltd.,IN-Jajpur-Kalinga Nagar Industrial Complex,"SM150 IGCT, water cooled"
IB-20099511,1LA45006M00Z - 64781004,07-10-2022 07:33,Verified,1LA45006M00Z,64781004,Ultratech Cement Ltd.,"IN-Chandrapur-P.O. Awarpur Cement Project,",Motors HV H-compact (Non-Ex)
IB-20126426,1PQ45006CM00Z - N8/64882330,07-10-2022 07:33,Verified,1PQ45006CM00Z,N8/64882330,Ultratech Cement Ltd.,"IN-Chandrapur-P.O. Awarpur Cement Project,",Motors HV H-compact (Non-Ex)
IB-20126429,1PQ45006CM00Z - N8/64813825,07-10-2022 07:33,Verified,1PQ45006CM00Z,N8/64813825,Ultratech Cement Ltd.,"IN-Chandrapur-P.O. Awarpur Cement Project,",Motors HV H-compact (Non-Ex)
IB-20126427,1PQ45046CM00Z - N8/64970498,07-10-2022 07:33,Verified,1PQ45046CM00Z,N8/64970498,Ultratech Cement Ltd.,"IN-Chandrapur-P.O. Awarpur Cement Project,",Motors HV H-compact (Non-Ex)
IB-20128755,1MS44508AN94Z - JD1526434010001,07-10-2022 07:33,Verified,1MS44508AN94Z,JD1526434010001,Kirloskar Ebara Pumps Ltd.,"IN-Pune-Pride Kumar Senate Bldg., S. B. Rd.",Motors HV H-compact (Ex)
IB-20128824,1MS44508AN94Z - JD1526434015001,07-10-2022 07:33,Verified,1MS44508AN94Z,JD1526434015001,Kirloskar Ebara Pumps Ltd.,"IN-Pune-Pride Kumar Senate Bldg., S. B. Rd.",Motors HV H-compact (Ex)
IB-54223630,6SR5502-2HB36-0BH2 - Z8-223051535-46A,07-10-2022 13:59,Verified,6SR5502-2HB36-0BH2,Z8-223051535-46A,Jindal Steel Odisha Ltd.,"IN-Angul-At/P.O. Jindal Nagar, Nisa SH-63, Chhendipada Rd.","PH GH180, air cooled"
IB-54222926,6SR5502-2HB36-0BH2 - Z8-223051535-465,07-10-2022 13:59,Verified,6SR5502-2HB36-0BH2,Z8-223051535-465,Jindal Steel Odisha Ltd.,"IN-Angul-At/P.O. Jindal Nagar, Nisa SH-63, Chhendipada Rd.","PH GH180, air cooled"
IB-54223274,6SR5502-2HB36-0BH2 - Z8-223051535-469,07-10-2022 13:59,Verified,6SR5502-2HB36-0BH2,Z8-223051535-469,Jindal Steel Odisha Ltd.,"IN-Angul-At/P.O. Jindal Nagar, Nisa SH-63, Chhendipada Rd.","PH GH180, air cooled"
IB-54223981,6SR5502-2HB36-0BH2 - Z8-223051535-46B,07-10-2022 13:59,Verified,6SR5502-2HB36-0BH2,Z8-223051535-46B,Jindal Steel Odisha Ltd.,"IN-Angul-At/P.O. Jindal Nagar, Nisa SH-63, Chhendipada Rd.","PH GH180, air cooled"
IB-54230284,6SR5502-2HD41-6BH2 - Z8-223251544-247,07-10-2022 13:59,Verified,6SR5502-2HD41-6BH2,Z8-223251544-247,Rungta Mines Ltd.,"IN-Sundergarh-Kamando, P.O. Koira, P.S. Koira","PH GH180, air cooled"
IB-11423822,6SR4502-5ND42-5BH0 - 31501001667,08-10-2022 11:53,Verified,6SR4502-5ND42-5BH0,31501001667,Sasan Power Ltd.,IN-Singrauli-Near Krishi Upaj Mandi,"PH GH180, air cooled"
IB-12214138,NMA:A5E39163884 - N-J45017949100001,08-10-2022 12:02,Verified,NMA:A5E39163884,N-J45017949100001,JSW Steel Ltd.,"IN-Bellary-P.O. Vidyanagar,",Miscellaneous (F)
IB-12214139,NMA:A5E39163884 - N-J45017949100002,08-10-2022 12:02,Verified,NMA:A5E39163884,N-J45017949100002,JSW Steel Ltd.,"IN-Bellary-P.O. Vidyanagar,",Miscellaneous (F)
IB-12222326,A5E36397079 - STB9F0203PHG32250,08-10-2022 12:03,Verified,A5E36397079,STB9F0203PHG32250,Hindustan Zinc Ltd.,IN-Chittorgarh-Chanderiya Lead-Zinc Smelter,"PH GH180, air cooled"
IB-12222343,A5E35409074 - STB2F0174PHMVD,08-10-2022 12:03,Verified,A5E35409074,STB2F0174PHMVD,Jaypee Bela Plant Ltd.,IN-Rewa-Jaypee Puram,"PH GH180, air cooled"
IB-12222344,A5E35409074 - STB2F0175PHMVD,08-10-2022 12:03,Verified,A5E35409074,STB2F0175PHMVD,Jaypee Bela Plant Ltd.,IN-Rewa-Jaypee Puram,"PH GH180, air cooled"
IB-12225248,A5E33851532 - STB08W0142PHMVD,08-10-2022 12:03,Verified,A5E33851532,STB08W0142PHMVD,Oil India Ltd.,"IN-Dibrugarh-P.O: Duliajan,","PH GH180, air cooled"
IB-12225250,A5E33851690 - STB08W0143PHMVD,08-10-2022 12:03,Verified,A5E33851690,STB08W0143PHMVD,Oil India Ltd.,"IN-Dibrugarh-P.O: Duliajan,","PH GH180, air cooled"
IB-12229689,1PQ4504-6 - 64970498,08-10-2022 12:03,Verified,1PQ4504-6,64970498,Ultratech Cement Ltd.,"IN-Chandrapur-P.O. Awarpur Cement Project,",Motors HV H-compact (Non-Ex)
IB-12232201,1PQ4 5048DM90Z - N8/64726500,08-10-2022 12:03,Verified,1PQ4 5048DM90Z,N8/64726500,Tata Steel Ltd.,IN-Jamshedpur-General Office Bldg. Near Bistupur,Motors HV H-compact (Non-Ex)
IB-12288835,1TZ1746-8AU03-Z - D1631426001,08-10-2022 12:04,Verified,1TZ1746-8AU03-Z,D1631426001,Mangalore Refinery and Petrochemicals Ltd.,"IN-Mangalore-Mudapadav, Kuthethoor P.O, Via Katipalla",Motors HV H-modyn (async.)
IB-14505826,1LA4352 - 64983442,08-10-2022 12:05,Verified,1LA4352,64983442,Tuticorin Alkali Chemicals and Fertilisers Ltd.,IN-Tuticorin-Harbour Construction Rd.,Motors HV H-compact (Non-Ex)
IB-14506954,1LA4354AN70Z - 65007283,08-10-2022 12:05,Verified,1LA4354AN70Z,65007283,Atlas Copco (India) Ltd,"IN-Pune-Sveanagar, Mumbai Pune Rd.",Motors HV H-compact (Non-Ex)
IB-8827129,1LA4504-6CN70-Z - 3003418783-200-001,08-10-2022 12:20,Verified,1LA4504-6CN70-Z,3003418783-200-001,BMM Ispat Ltd.,"IN-Bellary-114, Danapur Village, Hospete",Motors HV H-compact (Non-Ex)
IB-8827130,1LA4504-6CN70-Z - 3003418783-200-002,08-10-2022 12:20,Verified,1LA4504-6CN70-Z,3003418783-200-002,BMM Ispat Ltd.,"IN-Bellary-114, Danapur Village, Hospete",Motors HV H-compact (Non-Ex)
IB-8827131,1LA4504-6CN70-Z - 3003418783-200-003,08-10-2022 12:20,Verified,1LA4504-6CN70-Z,3003418783-200-003,BMM Ispat Ltd.,"IN-Bellary-114, Danapur Village, Hospete",Motors HV H-compact (Non-Ex)
IB-8827132,1LA4504-6CN70-Z - 3003418783-200-004,08-10-2022 12:20,Verified,1LA4504-6CN70-Z,3003418783-200-004,BMM Ispat Ltd.,"IN-Bellary-114, Danapur Village, Hospete",Motors HV H-compact (Non-Ex)
IB-8827133,1LA4504-6CN70-Z - 3003418783-200-005,08-10-2022 12:20,Verified,1LA4504-6CN70-Z,3003418783-200-005,BMM Ispat Ltd.,"IN-Bellary-114, Danapur Village, Hospete",Motors HV H-compact (Non-Ex)
IB-8827266,1PQ4454-6YB80-Z - N-V01205832050001,08-10-2022 12:20,Verified,1PQ4454-6YB80-Z,N-V01205832050001,JSW Steel Ltd.,"IN-Bellary-P.O. Vidyanagar,",Motors HV H-compact (Non-Ex)
IB-8827269,1PQ4500-6CM30-Z - DN1399040010002,08-10-2022 12:20,Verified,1PQ4500-6CM30-Z,DN1399040010002,JSW Steel Ltd.,"IN-Bellary-P.O. Vidyanagar,",Motors HV H-compact (Non-Ex)
IB-9170949,1PQ4560-6CM90-Z - A5E32751353,08-10-2022 12:20,Verified,1PQ4560-6CM90-Z,A5E32751353,JINDAL STEEL LIMITED,"IN-Angul-Jindal Nagar, Village-Nisha, State",Motors HV H-compact (Non-Ex)
IB-8827287,1RN6712-4FS90-Z - E21399002015001,08-10-2022 12:20,Verified,1RN6712-4FS90-Z,E21399002015001,JSW Steel Ltd.,"IN-Bellary-P.O. Vidyanagar,",Motors HV H-compact+ (Non-Ex)
IB-8827290,1RN6712-4PM90-Z - E21399002010001,08-10-2022 12:20,Verified,1RN6712-4PM90-Z,E21399002010001,JSW Steel Ltd.,"IN-Bellary-P.O. Vidyanagar,",Motors HV H-compact+ (Non-Ex)
IB-8827298,1PQ4454-8PM00-Z - V0120583205001,08-10-2022 12:20,Verified,1PQ4454-8PM00-Z,V0120583205001,JSW Steel Ltd.,"IN-Bellary-P.O. Vidyanagar,",Motors HV H-compact (Non-Ex)
IB-8827996,1RQ1 454-21A90-Z - 3003727917-100-005,08-10-2022 12:20,Verified,1RQ1 454-21A90-Z,3003727917-100-005,Orient Cement Ltd.,IN-Chittapur-Near Itaga Village,"Motors HV A-compact+ (async., Non-Ex)"
IB-8827997,1RQ1 454-21A90-Z - 3003727917-100-006,08-10-2022 12:20,Verified,1RQ1 454-21A90-Z,3003727917-100-006,Orient Cement Ltd.,IN-Chittapur-Near Itaga Village,"Motors HV A-compact+ (async., Non-Ex)"
IB-8827998,1RQ1 454-21A90-Z - 3003727917-100-004,08-10-2022 12:20,Verified,1RQ1 454-21A90-Z,3003727917-100-004,Orient Cement Ltd.,IN-Chittapur-Near Itaga Village,"Motors HV A-compact+ (async., Non-Ex)"
IB-8866800,JHQA-500LR-02A - 5150737,08-10-2022 12:20,Verified,JHQA-500LR-02A,5150737,ONGC Petro Additions Ltd.,"IN-Dahej-Plot No. Z/1 & Z/83 Sez-1 Dahej Sez, Taluka- Vagra",Motors HV Loher Vario+ (Non-Ex)
IB-8866814,JHQA-500LR-02A - 5150738,08-10-2022 12:20,Verified,JHQA-500LR-02A,5150738,ONGC Petro Additions Ltd.,"IN-Dahej-Plot No. Z/1 & Z/83 Sez-1 Dahej Sez, Taluka- Vagra",Motors HV Loher Vario+ (Non-Ex)
IB-8866815,JHRK-500MR-04A - 5150750,08-10-2022 12:20,Verified,JHRK-500MR-04A,5150750,ONGC Petro Additions Ltd.,"IN-Dahej-Plot No. Z/1 & Z/83 Sez-1 Dahej Sez, Taluka- Vagra",Motors HV Loher Vario+ (Ex)
IB-8866816,JHRK-500MR-04A - 5150751,08-10-2022 12:20,Verified,JHRK-500MR-04A,5150751,ONGC Petro Additions Ltd.,"IN-Dahej-Plot No. Z/1 & Z/83 Sez-1 Dahej Sez, Taluka- Vagra",Motors HV Loher Vario+ (Ex)
IB-8866817,JHRK-500MR-04A - 5150752,08-10-2022 12:20,Verified,JHRK-500MR-04A,5150752,ONGC Petro Additions Ltd.,"IN-Dahej-Plot No. Z/1 & Z/83 Sez-1 Dahej Sez, Taluka- Vagra",Motors HV Loher Vario+ (Ex)
IB-8866818,AHSK-450LM-04A - 5150739,08-10-2022 12:20,Verified,AHSK-450LM-04A,5150739,ONGC Petro Additions Ltd.,"IN-Dahej-Plot No. Z/1 & Z/83 Sez-1 Dahej Sez, Taluka- Vagra",Motors HV Loher Vario (Ex)
IB-8866819,AHSK-450LM-04A - 5150740,08-10-2022 12:20,Verified,AHSK-450LM-04A,5150740,ONGC Petro Additions Ltd.,"IN-Dahej-Plot No. Z/1 & Z/83 Sez-1 Dahej Sez, Taluka- Vagra",Motors HV Loher Vario (Ex)
IB-8866820,AHSK-450LM-04A - 5150741,08-10-2022 12:20,Verified,AHSK-450LM-04A,5150741,ONGC Petro Additions Ltd.,"IN-Dahej-Plot No. Z/1 & Z/83 Sez-1 Dahej Sez, Taluka- Vagra",Motors HV Loher Vario (Ex)
IB-8866821,AHSK-560LM-06A - 5150733,08-10-2022 12:21,Verified,AHSK-560LM-06A,5150733,ONGC Petro Additions Ltd.,"IN-Dahej-Plot No. Z/1 & Z/83 Sez-1 Dahej Sez, Taluka- Vagra",Motors HV Loher Vario (Ex)
IB-8866822,AHSK-560LM-06A - 5150734,08-10-2022 12:21,Verified,AHSK-560LM-06A,5150734,ONGC Petro Additions Ltd.,"IN-Dahej-Plot No. Z/1 & Z/83 Sez-1 Dahej Sez, Taluka- Vagra",Motors HV Loher Vario (Ex)
IB-8866823,AHSK-500LK-04A - 5150735,08-10-2022 12:21,Verified,AHSK-500LK-04A,5150735,ONGC Petro Additions Ltd.,"IN-Dahej-Plot No. Z/1 & Z/83 Sez-1 Dahej Sez, Taluka- Vagra",Motors HV Loher Vario (Ex)
IB-8866824,AHSK-500LK-04B - 5150736,08-10-2022 12:21,Verified,AHSK-500LK-04B,5150736,ONGC Petro Additions Ltd.,"IN-Dahej-Plot No. Z/1 & Z/83 Sez-1 Dahej Sez, Taluka- Vagra",Motors HV Loher Vario (Ex)
IB-8866825,DHSL-400LM-04M - 5150742,08-10-2022 12:21,Verified,DHSL-400LM-04M,5150742,ONGC Petro Additions Ltd.,"IN-Dahej-Plot No. Z/1 & Z/83 Sez-1 Dahej Sez, Taluka- Vagra",Motors HV Loher Vario (Ex flameproof)
IB-8866826,DHSL-400LM-04M - 5150743,08-10-2022 12:21,Verified,DHSL-400LM-04M,5150743,ONGC Petro Additions Ltd.,"IN-Dahej-Plot No. Z/1 & Z/83 Sez-1 Dahej Sez, Taluka- Vagra",Motors HV Loher Vario (Ex flameproof)
IB-8866827,AHSK-400LM-02A - 5150744,08-10-2022 12:21,Verified,AHSK-400LM-02A,5150744,ONGC Petro Additions Ltd.,"IN-Dahej-Plot No. Z/1 & Z/83 Sez-1 Dahej Sez, Taluka- Vagra",Motors HV Loher Vario (Ex)
IB-8866828,AHSK-400LM-02A - 5150745,08-10-2022 12:21,Verified,AHSK-400LM-02A,5150745,ONGC Petro Additions Ltd.,"IN-Dahej-Plot No. Z/1 & Z/83 Sez-1 Dahej Sez, Taluka- Vagra",Motors HV Loher Vario (Ex)
IB-8866829,AHSK-355LM-02A - 5150746,08-10-2022 12:21,Verified,AHSK-355LM-02A,5150746,ONGC Petro Additions Ltd.,"IN-Dahej-Plot No. Z/1 & Z/83 Sez-1 Dahej Sez, Taluka- Vagra",Motors HV Loher Vario (Ex)
IB-8866830,AHSK-355LM-02A - 5150747,08-10-2022 12:21,Verified,AHSK-355LM-02A,5150747,ONGC Petro Additions Ltd.,"IN-Dahej-Plot No. Z/1 & Z/83 Sez-1 Dahej Sez, Taluka- Vagra",Motors HV Loher Vario (Ex)
IB-8866831,AHSK-450LK-02A - 5150748,08-10-2022 12:21,Verified,AHSK-450LK-02A,5150748,ONGC Petro Additions Ltd.,"IN-Dahej-Plot No. Z/1 & Z/83 Sez-1 Dahej Sez, Taluka- Vagra",Motors HV Loher Vario (Ex)
IB-8866832,AHSK-450LK-02A - 5150749,08-10-2022 12:21,Verified,AHSK-450LK-02A,5150749,ONGC Petro Additions Ltd.,"IN-Dahej-Plot No. Z/1 & Z/83 Sez-1 Dahej Sez, Taluka- Vagra",Motors HV Loher Vario (Ex)
IB-8866833,AHSK-450LK-02A - 5151303,08-10-2022 12:21,Verified,AHSK-450LK-02A,5151303,ONGC Petro Additions Ltd.,"IN-Dahej-Plot No. Z/1 & Z/83 Sez-1 Dahej Sez, Taluka- Vagra",Motors HV Loher Vario (Ex)
IB-8866834,AHSK-450LK-02A - 5151304,08-10-2022 12:21,Verified,AHSK-450LK-02A,5151304,ONGC Petro Additions Ltd.,"IN-Dahej-Plot No. Z/1 & Z/83 Sez-1 Dahej Sez, Taluka- Vagra",Motors HV Loher Vario (Ex)
IB-46664451,1RQ13562IA90Z - N8/65216021,08-10-2022 13:32,Verified,1RQ13562IA90Z,N8/65216021,Rasman Technologies Pvt. Ltd.,"IN-Lucknow-Rasman House, E-43,Transport Nagar, Near Parking No-2, Kanpu","Motors HV A-compact+ (async., Non-Ex)"
IB-46664640,1RQ13562IA90Z - N8/65216022,08-10-2022 13:32,Verified,1RQ13562IA90Z,N8/65216022,Rasman Technologies Pvt. Ltd.,"IN-Lucknow-Rasman House, E-43,Transport Nagar, Near Parking No-2, Kanpu","Motors HV A-compact+ (async., Non-Ex)"
IB-588620,6SR3802-6HB37-0BH0 - STB08T0018-PH-MVD,08-10-2022 13:34,Verified,6SR3802-6HB37-0BH0,STB08T0018-PH-MVD,ITC Ltd.,"IN-Bhadrachalam-PO. No.4, Sarapaka Village","PH GH180, air cooled"
IB-588805,6SR3802-6HB36-0BH0 - STB02T0004-PH-MVD,08-10-2022 13:34,Verified,6SR3802-6HB36-0BH0,STB02T0004-PH-MVD,Hindustan Petroleum Corporation Ltd.,"IN-Visakhapatnam-HPCL, Viskha Refinery, PB # 15,","PH GH180, air cooled"
IB-588874,6SR3502-7NJ45-7BH0 - 31501000463,08-10-2022 13:35,Verified,6SR3502-7NJ45-7BH0,31501000463,Essar Power Gujarat Ltd.,"IN-Jamnagar-44 Km, Jamnagar Okha Highway, Khambhaliya,","PH GH180, air cooled"
IB-588870,6SR3502-7NJ45-7BH0 - 31501000459,08-10-2022 13:35,Verified,6SR3502-7NJ45-7BH0,31501000459,Essar Power Gujarat Ltd.,"IN-Jamnagar-44 Km, Jamnagar Okha Highway, Khambhaliya,","PH GH180, air cooled"
IB-588619,103305887 - STB08T0017-PH-MVD,08-10-2022 13:35,Verified,103305887,STB08T0017-PH-MVD,ITC Ltd.,IN-Secunderabad-Bhadrachalam House,"PH GH180, air cooled"
IB-588618,103305885 - STB07T0016-PH-MVD,08-10-2022 13:35,Verified,103305885,STB07T0016-PH-MVD,ITC Ltd.,IN-Secunderabad-Bhadrachalam House,"PH GH180, air cooled"
IB-588617,103305884 - STB04T0013-PH-MVD,08-10-2022 13:35,To be verified,6SR3802-6HB37-0BH0-Z,STB05T0013-PH-MVD,ITC Ltd.,IN-Secunderabad-Bhadrachalam House,"PH GH180, air cooled"
IB-588615,103305879 - STB04T0011-PH-MVD,08-10-2022 13:35,Verified,103305879,STB04T0011-PH-MVD,ITC Ltd.,IN-Secunderabad-Bhadrachalam House,"PH GH180, air cooled"
IB-588607,3000651432 - LDZ315007630.02,08-10-2022 13:35,Verified,3000651432,LDZ315007630.02,Bharat Petroleum Corporation Ltd.,"IN-Kota-Baran Rd., Nh-76 Village - Brijeshpura, Tathed","PH GH180, air cooled"
IB-609737,1RR7713-6 - LD-M-unknown-0000006468,08-10-2022 13:35,Verified,1RR7713-6,LD-M-unknown-0000006468,Cement Corporation of India Ltd.,"IN-New Delhi-87, CCI House, Nehru Place",Motors HV Innomotics HV M (slip-ring)
IB-610012,1RR7713-6 - LD-M-unknown-0000006920,08-10-2022 13:35,Verified,1RR7713-6,LD-M-unknown-0000006920,Cement Corporation of India Ltd.,"IN-New Delhi-87, CCI House, Nehru Place",Motors HV Innomotics HV M (slip-ring)
IB-609733,1RR7712-6 - LD-M-unknown-0000006466,08-10-2022 13:35,Verified,1RR7712-6,LD-M-unknown-0000006466,Cement Corpn Of India Ltd,IN-Bilaspur-Akaltara Cement Factory,Motors HV Innomotics HV M (slip-ring)
IB-609730,1RR7712-6 - LD-M-unknown-0000006465,08-10-2022 13:35,Verified,1RR7712-6,LD-M-unknown-0000006465,Cement Corpn Of India Ltd,IN-Bilaspur-Akaltara Cement Factory,Motors HV Innomotics HV M (slip-ring)
IB-588280,M6SR03 - 31501002314,08-10-2022 13:35,Verified,M6SR03,31501002314,Oil And Natural Gas Corporation Ltd.,IN-Mumbai-Vasundhara Bhawan Bandra (East),"PH GH180, air cooled"
IB-500165,1LH4504-6CM00-Z - N-B81321211020001,08-10-2022 13:57,Verified,1LH4504-6CM00-Z,N-B81321211020001,Michelin India Pvt. Ltd.,"IN-Gummidipundi-Plot A-1, Sipcot Indl. Park Thervoy Kandigai",Motors HV H-compact (Non-Ex)
IB-308283,1RN4564-2HE90 - N-WD1236861010001,08-10-2022 13:57,Verified,1RN4564-2HE90,N-WD1236861010001,Steel Authority Of India Ltd.,"IN-New Delhi-Ispat Bhawan, Lodhi Rd.",Motors HV H-compact+ (Non-Ex)
IB-327311,1RN4564-2HE90 - N-WD1236861020001,08-10-2022 13:57,Verified,1RN4564-2HE90,N-WD1236861020001,Steel Authority Of India Ltd.,"IN-New Delhi-Ispat Bhawan, Lodhi Rd.",Motors HV H-compact+ (Non-Ex)
IB-499953,1MS4350-2AN00-Z - N-B81324880010001,08-10-2022 14:03,Verified,1MS4350-2AN00-Z,N-B81324880010001,National Fertilizers Ltd.,"IN-Naya Nangal-Nangal Unit, Distt.Ropar",Motors HV H-compact (Ex)
IB-438263,DHUW400LM04A - 5150514,08-10-2022 14:04,Verified,DHUW400LM04A,5150514,HPCL-Mittal Energy Ltd.,IN-Bathinda-Phullokari Village Talwandi Saboo,Motors HV Loher Vario (Ex flameproof)
IB-471704,1DZ2057-8AF03 - D1031628201,08-10-2022 14:04,Verified,1DZ2057-8AF03,D1031628201,Tata Steel Ltd.,"IN-Raigad-Isamba Phata, Post Sajgaon, Savroli","Motors HV H-modyn (sync., salient pole)"
IB-25213009,1MV5355-6BD74-4AA0-Z - LDX/50001887,08-10-2022 20:47,Verified,1MV5355-6BD74-4AA0-Z,LDX/50001887,Indian Oil Corporation Ltd.,"IN-Sambalpur-Kainsir Rd., Ainthapali",Motors HV Loher Tube Cooled (Ex flameproof)
IB-25214742,1MV5355-6BD74-4AA0-Z - LDX/50001886,08-10-2022 20:47,Verified,1MV5355-6BD74-4AA0-Z,LDX/50001886,Indian Oil Corporation Ltd.,"IN-Sambalpur-Kainsir Rd., Ainthapali",Motors HV Loher Tube Cooled (Ex flameproof)
IB-25214280,6RN8011-1SH42-0AA0-Z - N-KO1530803031001,08-10-2022 20:47,Verified,6RN8011-1SH42-0AA0-Z,N-KO1530803031001,Mishra Dhatu Nigam Ltd.,IN-Hyderabad-PO - Kanchanbagh,Excitation Units
IB-25407848,1PQ4404-6AM90Z - N8/65107056,08-10-2022 20:48,Verified,1PQ4404-6AM90Z,N8/65107056,DSCL Sugar - Hariawan,"IN-Hardoi-Village Hariawan, PO Hariawan, Tehsil Hariawan",Motors HV H-compact (Non-Ex)
IB-25407849,1PQ4404-6AM90Z - N8/65107057,08-10-2022 20:48,Verified,1PQ4404-6AM90Z,N8/65107057,DSCL Sugar - Hariawan,"IN-Hardoi-Village Hariawan, PO Hariawan, Tehsil Hariawan",Motors HV H-compact (Non-Ex)
IB-25407850,1PQ4404-6AM90Z - N8/65112645,08-10-2022 20:48,Verified,1PQ4404-6AM90Z,N8/65112645,DSCL Sugar - Hariawan,"IN-Hardoi-Village Hariawan, PO Hariawan, Tehsil Hariawan",Motors HV H-compact (Non-Ex)
IB-25452844,6SR4502-2HG43-5BF1 - OW,08-10-2022 20:48,Verified,6SR4502-2HG43-5BF1,OW,Oil and Nature Gas coporation Limited,IN-Surat-India Hazira Surat Gujarat,"PH GH180, air cooled"
IB-32909563,6SL3995-6AX00-0AA0 - T-L36079153,08-10-2022 20:54,Active,6SL3995-6AX00-0AA0,T-L36079153,JSW Toranagallu,IN -folgt-folgt 99,Miscellaneous
IB-32909564,6SL3995-6AX00-0AA0 - T-L36158047,08-10-2022 20:54,Active,6SL3995-6AX00-0AA0,T-L36158047,JSW Toranagallu,IN -folgt-folgt 99,Miscellaneous
IB-32909565,6SL3995-6AX00-0AA0 - T-L36158051,08-10-2022 20:54,Active,6SL3995-6AX00-0AA0,T-L36158051,JSW Toranagallu,IN -folgt-folgt 99,Miscellaneous
IB-32909384,6SL3995-6AX00-0AA0 - T-K56008447,08-10-2022 20:54,Active,6SL3995-6AX00-0AA0,T-K56008447,JSW Toranagallu,IN -folgt-folgt 99,Miscellaneous
IB-32909385,6SL3995-6AX00-0AA0 - T-K66252256,08-10-2022 20:55,Active,6SL3995-6AX00-0AA0,T-K66252256,JSW Toranagallu,IN -folgt-folgt 99,Miscellaneous
IB-32909386,6SL3995-6AX00-0AA0 - T-K66252258,08-10-2022 20:55,Active,6SL3995-6AX00-0AA0,T-K66252258,JSW Toranagallu,IN -folgt-folgt 99,Miscellaneous
IB-30895383,6SL3845-7NN43-6AA2-Z - N-KN1529994041001,08-10-2022 21:12,Verified,6SL3845-7NN43-6AA2-Z,N-KN1529994041001,JSW Steel Ltd.,"IN-Raigarh-Survey No. 96/1, 96/2 97/0 Village Khar Karavi, Taluka Pen","SM150 IGCT, water cooled"
IB-30896610,6SL3845-7NN43-6AA2-Z - N-KN1529994042001,08-10-2022 21:12,Verified,6SL3845-7NN43-6AA2-Z,N-KN1529994042001,JSW Steel Ltd.,"IN-Raigarh-Survey No. 96/1, 96/2 97/0 Village Khar Karavi, Taluka Pen","SM150 IGCT, water cooled"
IB-31056702,6SR4802-2HF43-0BH1 - STBOJ0334PHG43000,08-10-2022 21:12,Verified,6SR4802-2HF43-0BH1,STBOJ0334PHG43000,Hindustan Zinc Ltd.,IN-Bhilwara-Rampura Agucha Mines,"PH GH180, air cooled"
IB-30894809,6SL3810-2LP35-3AA1-Z - N-K91529994084001,08-10-2022 21:12,Verified,6SL3810-2LP35-3AA1-Z,N-K91529994084001,JSW Steel Ltd.,"IN-Raigarh-Survey No. 96/1, 96/2 97/0 Village Khar Karavi, Taluka Pen","GM150 IGBT, air cooled"
IB-30894441,6SL3810-2LP35-3AA1-Z - N-K91529994083001,08-10-2022 21:12,Verified,6SL3810-2LP35-3AA1-Z,N-K91529994083001,JSW Steel Ltd.,"IN-Raigarh-Survey No. 96/1, 96/2 97/0 Village Khar Karavi, Taluka Pen","GM150 IGBT, air cooled"
IB-30755834,1SQ67166FS90Z - 1404159,08-10-2022 21:12,Verified,1SQ67166FS90Z,1404159,Reliance Industries Ltd.,IN-Jamnagar-Village Meghpar/Padana,Motors HV H-compact+ (Ex)
IB-30888485,6SR4802HC415HB1 - STB6K0446PHG41500,08-10-2022 21:12,Verified,6SR4802HC415HB1,STB6K0446PHG41500,Kirloskar Ebara Pumps Ltd.,"IN-Pune-Pride Kumar Senate Bldg., S. B. Rd.","PH GH180, air cooled"
IB-30897282,6SL3845-7NN41-8AB2-Z - N-K91529994050001,08-10-2022 21:13,Verified,6SL3845-7NN41-8AB2-Z,N-K91529994050001,JSW Steel Ltd.,"IN-Raigarh-Survey No. 96/1, 96/2 97/0 Village Khar Karavi, Taluka Pen","SM150 IGCT, water cooled"
IB-30981889,6SR4502-5NF44-7BH1 - Z8-190743806-428,08-10-2022 21:13,Verified,6SR4502-5NF44-7BH1,Z8-190743806-428,Dalmia Cement (Bharat) Ltd.,"IN-Rajgangpur-OCL India Ltd., Sundargarh","PH GH180, air cooled"
IB-31056786,JFPA-560SR-04A - 6023714,08-10-2022 21:13,Verified,JFPA-560SR-04A,6023714,GE India Industrial Pvt Ltd,"IN-Wind Div. A-22/1| Chakan MIDC Phase-Khalumbre, Tal: Khed | Pune- 410501, MH, India",Generators
IB-29329524,1RN4636-6FM90-Z - N-KD1533051140001,08-10-2022 22:02,Verified,1RN4636-6FM90-Z,N-KD1533051140001,JSW Steel Ltd.,"IN-Raigarh-Survey No. 96/1, 96/2 97/0 Village Khar Karavi, Taluka Pen",Motors HV H-compact+ (Non-Ex)
IB-22313041,1LA4354-2AN70-Z - 64513702,08-10-2022 23:06,Verified,1LA4354-2AN70-Z,64513702,Grasim Industries Ltd.,"IN-Haveri-Kumarapatman, Harihar",Motors HV H-compact (Non-Ex)
IB-22313042,1LA4354-2AN70-Z - 64473412,08-10-2022 23:06,Verified,1LA4354-2AN70-Z,64473412,Grasim Industries Ltd.,"IN-Haveri-Kumarapatman, Harihar",Motors HV H-compact (Non-Ex)
IB-22313043,1LA4354-2AN70-Z - 64473420,08-10-2022 23:06,Verified,1LA4354-2AN70-Z,64473420,Grasim Industries Ltd.,"IN-Haveri-Kumarapatman, Harihar",Motors HV H-compact (Non-Ex)
IB-22313044,1LA4354-2AN70-Z - 64473400,08-10-2022 23:06,Verified,1LA4354-2AN70-Z,64473400,Grasim Industries Ltd.,"IN-Haveri-Kumarapatman, Harihar",Motors HV H-compact (Non-Ex)
IB-21878366,6SR4502-2HB38-0BH1 - Z8-181844502-038,08-10-2022 23:19,Verified,6SR4502-2HB38-0BH1,Z8-181844502-038,ULTRATECH CEMENT LIMITED,"IN-Madya Pradesh-Sidhi Cement Works,Jaypee Vihar Majhigawan, Bharatpur Sidhi","PH GH180, air cooled"
IB-22128151,6SR4802-2HD41-2BH1 - STB4K0406PHG41250,08-10-2022 23:20,Verified,6SR4802-2HD41-2BH1,STB4K0406PHG41250,Ultratech Cement Ltd.,IN-Rewa-Jaypee Puram P.O. Jaypee Puram,"PH GH180, air cooled"
IB-22143260,6SR4802-2HF42-2BH1 - STB4K-0398-PHG42250,08-10-2022 23:20,Verified,6SR4802-2HF42-2BH1,STB4K-0398-PHG42250,Ultratech Cement Ltd.,"IN-Solan-Village Baga, Post Kandhar","PH GH180, air cooled"
IB-22143261,6SR4802-2HF42-2BH1 - STB4K-0397-PHG42250,08-10-2022 23:20,Verified,6SR4802-2HF42-2BH1,STB4K-0397-PHG42250,Ultratech Cement Ltd.,"IN-Solan-Village Baga, Post Kandhar","PH GH180, air cooled"
IB-22143262,6SR4802-2HF42-2BH1 - STB4K-0396-PHG42250,08-10-2022 23:20,Verified,6SR4802-2HF42-2BH1,STB4K-0396-PHG42250,Ultratech Cement Ltd.,"IN-Solan-Village Baga, Post Kandhar","PH GH180, air cooled"
IB-22143273,6SR4802-2HF42-2BH1 - STB4K-0395-PHG42250,08-10-2022 23:20,Verified,6SR4802-2HF42-2BH1,STB4K-0395-PHG42250,Ultratech Cement Ltd.,"IN-Solan-Village Baga, Post Kandhar","PH GH180, air cooled"
IB-22143296,6SR4802-2HF42-2BH1 - STB4K-0399-PHG42250,08-10-2022 23:20,Verified,6SR4802-2HF42-2BH1,STB4K-0399-PHG42250,Ultratech Cement Ltd.,"IN-Solan-Village Baga, Post Kandhar","PH GH180, air cooled"
IB-22152542,1RN4560-6FM00-Z - N-K45019377010001,08-10-2022 23:20,Active,1RN4560-6FM00-Z,N-K45019377010001,JSW Steel Ltd.,"IN-Bellary-P.O. Vidyanagar,",Motors HV H-compact+ (Non-Ex)
IB-22153166,1PQ4454-8DW90-Z - N-K55019277010001,08-10-2022 23:20,Verified,1PQ4454-8DW90-Z,N-K55019277010001,JSW Steel Ltd.,"IN-Raigad-Dolvi Geetapuram, Taluka Pen",Motors HV H-compact (Non-Ex)
IB-22157149,1RQ14562IA70Z - 3003324294-200-014,08-10-2022 23:20,Verified,1RQ14562IA70Z,3003324294-200-014,Narol Textile Infrastructure & Enviro Management,"IN -CETP Site,Gyaspur Village-Narol Ahmedabad","Motors HV A-compact+ (async., Non-Ex)"
IB-22159157,1RQ14562IA70Z - 3003324294-200-015,08-10-2022 23:20,Verified,1RQ14562IA70Z,3003324294-200-015,Narol Textile Infrastructure & Enviro Management,"IN -CETP Site,Gyaspur Village-Narol Ahmedabad","Motors HV A-compact+ (async., Non-Ex)"
IB-22159158,1RQ14562IA70Z - 3003324294-200-016,08-10-2022 23:20,Verified,1RQ14562IA70Z,3003324294-200-016,Narol Textile Infrastructure & Enviro Management,"IN -CETP Site,Gyaspur Village-Narol Ahmedabad","Motors HV A-compact+ (async., Non-Ex)"
IB-20951457,1PQ45026CM00Z - N8/64800692,09-10-2022 01:05,Verified,1PQ45026CM00Z,N8/64800692,Shri Sai Priya Sugars Ltd.,IN-Bagalkot-Hipparagi Mygur Village,Motors HV H-compact (Non-Ex)
IB-15636431-Q8B6,1RQ77164JT700CJ0-Z-DVY/16995501001,23-07-2025 03:23,Active,1RQ77164JT700CJ0-Z,DVY/16995501001,Siemens Ltd.  Division SEM,IN-Kalwa-Thane Belapur Road,Motors HV Innomotics HV M (Non-Ex)
IB-16036615-K1D1,6SR5502-2HA33-0BH2-Z-Z8-255151534-102,11-01-2026 14:43,Active,6SR5502-2HA33-0BH2-Z,Z8-255151534-102,THE INDIA CEMENTS LTD.,"IN-Tirunelveli-Sankarnagar Works, Sankarnagar P.O.","PH GH180, air cooled"
IB-16036616-Q2Z3,6SR5502-2HA35-0BH2-Z-Z8-255151534-106,11-01-2026 14:43,Active,6SR5502-2HA35-0BH2-Z,Z8-255151534-106,THE INDIA CEMENTS LTD.,"IN-Tirunelveli-Sankarnagar Works, Sankarnagar P.O.","PH GH180, air cooled"
IB-16036617-C8C8,6SR5502-2HB36-0BG2-Z-Z8-255151535-0FB,11-01-2026 14:43,Active,6SR5502-2HB36-0BG2-Z,Z8-255151535-0FB,THE INDIA CEMENTS LTD.,"IN-Tirunelveli-Sankarnagar Works, Sankarnagar P.O.","PH GH180, air cooled"
IB-16036618-Z3M6,6SR5502-2HB36-0BG2-Z-Z8-255151535-0FD,11-01-2026 14:43,Active,6SR5502-2HB36-0BG2-Z,Z8-255151535-0FD,THE INDIA CEMENTS LTD.,"IN-Tirunelveli-Sankarnagar Works, Sankarnagar P.O.","PH GH180, air cooled"
IB-16036619-K9L3,6SR5502-2HB36-0BG2-Z-Z8-255151535-0FE,11-01-2026 14:43,Active,6SR5502-2HB36-0BG2-Z,Z8-255151535-0FE,THE INDIA CEMENTS LTD.,"IN-Tirunelveli-Sankarnagar Works, Sankarnagar P.O.","PH GH180, air cooled"
IB-16036620-C0Q7,6SR5502-2HB36-0BG2-Z-Z8-255151535-0FF,11-01-2026 14:43,Active,6SR5502-2HB36-0BG2-Z,Z8-255151535-0FF,THE INDIA CEMENTS LTD.,"IN-Tirunelveli-Sankarnagar Works, Sankarnagar P.O.","PH GH180, air cooled"
IB-16036621-J3S2,6SR5502-2HB37-0BG2-Z-Z8-255151535-0F4,11-01-2026 14:43,Active,6SR5502-2HB37-0BG2-Z,Z8-255151535-0F4,THE INDIA CEMENTS LTD.,"IN-Tirunelveli-Sankarnagar Works, Sankarnagar P.O.","PH GH180, air cooled"
IB-16036622-W5X9,6SR5502-2HB37-0BG2-Z-Z8-255151535-0F6,11-01-2026 14:43,Active,6SR5502-2HB37-0BG2-Z,Z8-255151535-0F6,THE INDIA CEMENTS LTD.,"IN-Tirunelveli-Sankarnagar Works, Sankarnagar P.O.","PH GH180, air cooled"
IB-16036623-P2R4,6SR5502-2HB37-0BG2-Z-Z8-255151535-0F7,11-01-2026 14:43,Active,6SR5502-2HB37-0BG2-Z,Z8-255151535-0F7,THE INDIA CEMENTS LTD.,"IN-Tirunelveli-Sankarnagar Works, Sankarnagar P.O.","PH GH180, air cooled"
IB-16036624-P5D2,6SR5502-2HB37-0BG2-Z-Z8-255151535-0F9,11-01-2026 14:43,Active,6SR5502-2HB37-0BG2-Z,Z8-255151535-0F9,THE INDIA CEMENTS LTD.,"IN-Tirunelveli-Sankarnagar Works, Sankarnagar P.O.","PH GH180, air cooled"
IB-16036626-P3S9,6SR5502-2HC41-2BH2-Z-Z8-255151540-0F3,11-01-2026 14:43,Active,6SR5502-2HC41-2BH2-Z,Z8-255151540-0F3,THE INDIA CEMENTS LTD.,"IN-Tirunelveli-Sankarnagar Works, Sankarnagar P.O.","PH GH180, air cooled"
IB-16036627-G1Z0,6SR5502-2HC41-2BH2-Z-Z8-255351540-00A,11-01-2026 14:43,Active,6SR5502-2HC41-2BH2-Z,Z8-255351540-00A,THE INDIA CEMENTS LTD.,"IN-Tirunelveli-Sankarnagar Works, Sankarnagar P.O.","PH GH180, air cooled"
IB-16036628-V9X7,6SR5502-2HE42-2BH2-Z-Z8-255151548-0F8,11-01-2026 14:43,Active,6SR5502-2HE42-2BH2-Z,Z8-255151548-0F8,THE INDIA CEMENTS LTD.,"IN-Tirunelveli-Sankarnagar Works, Sankarnagar P.O.","PH GH180, air cooled"
IB-16036629-C8M9,6SR5502-2HE42-2BH2-Z-Z8-255151548-0FC,11-01-2026 14:43,Active,6SR5502-2HE42-2BH2-Z,Z8-255151548-0FC,THE INDIA CEMENTS LTD.,"IN-Tirunelveli-Sankarnagar Works, Sankarnagar P.O.","PH GH180, air cooled"
IB-16036630-R4B1,6SR5502-5NA36-0BH2-Z-Z8-255151834-0AF,11-01-2026 14:43,Active,6SR5502-5NA36-0BH2-Z,Z8-255151834-0AF,THE INDIA CEMENTS LTD.,"IN-Tirunelveli-Sankarnagar Works, Sankarnagar P.O.","PH GH180, air cooled"
IB-16036631-N2Y3,6SR5502-5NC42-0BH2-Z-Z8-255151840-0AE,11-01-2026 14:43,Active,6SR5502-5NC42-0BH2-Z,Z8-255151840-0AE,THE INDIA CEMENTS LTD.,"IN-Tirunelveli-Sankarnagar Works, Sankarnagar P.O.","PH GH180, air cooled"
IB-7148211-Z6Y6,1DQ3639-6BD03_Z-D0550228701,25-11-2024 20:47,Active,1DQ3639-6BD03_Z,D0550228701,The Tata Iron and Steel Company Limited,IN-Jamshedpur-Bihar State,"Motors HV Milling Motors (sync., small)"
IB-2226047-H1Q9,6SR5502-5NB41-0BH2-Z-Z8-241551835-0A2,04-07-2024 21:51,Verified,6SR5502-5NB41-0BH2-Z,Z8-241551835-0A2,Ambuja Cements Ltd.,"IN-Raipur-Unit Bhatapara, Tehsil Baloda Bazar Dist Raipur","PH GH180, air cooled"
IB-2226293-F2Q5,6SR55025NB412BH2-Z8-232351590-003,04-07-2024 21:51,Verified,6SR5502-5NB41-2BH2,Z8-232351590-003,Ambuja Cements Ltd.,"IN-Raipur-Unit Bhatapara, Tehsil Baloda Bazar Dist Raipur","PH GH180, air cooled"
IB-2226331-Q6V7,6SR55025NB415BH2-Z8-232350844-001,04-07-2024 21:51,Verified,6SR5502-5ND42-5BH2,Z8-232350844-001,STAR CEMENT NORTH EAST LT,"IN-Navi Mumbai, Thane-TTC Industrial Area, Plot No 1, Bay","PH GH180, air cooled"
IB-2226394-W6T5,6SR5502-5NC41-5BH2-Z8-234851840-2FD,04-07-2024 21:51,Verified,6SR5502-5NC41-5BH2,Z8-234851840-2FD,SUDAMA WOOD PANEL PVT. LT,"IN-Sitarganj-Sector 3,","PH GH180, air cooled"
IB-2226546-Y5V3,6SR55025NC417BH2-Z8-235051840-4E5,04-07-2024 21:51,Verified,6SR55025NC417BH2,Z8-235051840-4E5,Ultratech Cement Ltd.,IN-Tadipatri Mandal-Bhogasamudram   Dist: Anantapur 515415,"PH GH180, air cooled"
IB-2226588-Q1C0,6SR55025NC417BH2-Z8-235051840-4E6,04-07-2024 21:51,Verified,6SR55025NC417BH2,Z8-235051840-4E6,Ultratech Cement Ltd.,IN-Tadipatri Mandal-Bhogasamudram   Dist: Anantapur 515415,"PH GH180, air cooled"
IB-2226616-V2P6,6SR5502-5NC42-0BH2-Z-Z8-241551840-0C5,04-07-2024 21:51,Verified,6SR5502-5NC42-0BH2-Z,Z8-241551840-0C5,Ambuja Cements Ltd.,"IN-Raipur-Unit Bhatapara, Tehsil Baloda Bazar Dist Raipur","PH GH180, air cooled"
IB-2227152-M1N6,6SR55025ND425BH2-Z8-2323528PU-002,04-07-2024 21:51,Verified,6SR5502-5NS48-7BH2,Z8-2323528PU-002,STAR CEMENT NORTH EAST LT,"IN-Navi Mumbai, Thane-TTC Industrial Area, Plot No 1, Bay","PH GH180, air cooled"
IB-2227332-S2H5,6SR5502-5NE42-5BH2-Z-Z8-241551848-0C6,04-07-2024 21:51,Verified,6SR5502-5NE42-5BH2-Z,Z8-241551848-0C6,Ambuja Cements Ltd.,"IN-Raipur-Unit Bhatapara, Tehsil Baloda Bazar Dist Raipur","PH GH180, air cooled"
IB-2227434-J4Q2,6SR5502-5NE42-7BH2-Z-Z8-241551848-0C2,04-07-2024 21:51,Verified,6SR5502-5NE42-7BH2-Z,Z8-241551848-0C2,Ambuja Cements Ltd.,"IN-Raipur-Unit Bhatapara, Tehsil Baloda Bazar Dist Raipur","PH GH180, air cooled"
IB-2227467-C3P9,6SR5502-5NE42-7BH2-Z-Z8-241551848-0C3,04-07-2024 21:51,Verified,6SR5502-5NE42-7BH2-Z,Z8-241551848-0C3,Ambuja Cements Ltd.,"IN-Raipur-Unit Bhatapara, Tehsil Baloda Bazar Dist Raipur","PH GH180, air cooled"
IB-2227497-S8K0,6SR5502-5NE43-0BH1-Z-Z8-201050848-412,04-07-2024 21:51,Active,6SR5502-5NE43-0BH1-Z,Z8-201050848-412,Siemens Ltd.,"IN -NAVI MUMBAI-THANE BELAPUR ROAD, MIDC","PH GH180, air cooled"
IB-2227586-X4Z2,6SR5502-5NE43-2BH2-Z-Z8-241551848-09D,04-07-2024 21:51,Verified,6SR5502-5NE43-2BH2-Z,Z8-241551848-09D,Ambuja Cements Ltd.,"IN-Raipur-Unit Bhatapara, Tehsil Baloda Bazar Dist Raipur","PH GH180, air cooled"
IB-2227639-P8S7,6SR5502-5NE43-2BH2-Z-Z8-241551848-09E,04-07-2024 21:51,Verified,6SR5502-5NE43-2BH2-Z,Z8-241551848-09E,Ambuja Cements Ltd.,"IN-Raipur-Unit Bhatapara, Tehsil Baloda Bazar Dist Raipur","PH GH180, air cooled"
IB-2227671-V5Q6,6SR5502-5NE43-2BH2-Z-Z8-241551848-09F,04-07-2024 21:51,Verified,6SR5502-5NE43-2BH2-Z,Z8-241551848-09F,Ambuja Cements Ltd.,"IN-Raipur-Unit Bhatapara, Tehsil Baloda Bazar Dist Raipur","PH GH180, air cooled"
IB-2227751-Y0P4,6SR55025NE435BH2-Z8-235051848-4E7,04-07-2024 21:51,Active,6SR55025NE435BH2,Z8-235051848-4E7,JINDAL PANTHER CEMENT PVT,"IN-Navi Mumbai, Thane-TTC Industrial Area, Plot No 1, Bay","PH GH180, air cooled"
IB-2227812-N4V0,6SR5502-5NE43-7BH2-Z-Z8-241551848-0C7,04-07-2024 21:51,Verified,6SR5502-5NE43-7BH2-Z,Z8-241551848-0C7,Ambuja Cements Ltd.,"IN-Murshidabad-Village Kendua, PO Srimantapur PS-Farakka,","PH GH180, air cooled"
IB-2227844-D2P3,6SR5502-5NE43-7BH2-Z-Z8-241551848-0C8,04-07-2024 21:51,Verified,6SR5502-5NE43-7BH2-Z,Z8-241551848-0C8,Ambuja Cements Ltd.,"IN-Murshidabad-Village Kendua, PO Srimantapur PS-Farakka,","PH GH180, air cooled"
IB-2228027-F9Z9,6SR55025NG455BH2-Z8-233750890-382,04-07-2024 21:51,Verified,6SR55025NG455BH2,Z8-233750890-382,Chettinad Cement Corporation Pvt. Ltd.,"IN-Kallur Works-Chincholi  Taluk, Kalaburagi District, Karnataka, 585305","PH GH180, air cooled"
IB-2228235-J3F3,6SR5502-5NG46-5BH2-Z-Z8-2412518PR-306,04-07-2024 21:51,Verified,6SR5502-5NG46-5BH2-Z,Z8-2412518PR-306,Ambuja Cements Ltd.,"IN-Raipur-Unit Bhatapara, Tehsil Baloda Bazar Dist Raipur","PH GH180, air cooled"
IB-3945804-Z6D9,1PS0220-0BD91-0BA2-3427383,19-07-2024 19:22,Active,1PS0220-0BD91-0BA2,3427383,Schreiber Dynamix Dairies Ltd.,"IN-Baramati-E-94, MIDC, Bhigwan Rd.",LOHER LV non flameproof
IB-2224665-X9J0,6SR55022NG437BH2-Z8-232350835-022,04-07-2024 21:51,Verified,6SR5502-5NB41-2BH2,Z8-232350835-022,STAR CEMENT NORTH EAST LT,"IN-Navi Mumbai, Thane-TTC Industrial Area, Plot No 1, Bay","PH GH180, air cooled"
IB-2224691-N3C0,6SR5502-2NG43-7BH2-Z-Z8-2419515PR-05C,04-07-2024 21:51,Active,6SR5502-2NG43-7BH2-Z,Z8-2419515PR-05C,STAR CEMENT NORTH EAST LT,"IN-Navi Mumbai-Plot No C-39,TTC Industrial Area,Pa","PH GH180, air cooled"
IB-2224757-D6H1,6SR5502-2NJ45-5BH2-Z8-2339505PQ-022,04-07-2024 21:51,Verified,6SR5502-2NJ45-5BH2,Z8-2339505PQ-022,Udaipur Cement Works Ltd.,"IN-Udaipur-Shripati Nagar, CFA, P.O. Dabok","PH GH180, air cooled"
IB-3963108-W4V2,LDX:DNGW160LL02M-3408876,19-07-2024 19:23,Active,LDX:DNGW160LL02M,3408876,Sulzer Pumps India Ltd.,"IN -Navi Mumbai-9, MIDC, Thane-Belapur Road",LOHER LV flameproof
IB-3963140-Y9Z8,LDX:DNGW160LL02M-3408877,19-07-2024 19:23,Active,LDX:DNGW160LL02M,3408877,Sulzer Pumps India Ltd.,"IN -Navi Mumbai-9, MIDC, Thane-Belapur Road",LOHER LV flameproof
IB-3974635-J7P9,1PS5560-0BJ00-4CA0-5153911,19-07-2024 19:24,Active,1PS5560-0BJ00-4CA0,5153911,Siemens Ltd.  Logistic Centre-Service (SP),"IN -Mumbai-""130, Pandurang Budhkar Marg,Worli""",LOHER LV flameproof
IB-3983440-Q1S3,LDX:DNGW280SG04A-3408001,19-07-2024 19:25,Active,LDX:DNGW280SG04A,3408001,Neuman & Esser Engineering (India) Pvt. Ltd.,"IN-Pune-T-121, M.I.D.C., Bhosari",LOHER LV flameproof
IB-3983449-T0M6,LDX:DNGW280SG04A-3408002,19-07-2024 19:25,Active,LDX:DNGW280SG04A,3408002,Neuman & Esser Engineering (India) Pvt. Ltd.,"IN-Pune-T-121, M.I.D.C., Bhosari",LOHER LV flameproof
IB-3933674-H7G8,1PS5206-0BD90-4AA2-Z-3423793,19-07-2024 19:21,Active,1PS5206-0BD90-4AA2-Z,3423793,Flowserve India Controls Pvt. Ltd.,IN-Coimbatore-SF No.136/3 & 137 Myleripalayam Rd.,LOHER LV flameproof
IB-3933700-V6B7,1PS5206-0BD90-4AA2-Z-3423794,19-07-2024 19:21,Active,1PS5206-0BD90-4AA2-Z,3423794,Flowserve India Controls Pvt. Ltd.,IN-Coimbatore-SF No.136/3 & 137 Myleripalayam Rd.,LOHER LV flameproof
IB-3976090-W9P0,LDX:DNGW200LD02A-3425829,19-07-2024 19:24,Active,LDX:DNGW200LD02A,3425829,Sulzer Pumps India Ltd. Digha,"IN-Navi Mumbai-9, M.I.D.C  Thane Belapur Road, Digha",LOHER LV flameproof
IB-3976115-D9D8,LDX:DNGW200LD02A-3425830,19-07-2024 19:24,Active,LDX:DNGW200LD02A,3425830,Sulzer Pumps India Ltd. Digha,"IN-Navi Mumbai-9, M.I.D.C  Thane Belapur Road, Digha",LOHER LV flameproof
IB-3976133-B3C1,LDX:DNGW200LD02A-3425833,19-07-2024 19:24,Active,LDX:DNGW200LD02A,3425833,Sulzer Pumps India Ltd. Digha,"IN-Navi Mumbai-9, M.I.D.C  Thane Belapur Road, Digha",LOHER LV flameproof
IB-3976152-P2T3,LDX:DNGW200LD02A-3425834,19-07-2024 19:24,Active,LDX:DNGW200LD02A,3425834,Sulzer Pumps India Ltd. Digha,"IN-Navi Mumbai-9, M.I.D.C  Thane Belapur Road, Digha",LOHER LV flameproof
IB-3976176-K1Z3,LDX:DNGW200LD02A-3425841,19-07-2024 19:24,Active,LDX:DNGW200LD02A,3425841,Sulzer Pumps India Ltd. Digha,"IN-Navi Mumbai-9, M.I.D.C  Thane Belapur Road, Digha",LOHER LV flameproof
IB-3976201-M8Z4,LDX:DNGW200LD02A-3425842,19-07-2024 19:24,Active,LDX:DNGW200LD02A,3425842,Sulzer Pumps India Ltd. Digha,"IN-Navi Mumbai-9, M.I.D.C  Thane Belapur Road, Digha",LOHER LV flameproof
IB-3976216-H8C8,LDX:DNGW200LD02A-3425845,19-07-2024 19:24,Active,LDX:DNGW200LD02A,3425845,Sulzer Pumps India Ltd. Digha,"IN-Navi Mumbai-9, M.I.D.C  Thane Belapur Road, Digha",LOHER LV flameproof
IB-3976239-Z1T6,LDX:DNGW200LD02A-3425846,19-07-2024 19:24,Active,LDX:DNGW200LD02A,3425846,Sulzer Pumps India Ltd. Digha,"IN-Navi Mumbai-9, M.I.D.C  Thane Belapur Road, Digha",LOHER LV flameproof
IB-3945295-Y7N1,1PS4355-6BH90-4AA0-5153103,19-07-2024 19:21,Active,1PS4355-6BH90-4AA0,5153103,Flowserve India Controls Pvt. Ltd.,IN-Coimbatore-SF No.136/3 & 137 Myleripalayam Rd.,LOHER LV flameproof
IB-3945332-D5L6,1PS4355-6BH90-4AA0-5153104,19-07-2024 19:21,Active,1PS4355-6BH90-4AA0,5153104,Flowserve India Controls Pvt. Ltd.,IN-Coimbatore-SF No.136/3 & 137 Myleripalayam Rd.,LOHER LV flameproof
IB-3945386-B5S8,1PS4355-6BH90-4AA0-5153105,19-07-2024 19:21,Active,1PS4355-6BH90-4AA0,5153105,Flowserve India Controls Pvt. Ltd.,IN-Coimbatore-SF No.136/3 & 137 Myleripalayam Rd.,LOHER LV flameproof
IB-3978040-X0Z5,LDX:ANGA132SD02A-2347161,19-07-2024 19:25,Active,LDX:ANGA132SD02A,2347161,Flowserve India Controls Pvt. Ltd.,IN-Coimbatore-SF No.136/3 & 137 Myleripalayam Rd.,LOHER LV non flameproof
IB-4562019-P6X7,1RQ1562-6JJ70-Z-QST3007790273004000001,01-08-2024 16:45,Active,1RQ1562-6JJ70-Z,QST3007790273004000001,"INDIA MSPL BALLET CO.,LTD",IN-Karnataka-,"Motors HV A-compact+ (async., Non-Ex)"
IB-3916897-G8H2,1PS4568-8BJ70-4BA0-Z-LDX/50000282,19-07-2024 19:20,Active,1PS4568-8BJ70-4BA0-Z,LDX/50000282,Siemens Ltd.  Logistic Centre-Service (SP),"IN -Mumbai-""130, Pandurang Budhkar Marg,Worli""",LOHER LV flameproof
IB-3953318-D5M4,1PS1163-0CD64-3AA2-Z-3421188,19-07-2024 19:22,Active,1PS1163-0CD64-3AA2-Z,3421188,Flowserve India Controls Pvt. Ltd.,IN-Coimbatore-SF No.136/3 & 137 Myleripalayam Rd.,LOHER LV flameproof
IB-3953335-Y1H9,1PS1163-0CD64-3AA2-Z-3421189,19-07-2024 19:22,Active,1PS1163-0CD64-3AA2-Z,3421189,Flowserve India Controls Pvt. Ltd.,IN-Coimbatore-SF No.136/3 & 137 Myleripalayam Rd.,LOHER LV flameproof
IB-3956617-P9B9,LDX:DNGW100LD04M-2349211,19-07-2024 19:23,Active,LDX:DNGW100LD04M,2349211,Siemens Ltd-Logistics Centre Sudeep LCCR,"IN -Navi Mumbai-""Thane Belapur Raod,""",LOHER LV flameproof
IB-3956622-X6S0,LDX:DNGW100LD04M-2349212,19-07-2024 19:23,Active,LDX:DNGW100LD04M,2349212,Siemens Ltd-Logistics Centre Sudeep LCCR,"IN -Navi Mumbai-""Thane Belapur Raod,""",LOHER LV flameproof
IB-3931570-P6T6,1PS5113-0BD91-4BA0-Z-2348093,19-07-2024 19:21,Active,1PS5113-0BD91-4BA0-Z,2348093,Info Verpackung,IN-Bestimmungsland-Strasse fehlt,LOHER LV flameproof
IB-3947462-Y1K6,1PS5186-0BD91-4BA2-Z-3419659,19-07-2024 19:22,Active,1PS5186-0BD91-4BA2-Z,3419659,Info Verpackung,IN-Bestimmungsland-Strasse fehlt,LOHER LV flameproof
IB-3970576-D5Z2,LDX:DNGW250MB02A-3408603,19-07-2024 19:24,Active,LDX:DNGW250MB02A,3408603,Sulzer Pumps India Ltd.,"IN -Navi Mumbai-9, MIDC, Thane-Belapur Road",LOHER LV flameproof
IB-3970615-L6G9,LDX:DNGW250MB02A-3408604,19-07-2024 19:24,Active,LDX:DNGW250MB02A,3408604,Sulzer Pumps India Ltd.,"IN -Navi Mumbai-9, MIDC, Thane-Belapur Road",LOHER LV flameproof
IB-3977113-C3C1,LDX:DNGW160ML02A-3411179,19-07-2024 19:25,Active,LDX:DNGW160ML02A,3411179,Flowserve India Controls Pvt. Ltd.,IN-Coimbatore-SF No.136/3 & 137 Myleripalayam Rd.,LOHER LV flameproof
IB-3977148-V5W1,LDX:DNGW160ML02A-3411180,19-07-2024 19:25,Active,LDX:DNGW160ML02A,3411180,Flowserve India Controls Pvt. Ltd.,IN-Coimbatore-SF No.136/3 & 137 Myleripalayam Rd.,LOHER LV flameproof
IB-3977201-Y9Z3,LDX:DNGW160ML02A-3411214,19-07-2024 19:25,Active,LDX:DNGW160ML02A,3411214,Flowserve India Controls Pvt. Ltd.,IN-Coimbatore-SF No.136/3 & 137 Myleripalayam Rd.,LOHER LV flameproof
IB-3977228-D6R9,LDX:DNGW160ML02A-3411215,19-07-2024 19:25,Active,LDX:DNGW160ML02A,3411215,Flowserve India Controls Pvt. Ltd.,IN-Coimbatore-SF No.136/3 & 137 Myleripalayam Rd.,LOHER LV flameproof
IB-14830295-T5V8,,25-03-2025 08:47,Verified,6SR4802-2HB36-0BH1,STB5K0419PHG4600,NTPC Ltd.,"IN-Hazaribagh-1040 Pakri Barwadih, Chat Bariatu &","PH GH180, air cooled"
IB-14830298-C6C2,,25-03-2025 13:09,Verified,6SR4802-2HD41-0BH1,STB5K0422PHG41000,NTPC Ltd.,"IN-Hazaribagh-1040 Pakri Barwadih, Chat Bariatu &","PH GH180, air cooled"
IB-3967907-R6L0,1PS5317-0CD98-4BA0-Z-3416453,19-07-2024 19:24,Active,1PS5317-0CD98-4BA0-Z,3416453,Reliance Industries Ltd.,"IN-Gujarat-Taluka Lalpur, Dist. Jamnagar",LOHER LV flameproof
IB-7241783-M5D5,1NN1402-2AT90-3CC0-Z-N-S55038635010001,24-12-2024 18:31,Active,1NN1402-2AT90-3CC0-Z,N-S55038635010001,Sulzer Pumps India Pvt. Ltd.,"IN-Thane-Plot No. 9, Moirvali - M I D C,",Motors HV Innomotics HV C (Ex)
IB-7241796-G9M6,1NN1402-2AT90-3CC0-Z-N-S55038635011001,24-12-2024 18:31,Active,1NN1402-2AT90-3CC0-Z,N-S55038635011001,Sulzer Pumps India Pvt. Ltd.,"IN-Thane-Plot No. 9, Moirvali - M I D C,",Motors HV Innomotics HV C (Ex)
IB-16118443-N4F4,6SR5502-2HG44-0BH2-Z-Z8-2605515PR-0FB,11-02-2026 14:28,Active,6SR5502-2HG44-0BH2-Z,Z8-2605515PR-0FB,YANTRA HARVEST ENERGY PVT,"IN-Pune-Office No.101-103, Bay Business,","PH GH180, air cooled"
IB-3945512-D4C7,1PS5113-0BD94-4BB2-Z-2354365,19-07-2024 19:21,Active,1PS5113-0BD94-4BB2-Z,2354365,Flowserve India Controls Pvt. Ltd.,IN-Coimbatore-SF No.136/3 & 137 Myleripalayam Rd.,LOHER LV flameproof
IB-3981169-C8W6,LDX:DNGW180MB02A-3425831,19-07-2024 19:25,Active,LDX:DNGW180MB02A,3425831,Sulzer Pumps India Ltd. Digha,"IN-Navi Mumbai-9, M.I.D.C  Thane Belapur Road, Digha",LOHER LV flameproof
IB-3981199-P8Y2,LDX:DNGW180MB02A-3425832,19-07-2024 19:25,Active,LDX:DNGW180MB02A,3425832,Sulzer Pumps India Ltd. Digha,"IN-Navi Mumbai-9, M.I.D.C  Thane Belapur Road, Digha",LOHER LV flameproof
IB-3981227-X7N4,LDX:DNGW180MB02A-3425851,19-07-2024 19:25,Active,LDX:DNGW180MB02A,3425851,Sulzer Pumps India Ltd. Digha,"IN-Navi Mumbai-9, M.I.D.C  Thane Belapur Road, Digha",LOHER LV flameproof
IB-3981253-Z0L9,LDX:DNGW180MB02A-3425852,19-07-2024 19:25,Active,LDX:DNGW180MB02A,3425852,Sulzer Pumps India Ltd. Digha,"IN-Navi Mumbai-9, M.I.D.C  Thane Belapur Road, Digha",LOHER LV flameproof
IB-4590029-Z8X6,1RQ1400-6JA70-Z-QST3007790273001000001,01-08-2024 16:46,Active,1RQ1400-6JA70-Z,QST3007790273001000001,"INDIA MSPL BALLET CO.,LTD",IN-Karnataka-,"Motors HV A-compact+ (async., Non-Ex)"
IB-4590062-Z4H1,1RQ1400-6JA70-Z-QST3007790273001000002,01-08-2024 16:46,Active,1RQ1400-6JA70-Z,QST3007790273001000002,"INDIA MSPL BALLET CO.,LTD",IN-Karnataka-,"Motors HV A-compact+ (async., Non-Ex)"
IB-4590094-S9G6,1RQ1400-6JA70-Z-QST3007790273001000003,01-08-2024 16:46,Active,1RQ1400-6JA70-Z,QST3007790273001000003,"INDIA MSPL BALLET CO.,LTD",IN-Karnataka-,"Motors HV A-compact+ (async., Non-Ex)"
IB-4590142-Z5R2,1RQ1400-6JA70-Z-QST3007790273001000004,01-08-2024 16:46,Active,1RQ1400-6JA70-Z,QST3007790273001000004,"INDIA MSPL BALLET CO.,LTD",IN-Karnataka-,"Motors HV A-compact+ (async., Non-Ex)"
IB-15637035-D7C9,6SR5502-5NF43-7FH2-Z-Z8-252751852-263,23-07-2025 13:51,Active,6SR5502-5NF43-7FH2-Z,Z8-252751852-263,VA Tech Wabag Ltd.,"IN -Chennai-Wabag House, No.17, 200 Feet","PH GH180, air cooled"
IB-15637036-Y4D8,6SR5502-5NF43-7FH2-Z-Z8-252751852-265,23-07-2025 13:51,Active,6SR5502-5NF43-7FH2-Z,Z8-252751852-265,VA Tech Wabag Ltd.,"IN -Chennai-Wabag House, No.17, 200 Feet","PH GH180, air cooled"
IB-15637037-N3N2,6SR5502-5NF43-7FH2-Z-Z8-252751852-267,23-07-2025 13:51,Active,6SR5502-5NF43-7FH2-Z,Z8-252751852-267,VA Tech Wabag Ltd.,"IN -Chennai-Wabag House, No.17, 200 Feet","PH GH180, air cooled"
IB-15637038-C8J9,6SR5502-5NF43-7FH2-Z-Z8-252751852-269,23-07-2025 13:51,Active,6SR5502-5NF43-7FH2-Z,Z8-252751852-269,VA Tech Wabag Ltd.,"IN -Chennai-Wabag House, No.17, 200 Feet","PH GH180, air cooled"
IB-15637039-M9D4,6SR5502-5NF43-7FH2-Z-Z8-252751852-26B,23-07-2025 13:51,Active,6SR5502-5NF43-7FH2-Z,Z8-252751852-26B,VA Tech Wabag Ltd.,"IN -Chennai-Wabag House, No.17, 200 Feet","PH GH180, air cooled"
IB-15637040-P0Z5,6SR5502-5NF43-7FH2-Z-Z8-252751852-26D,23-07-2025 13:51,Active,6SR5502-5NF43-7FH2-Z,Z8-252751852-26D,VA Tech Wabag Ltd.,"IN -Chennai-Wabag House, No.17, 200 Feet","PH GH180, air cooled"
IB-15637041-K6L9,6SR5502-5NF43-7FH2-Z-Z8-252751852-26F,23-07-2025 13:51,Active,6SR5502-5NF43-7FH2-Z,Z8-252751852-26F,VA Tech Wabag Ltd.,"IN -Chennai-Wabag House, No.17, 200 Feet","PH GH180, air cooled"
IB-15637042-P7Y9,6SR5502-5NF43-7FH2-Z-Z8-252751852-271,23-07-2025 13:51,Active,6SR5502-5NF43-7FH2-Z,Z8-252751852-271,VA Tech Wabag Ltd.,"IN -Chennai-Wabag House, No.17, 200 Feet","PH GH180, air cooled"
IB-15637043-N3K0,6SR5502-5NF43-7FH2-Z-Z8-252751852-273,23-07-2025 13:51,Active,6SR5502-5NF43-7FH2-Z,Z8-252751852-273,VA Tech Wabag Ltd.,"IN -Chennai-Wabag House, No.17, 200 Feet","PH GH180, air cooled"
IB-7138788-B2X2,1DZ1741-8AF02-Z-D185020721010001,25-11-2024 20:47,Active,1DZ1741-8AF02-Z,D185020721010001,Linde India Ltd.  ECC-3602040217,"IN-Jamshedpur-Tonnage plant (2,250 tpd & 1,290)","Motors HV H-modyn (sync., salient pole)"
IB-7138864-K5Y5,1DZ1741-8AF02-Z-D235033874010001,25-11-2024 20:47,Active,1DZ1741-8AF02-Z,D235033874010001,Linde India Ltd.,"IN-Jamshedpur-Behind NML,","Motors HV H-modyn (sync., salient pole)"
IB-7141854-W3K6,1TQ4647-8AT06-Z-D1650259702,25-11-2024 20:47,Active,1TQ4647-8AT06-Z,D1650259702,Indian Navy INS Valsura,IN-gujarat-jamnagar,Motors HV Others
IB-7161620-Y9T3,A5E02163948-12002,23-12-2024 16:38,Verified,A5E02163948,12002,Jindal Steel And Power Ltd.,"IN-Barbil-Plot No. 507/365,","PH GH180, air cooled"
IB-7255359-M3T5,6SR4902-0AD00-0AA0-N-CN053616-00028,24-12-2024 18:33,Active,6SR4902-0AD00-0AA0,N-CN053616-00028,Aquatech Systems (Asia) Pvt. Ltd. Rajiv Gandhi Infotech Park,"IN-Pune Maharashtra-Hinjewade, Survey No.244/2",PERFECT HARMONY Components
IB-7255377-J9S7,6SR4902-0AD00-0AA0-N-CN053616-00029,24-12-2024 18:33,Active,6SR4902-0AD00-0AA0,N-CN053616-00029,Aquatech Systems (Asia) Pvt. Ltd. Rajiv Gandhi Infotech Park,"IN-Pune Maharashtra-Hinjewade, Survey No.244/2",PERFECT HARMONY Components
IB-7255398-R9L2,6SR4902-0AD00-0AA0-N-CN053616-00030,24-12-2024 18:33,Active,6SR4902-0AD00-0AA0,N-CN053616-00030,Aquatech Systems (Asia) Pvt. Ltd. Rajiv Gandhi Infotech Park,"IN-Pune Maharashtra-Hinjewade, Survey No.244/2",PERFECT HARMONY Components
IB-7255420-W2L4,6SR4902-0AD00-0AA0-N-CN053616-00031,24-12-2024 18:33,Active,6SR4902-0AD00-0AA0,N-CN053616-00031,Aquatech Systems (Asia) Pvt. Ltd. Rajiv Gandhi Infotech Park,"IN-Pune Maharashtra-Hinjewade, Survey No.244/2",PERFECT HARMONY Components
IB-7255477-W6B1,6SR4902-0AD00-0AA0-N-CN053616-00022,24-12-2024 18:33,Active,6SR4902-0AD00-0AA0,N-CN053616-00022,Aquatech Systems (Asia) Pvt. Ltd. Rajiv Gandhi Infotech Park,"IN-Pune Maharashtra-Hinjewade, Survey No.244/2",PERFECT HARMONY Components
IB-7255503-G7V4,6SR4902-0AD00-0AA0-N-CN053616-00023,24-12-2024 18:33,Active,6SR4902-0AD00-0AA0,N-CN053616-00023,Aquatech Systems (Asia) Pvt. Ltd. Rajiv Gandhi Infotech Park,"IN-Pune Maharashtra-Hinjewade, Survey No.244/2",PERFECT HARMONY Components
IB-7255525-X4R3,6SR4902-0AD00-0AA0-N-CN053616-00024,24-12-2024 18:33,Active,6SR4902-0AD00-0AA0,N-CN053616-00024,Aquatech Systems (Asia) Pvt. Ltd. Rajiv Gandhi Infotech Park,"IN-Pune Maharashtra-Hinjewade, Survey No.244/2",PERFECT HARMONY Components
IB-7255547-V0K7,6SR4902-0AD00-0AA0-N-CN053616-00025,24-12-2024 18:33,Active,6SR4902-0AD00-0AA0,N-CN053616-00025,Aquatech Systems (Asia) Pvt. Ltd. Rajiv Gandhi Infotech Park,"IN-Pune Maharashtra-Hinjewade, Survey No.244/2",PERFECT HARMONY Components
IB-7255565-J5C2,6SR4902-0AD00-0AA0-N-CN053616-00026,24-12-2024 18:33,Active,6SR4902-0AD00-0AA0,N-CN053616-00026,Aquatech Systems (Asia) Pvt. Ltd. Rajiv Gandhi Infotech Park,"IN-Pune Maharashtra-Hinjewade, Survey No.244/2",PERFECT HARMONY Components
IB-7255587-R5J7,6SR4902-0AD00-0AA0-N-CN053616-00027,24-12-2024 18:33,Active,6SR4902-0AD00-0AA0,N-CN053616-00027,Aquatech Systems (Asia) Pvt. Ltd. Rajiv Gandhi Infotech Park,"IN-Pune Maharashtra-Hinjewade, Survey No.244/2",PERFECT HARMONY Components
IB-7255603-L7Z7,6SR4902-0AD00-0AA0-N-CN053616-00015,24-12-2024 18:33,Active,6SR4902-0AD00-0AA0,N-CN053616-00015,Aquatech Systems (Asia) Pvt. Ltd. Rajiv Gandhi Infotech Park,"IN-Pune Maharashtra-Hinjewade, Survey No.244/2",PERFECT HARMONY Components
IB-7255619-K8C6,6SR4902-0AD00-0AA0-N-CN053616-00017,24-12-2024 18:33,Active,6SR4902-0AD00-0AA0,N-CN053616-00017,Aquatech Systems (Asia) Pvt. Ltd. Rajiv Gandhi Infotech Park,"IN-Pune Maharashtra-Hinjewade, Survey No.244/2",PERFECT HARMONY Components
IB-7255644-F5Y8,6SR4902-0AD00-0AA0-N-CN053616-00018,24-12-2024 18:33,Active,6SR4902-0AD00-0AA0,N-CN053616-00018,Aquatech Systems (Asia) Pvt. Ltd. Rajiv Gandhi Infotech Park,"IN-Pune Maharashtra-Hinjewade, Survey No.244/2",PERFECT HARMONY Components
IB-7255678-S5Y6,6SR4902-0AD00-0AA0-N-CN053616-00019,24-12-2024 18:33,Active,6SR4902-0AD00-0AA0,N-CN053616-00019,Aquatech Systems (Asia) Pvt. Ltd. Rajiv Gandhi Infotech Park,"IN-Pune Maharashtra-Hinjewade, Survey No.244/2",PERFECT HARMONY Components
IB-7255699-M6P7,6SR4902-0AD00-0AA0-N-CN053616-00020,24-12-2024 18:33,Active,6SR4902-0AD00-0AA0,N-CN053616-00020,Aquatech Systems (Asia) Pvt. Ltd. Rajiv Gandhi Infotech Park,"IN-Pune Maharashtra-Hinjewade, Survey No.244/2",PERFECT HARMONY Components
IB-7255723-H9Y8,6SR4902-0AD00-0AA0-N-CN053616-00021,24-12-2024 18:33,Active,6SR4902-0AD00-0AA0,N-CN053616-00021,Aquatech Systems (Asia) Pvt. Ltd. Rajiv Gandhi Infotech Park,"IN-Pune Maharashtra-Hinjewade, Survey No.244/2",PERFECT HARMONY Components
IB-7255756-K5L3,6SR4902-0AD00-0AA0-N-CN053616-00009,24-12-2024 18:33,Active,6SR4902-0AD00-0AA0,N-CN053616-00009,Aquatech Systems (Asia) Pvt. Ltd. Rajiv Gandhi Infotech Park,"IN-Pune Maharashtra-Hinjewade, Survey No.244/2",PERFECT HARMONY Components
IB-7255778-V4W4,6SR4902-0AD00-0AA0-N-CN053616-00010,24-12-2024 18:33,Active,6SR4902-0AD00-0AA0,N-CN053616-00010,Aquatech Systems (Asia) Pvt. Ltd. Rajiv Gandhi Infotech Park,"IN-Pune Maharashtra-Hinjewade, Survey No.244/2",PERFECT HARMONY Components
IB-7255801-L2D4,6SR4902-0AD00-0AA0-N-CN053616-00011,24-12-2024 18:33,Active,6SR4902-0AD00-0AA0,N-CN053616-00011,Aquatech Systems (Asia) Pvt. Ltd. Rajiv Gandhi Infotech Park,"IN-Pune Maharashtra-Hinjewade, Survey No.244/2",PERFECT HARMONY Components
IB-7255825-Y9T4,6SR4902-0AD00-0AA0-N-CN053616-00012,24-12-2024 18:33,Active,6SR4902-0AD00-0AA0,N-CN053616-00012,Aquatech Systems (Asia) Pvt. Ltd. Rajiv Gandhi Infotech Park,"IN-Pune Maharashtra-Hinjewade, Survey No.244/2",PERFECT HARMONY Components
IB-7255872-Z2H7,6SR4902-0AD00-0AA0-N-CN053616-00013,24-12-2024 18:33,Active,6SR4902-0AD00-0AA0,N-CN053616-00013,Aquatech Systems (Asia) Pvt. Ltd. Rajiv Gandhi Infotech Park,"IN-Pune Maharashtra-Hinjewade, Survey No.244/2",PERFECT HARMONY Components
IB-7255899-T1V4,6SR4902-0AD00-0AA0-N-CN053616-00014,24-12-2024 18:33,Active,6SR4902-0AD00-0AA0,N-CN053616-00014,Aquatech Systems (Asia) Pvt. Ltd. Rajiv Gandhi Infotech Park,"IN-Pune Maharashtra-Hinjewade, Survey No.244/2",PERFECT HARMONY Components
IB-7255922-Q8F2,6SR4902-0AD00-0AA0-N-CN053616-00003,24-12-2024 18:33,Active,6SR4902-0AD00-0AA0,N-CN053616-00003,Aquatech Systems (Asia) Pvt. Ltd. Rajiv Gandhi Infotech Park,"IN-Pune Maharashtra-Hinjewade, Survey No.244/2",PERFECT HARMONY Components
IB-7255943-D7X0,6SR4902-0AD00-0AA0-N-CN053616-00004,24-12-2024 18:33,Active,6SR4902-0AD00-0AA0,N-CN053616-00004,Aquatech Systems (Asia) Pvt. Ltd. Rajiv Gandhi Infotech Park,"IN-Pune Maharashtra-Hinjewade, Survey No.244/2",PERFECT HARMONY Components
IB-7255983-Y0B8,6SR4902-0AD00-0AA0-N-CN053616-00005,24-12-2024 18:33,Active,6SR4902-0AD00-0AA0,N-CN053616-00005,Aquatech Systems (Asia) Pvt. Ltd. Rajiv Gandhi Infotech Park,"IN-Pune Maharashtra-Hinjewade, Survey No.244/2",PERFECT HARMONY Components
IB-7256004-Y6Y3,6SR4902-0AD00-0AA0-N-CN053616-00006,24-12-2024 18:33,Active,6SR4902-0AD00-0AA0,N-CN053616-00006,Aquatech Systems (Asia) Pvt. Ltd. Rajiv Gandhi Infotech Park,"IN-Pune Maharashtra-Hinjewade, Survey No.244/2",PERFECT HARMONY Components
IB-7256027-K8H1,6SR4902-0AD00-0AA0-N-CN053616-00007,24-12-2024 18:33,Active,6SR4902-0AD00-0AA0,N-CN053616-00007,Aquatech Systems (Asia) Pvt. Ltd. Rajiv Gandhi Infotech Park,"IN-Pune Maharashtra-Hinjewade, Survey No.244/2",PERFECT HARMONY Components
IB-7256060-X5T8,6SR4902-0AD00-0AA0-N-CN053616-00008,24-12-2024 18:33,Active,6SR4902-0AD00-0AA0,N-CN053616-00008,Aquatech Systems (Asia) Pvt. Ltd. Rajiv Gandhi Infotech Park,"IN-Pune Maharashtra-Hinjewade, Survey No.244/2",PERFECT HARMONY Components
IB-7256188-Y4X8,6SR4902-0AD00-0AA0-N-CN053616-00001,24-12-2024 18:33,Active,6SR4902-0AD00-0AA0,N-CN053616-00001,Aquatech Systems (Asia) Pvt. Ltd. Rajiv Gandhi Infotech Park,"IN-Pune Maharashtra-Hinjewade, Survey No.244/2",PERFECT HARMONY Components
IB-7256210-N9G8,6SR4902-0AD00-0AA0-N-CN053616-00002,24-12-2024 18:33,Active,6SR4902-0AD00-0AA0,N-CN053616-00002,Aquatech Systems (Asia) Pvt. Ltd. Rajiv Gandhi Infotech Park,"IN-Pune Maharashtra-Hinjewade, Survey No.244/2",PERFECT HARMONY Components
IB-3971503-G9W8,LDX:DNGW315ML02A-3425835,19-07-2024 19:24,Active,LDX:DNGW315ML02A,3425835,Sulzer Pumps India Ltd. Digha,"IN-Navi Mumbai-9, M.I.D.C  Thane Belapur Road, Digha",LOHER LV flameproof
IB-3971539-S2K5,LDX:DNGW315ML02A-3425836,19-07-2024 19:24,Active,LDX:DNGW315ML02A,3425836,Sulzer Pumps India Ltd. Digha,"IN-Navi Mumbai-9, M.I.D.C  Thane Belapur Road, Digha",LOHER LV flameproof
IB-3971570-D1V9,LDX:DNGW315ML02A-3425853,19-07-2024 19:24,Active,LDX:DNGW315ML02A,3425853,Sulzer Pumps India Ltd. Digha,"IN-Navi Mumbai-9, M.I.D.C  Thane Belapur Road, Digha",LOHER LV flameproof
IB-3971607-L4Z8,LDX:DNGW315ML02A-3425854,19-07-2024 19:24,Active,LDX:DNGW315ML02A,3425854,Sulzer Pumps India Ltd. Digha,"IN-Navi Mumbai-9, M.I.D.C  Thane Belapur Road, Digha",LOHER LV flameproof
IB-3976730-F0B0,LDX:DNGW132SL04R-2349884,19-07-2024 19:24,Active,LDX:DNGW132SL04R,2349884,BGR Energy Systems Ltd. AFC Factory - Panjetty,"IN-Thiruvallur District-9 GNT Road, Panjetty Village",LOHER LV flameproof
IB-3976763-K1R4,LDX:DNGW132SL04R-2349885,19-07-2024 19:24,Active,LDX:DNGW132SL04R,2349885,BGR Energy Systems Ltd. AFC Factory - Panjetty,"IN-Thiruvallur District-9 GNT Road, Panjetty Village",LOHER LV flameproof
IB-3976792-Y6F4,LDX:DNGW132SL04R-2349886,19-07-2024 19:25,Active,LDX:DNGW132SL04R,2349886,BGR Energy Systems Ltd. AFC Factory - Panjetty,"IN-Thiruvallur District-9 GNT Road, Panjetty Village",LOHER LV flameproof
IB-16139505-N7J7,31500720.03,08-04-2026 08:17,Active,6SR4902-0AF05-0AD0,31500720.03,Clermont Coal Operations Pty Ltd,IN - Clermont Coal Mine,"PH GH180, air cooled"
IB-15477438-Z0M1,6SR5502-2HE42-0BH2-Z-Z8-252151548-594,01-06-2025 13:45,Preliminary,6SR5802-2HE42-0BH2-Z,Z8-252151548-594-0725-113,YANTRA HARVEST ENERGY PVT,"IN-Pune-Office No.101-103, Bay Business,","PH GH180, air cooled"
IB-14830200-V4R1,,12-03-2025 16:17,Verified,6SR4802-2HC41-0BH1,STB8J0308PHG41000,Gail (India) Ltd.,IN-Jamnagar-LPG Dispatch Terminalm 361142-IN-Gujarat Jamangar,"PH GH180, air cooled"
IB-14830201-Q4B9,,12-03-2025 16:26,Verified,6SR4802-2HC41-0BH1,STB8J0309PHG41000,Gail (India) Ltd.,IN-Jamnagar-LPG Dispatch Terminalm 361142-IN-Gujarat Jamangar,"PH GH180, air cooled"
IB-15584442-S9Y4,1DQ33448AT03-Z-DVY/16970342001,01-07-2025 04:03,Active,1DQ33448AT03-Z,DVY/16970342001,Tata Steel Ltd. Suman Kumar Ghosh - 9040096163,"IN-MERAMANDALI-Nh-55, Narendrapur, Dhenkanal","Motors HV Milling Motors (sync., small)"
IB-15584443-Y4X9,1DQ36448AT03-Z-DVY/16970341001,01-07-2025 04:03,Active,1DQ36448AT03-Z,DVY/16970341001,Tata Steel Ltd. Suman Kumar Ghosh - 9040096163,"IN-MERAMANDALI-Nh-55, Narendrapur, Dhenkanal","Motors HV Milling Motors (sync., small)"
IB-15591949-N6K4,6SR5502-2HB37-0BH2-Z-Z8-252651535-008,06-07-2025 13:55,Preliminary,6SR5802-2HB37-0BH2-Z ,Z8-252651535-008-0825-131 ,ACC Ltd.,"IN-Katni-Kymore Cement Works, P.O. Kymore","PH GH180, air cooled"
IB-15591950-K8Z9,6SR5502-2HE41-7BH2-Z-Z8-252551548-5AB,06-07-2025 13:55,Preliminary,6SR5802-2HE41-7BH2-Z ,Z8-252551548-5AB-0825-130 ,ACC Ltd.,"IN-Katni-Kymore Cement Works, P.O. Kymore","PH GH180, air cooled"
IB-3999517-Q7X7,1PH8352-7KC40-2AX0-Z-N-M41596462010001,25-07-2024 06:55,Active,1PH8352-7KC40-2AX0-Z,N-M41596462010001,India Adani CT2 port,IN -India Adani CT2 port-India Adani CT2 port,Innomotics M (1PH835)
IB-3999555-K5Z2,1PH8352-7KC40-2AX0-Z-N-M41596462010002,25-07-2024 06:55,Active,1PH8352-7KC40-2AX0-Z,N-M41596462010002,India Adani CT2 port,IN -India Adani CT2 port-India Adani CT2 port,Innomotics M (1PH835)
IB-3999599-L5C4,1PH8352-7KC40-2AX0-Z-N-M41596462010003,25-07-2024 06:55,Active,1PH8352-7KC40-2AX0-Z,N-M41596462010003,India Adani CT2 port,IN -India Adani CT2 port-India Adani CT2 port,Innomotics M (1PH835)
IB-2212418-H5Z2,6SR4502-0CF41-5BH0-Z-Z8-201440306-054,04-07-2024 21:50,Active,6SR4502-0CF41-5BH0-Z,Z8-201440306-054,Siemens Ltd.,"IN -NAVI MUMBAI-THANE BELAPUR ROAD, MIDC","PH GH180, air cooled"
IB-2213032-M8W0,6SR4502-2HH44-0BH2-Z-Z8-222651552-15B,04-07-2024 21:50,Verified,6SR4502-2HH44-0BH2-Z,Z8-222651552-15B,Udaipur Cement Works Ltd.,"IN-Mavli-Shripatinagar , PO CFA","PH GH180, air cooled"
IB-2214691-Y8D0,6SR5502-0CD37-0BH0-Z-Z8-240850345-001,04-07-2024 21:50,Verified,6SR5502-0CD37-0BH0-Z,Z8-240850345-001,Gujarat State Fertilizers &,IN-Vadodara-Melamine Project,"PH GH180, air cooled"
IB-2219897-Q1C9,6SR5502-2HA34-0FH2-Z-Z8-240451534-0C0,04-07-2024 21:50,Verified,6SR5502-2HA34-0FH2-Z,Z8-240451534-0C0,Hindalco Industries Ltd.,"IN-Sambalpur-Hirakud, Dist. - Sambalpur, Odisha","PH GH180, air cooled"
IB-2219922-Y7R0,6SR5502-2HA34-0FH2-Z-Z8-240451534-0C1,04-07-2024 21:50,Verified,6SR5502-2HA34-0FH2-Z,Z8-240451534-0C1,Hindalco Industries Ltd.,"IN-Sambalpur-Hirakud, Dist. - Sambalpur, Odisha","PH GH180, air cooled"
IB-2219948-R1H9,6SR5502-2HA35-0BH2-Z-Z8-240851534-078,04-07-2024 21:50,Verified,6SR5502-2HA35-0BH2-Z,Z8-240851534-078,Tata Steel Ltd.,IN-Jajpur-Block2,"PH GH180, air cooled"
IB-2219977-T0Z2,6SR5502-2HA35-0BH2-Z-Z8-240851534-079,04-07-2024 21:50,Verified,6SR5502-2HA35-0BH2-Z,Z8-240851534-079,Tata Steel Ltd.,IN-Jajpur-Block2,"PH GH180, air cooled"
IB-2220000-B0Q0,6SR5502-2HA35-0BH2-Z-Z8-240851534-07A,04-07-2024 21:50,Verified,6SR5502-2HA35-0BH2-Z,Z8-240851534-07A,Jindal Steel Odisha Ltd.,"IN-Angul-At/P.O. Jindal Nagar, Nisa SH-63, Chhendipada Rd.","PH GH180, air cooled"
IB-2220200-Q5Y8,6SR5502-2HB36-0BH2-Z-Z8-240851535-07B,04-07-2024 21:50,Verified,6SR5502-2HB36-0BH2-Z,Z8-240851535-07B,JSW Steel Ltd.,"IN-Raigad, Maharashtra-Dolvi Geetapuram, Taluka Pen","PH GH180, air cooled"
IB-2220399-J9N9,6SR5502-2HB37-0BG2-Z-Z8-241651535-1C6,04-07-2024 21:50,Verified,6SR5502-2HB37-0BG2-Z,Z8-241651535-1C6,Jai Raj Ispat Ltd.,"IN-Orvakal-SY No 274 Part And 181 Part,","PH GH180, air cooled"
IB-2220429-C3Q0,6SR5502-2HB37-0BH2-Z8-231851540-08B,04-07-2024 21:50,Active,6SR5502-2HB37-0BH2,Z8-231851540-08B,VA TECH WABAG Ltd.,"IN-Navi Mumbai, Thane-TTC Industrial Area, Plot No 1, Bay","PH GH180, air cooled"
IB-2220452-Q1Z7,6SR5502-2HB37-0BH2-Z8-231851540-0EB,04-07-2024 21:50,Active,6SR5502-2HB37-0BH2,Z8-231851540-0EB,VA TECH WABAG Ltd.,"IN-Navi Mumbai, Thane-TTC Industrial Area, Plot No 1, Bay","PH GH180, air cooled"
IB-2220579-F0G2,6SR55022HB387BH2-Z8-233751535-200,04-07-2024 21:50,Verified,6SR55022HB387BH2,Z8-233751535-200,JSW Vijayanagar Metallics Ltd.,"IN-Bellary-P.O. Vidyanagar,","PH GH180, air cooled"
IB-2220602-V5K7,6SR55022HB387BH2-Z8-233751535-206,04-07-2024 21:50,Verified,6SR55022HB387BH2,Z8-233751535-206,JSW Vijayanagar Metallics Ltd.,"IN-Bellary-P.O. Vidyanagar,","PH GH180, air cooled"
IB-2220627-L9M5,6SR55022HC387BH2-Z8-240251540-11E,04-07-2024 21:50,Active,6SR55022HC387BH2,Z8-240251540-11E,SMS India Pvt. Ltd.,"IN-Navi Mumbai, Thane-TTC Industrial Area, Plot No 1, Bay","PH GH180, air cooled"
IB-2220651-C0K8,6SR55022HC387BH2-Z8-240251540-11F,04-07-2024 21:50,Active,6SR55022HC387BH2,Z8-240251540-11F,SMS India Pvt. Ltd.,"IN-Navi Mumbai, Thane-TTC Industrial Area, Plot No 1, Bay","PH GH180, air cooled"
IB-2220677-X2X8,6SR5502-2HC38-7BH2-Z8-231851535-089,04-07-2024 21:50,Active,6SR5502-2HC38-7BH2,Z8-231851535-089,VA TECH WABAG Ltd.,"IN-Navi Mumbai, Thane-TTC Industrial Area, Plot No 1, Bay","PH GH180, air cooled"
IB-2220702-P6L9,6SR5502-2HC38-7BH2-Z8-231851535-08A,04-07-2024 21:50,Active,6SR5502-2HC38-7BH2,Z8-231851535-08A,VA TECH WABAG Ltd.,"IN-Navi Mumbai, Thane-TTC Industrial Area, Plot No 1, Bay","PH GH180, air cooled"
IB-2220763-T0Q8,6SR55022HC410BH2-Z8-235051540-4EA,04-07-2024 21:50,Verified,6SR55022HC410BH2,Z8-235051540-4EA,Arcelormittal Nippon Steel India Ltd.,"IN-Keonjhar-Beneficiation Plant,","PH GH180, air cooled"
IB-14831073-S4T8,1NB1454-2AC90-4CG0-Z-N-S65036681010001,03-04-2025 13:11,Active,1NB1454-2AC90-4CG0-Z,N-S65036681010001,Gail (India) Ltd.,IN-Visakhapatnam-Opp. Ayyappa Swami Temple,Motors HV Innomotics HV C (flameproof)
IB-15569613-G8S5,6SR5502-5NC42-0BH2-Z-Z8-252551840-0AC,29-06-2025 14:03,Preliminary,6SR5802-5NC42-0BH2-Z ,Z8-252551840-0AC-0825-126 ,Thermax Ltd.,"IN-Pune-Environment House, Plot No. 90-92,","PH GH180, air cooled"
IB-15569614-Y9M8,6SR5502-5NC42-0BH2-Z-Z8-252551840-0AE,29-06-2025 14:03,Preliminary,6SR5802-5NC42-0BH2-Z ,Z8-252551840-0AE-0825-127 ,Thermax Ltd.,"IN-Pune-Environment House, Plot No. 90-92,","PH GH180, air cooled"
IB-2239221-J8B6,1RN65642HJ90-Z-DVY/16399711001,08-07-2024 09:20,Active,1RN65642HJ90-Z,DVY/16399711001,"Steel Authority of India Ltd.  Manager (Stores), Central Receipts","IN-Rourkela-Mm Projects Bldg. Sail,",Motors HV Innomotics HV M (Non-Ex)
IB-2239550-Z7T3,1RN65666FP90-Z-DVY/16587271201,08-07-2024 09:20,Active,1RN65666FP90-Z,DVY/16587271201,Lskb Aluminum Foils Pvt.Ltd,IN-Haryana-Khevat No. 250 Village Bhigan,Motors HV Innomotics HV M (Non-Ex)
IB-2239575-Y9W1,1RN65666FP90-Z-DVY/16587271301,08-07-2024 09:20,Active,1RN65666FP90-Z,DVY/16587271301,Lskb Aluminum Foils Pvt.Ltd,IN-Haryana-Khevat No. 250 Village Bhigan,Motors HV Innomotics HV M (Non-Ex)
IB-2239597-B3Y6,1RN65666FP90-Z-DVY/16587271401,08-07-2024 09:20,Active,1RN65666FP90-Z,DVY/16587271401,Lskb Aluminum Foils Pvt.Ltd,IN-Haryana-Khevat No. 250 Village Bhigan,Motors HV Innomotics HV M (Non-Ex)
IB-16049230-J8S8,6SR5502-2HD41-5BH2-Z-Z8-260251544-079,14-01-2026 14:42,Active,6SR5502-2HD41-5BH2-Z,Z8-260251544-079,INNOMOTICS INDIA PRIVATE,"IN-Navi Mumbai-Plot No C-39,TTC Industrial Area,Pa","PH GH180, air cooled"
IB-7239902-K1Z0,6SR4902-0AE00-0AA0-N-J2223616-00044,24-12-2024 18:31,Active,6SR4902-0AE00-0AA0,N-J2223616-00044,"HPCL-Mittal Energy Limited (HMEL) GURU Gobind Singh Refineries Bathina, Punjab",IN -.-.,PERFECT HARMONY Components
IB-7239917-X6B3,6SR4902-0AE00-0AA0-N-J2223616-00045,24-12-2024 18:31,Active,6SR4902-0AE00-0AA0,N-J2223616-00045,"HPCL-Mittal Energy Limited (HMEL) GURU Gobind Singh Refineries Bathina, Punjab",IN -.-.,PERFECT HARMONY Components
IB-7239935-M5F1,6SR4902-0AE00-0AA0-N-J2223616-00046,24-12-2024 18:31,Active,6SR4902-0AE00-0AA0,N-J2223616-00046,"HPCL-Mittal Energy Limited (HMEL) GURU Gobind Singh Refineries Bathina, Punjab",IN -.-.,PERFECT HARMONY Components
IB-7240015-Q0N1,6SR4902-0AE00-0AA0-N-J2223616-00038,24-12-2024 18:31,Active,6SR4902-0AE00-0AA0,N-J2223616-00038,"HPCL-Mittal Energy Limited (HMEL) GURU Gobind Singh Refineries Bathina, Punjab",IN -.-.,PERFECT HARMONY Components
IB-7252950-C4X5,6SR4902-0AD00-0AA0-N-CO293616-00028,24-12-2024 18:33,Active,6SR4902-0AD00-0AA0,N-CO293616-00028,Aquatech Systems (Asia) Pvt. Ltd. Rajiv Gandhi Infotech Park,"IN-Pune Maharashtra-Hinjewade, Survey No.244/2",PERFECT HARMONY Components
IB-7252969-C2N9,6SR4902-0AD00-0AA0-N-CO293616-00029,24-12-2024 18:33,Active,6SR4902-0AD00-0AA0,N-CO293616-00029,Aquatech Systems (Asia) Pvt. Ltd. Rajiv Gandhi Infotech Park,"IN-Pune Maharashtra-Hinjewade, Survey No.244/2",PERFECT HARMONY Components
IB-7252997-R1Y5,6SR4902-0AD00-0AA0-N-CO293616-00030,24-12-2024 18:33,Active,6SR4902-0AD00-0AA0,N-CO293616-00030,Aquatech Systems (Asia) Pvt. Ltd. Rajiv Gandhi Infotech Park,"IN-Pune Maharashtra-Hinjewade, Survey No.244/2",PERFECT HARMONY Components
IB-7253012-B2Y3,6SR4902-0AD00-0AA0-N-CO293616-00031,24-12-2024 18:33,Active,6SR4902-0AD00-0AA0,N-CO293616-00031,Aquatech Systems (Asia) Pvt. Ltd. Rajiv Gandhi Infotech Park,"IN-Pune Maharashtra-Hinjewade, Survey No.244/2",PERFECT HARMONY Components
IB-7253074-C0Y6,6SR4902-0AD00-0AA0-N-CO293616-00022,24-12-2024 18:33,Active,6SR4902-0AD00-0AA0,N-CO293616-00022,Aquatech Systems (Asia) Pvt. Ltd. Rajiv Gandhi Infotech Park,"IN-Pune Maharashtra-Hinjewade, Survey No.244/2",PERFECT HARMONY Components
IB-7253096-R2C3,6SR4902-0AD00-0AA0-N-CO293616-00023,24-12-2024 18:33,Active,6SR4902-0AD00-0AA0,N-CO293616-00023,Aquatech Systems (Asia) Pvt. Ltd. Rajiv Gandhi Infotech Park,"IN-Pune Maharashtra-Hinjewade, Survey No.244/2",PERFECT HARMONY Components
IB-7253113-D9P8,6SR4902-0AD00-0AA0-N-CO293616-00024,24-12-2024 18:33,Active,6SR4902-0AD00-0AA0,N-CO293616-00024,Aquatech Systems (Asia) Pvt. Ltd. Rajiv Gandhi Infotech Park,"IN-Pune Maharashtra-Hinjewade, Survey No.244/2",PERFECT HARMONY Components
IB-7253124-H4W3,6SR4902-0AD00-0AA0-N-CO293616-00025,24-12-2024 18:33,Active,6SR4902-0AD00-0AA0,N-CO293616-00025,Aquatech Systems (Asia) Pvt. Ltd. Rajiv Gandhi Infotech Park,"IN-Pune Maharashtra-Hinjewade, Survey No.244/2",PERFECT HARMONY Components
IB-7253146-T2Z4,6SR4902-0AD00-0AA0-N-CO293616-00026,24-12-2024 18:33,Active,6SR4902-0AD00-0AA0,N-CO293616-00026,Aquatech Systems (Asia) Pvt. Ltd. Rajiv Gandhi Infotech Park,"IN-Pune Maharashtra-Hinjewade, Survey No.244/2",PERFECT HARMONY Components
IB-7253162-K4H2,6SR4902-0AD00-0AA0-N-CO293616-00027,24-12-2024 18:33,Active,6SR4902-0AD00-0AA0,N-CO293616-00027,Aquatech Systems (Asia) Pvt. Ltd. Rajiv Gandhi Infotech Park,"IN-Pune Maharashtra-Hinjewade, Survey No.244/2",PERFECT HARMONY Components
IB-7253181-N8Y6,6SR4902-0AD00-0AA0-N-CO243616-00048,24-12-2024 18:33,Active,6SR4902-0AD00-0AA0,N-CO243616-00048,Aquatech Systems (Asia) Pvt. Ltd. Rajiv Gandhi Infotech Park,"IN-Pune Maharashtra-Hinjewade, Survey No.244/2",PERFECT HARMONY Components
IB-7253206-C0J2,6SR4902-0AD00-0AA0-N-CO293616-00017,24-12-2024 18:33,Active,6SR4902-0AD00-0AA0,N-CO293616-00017,Aquatech Systems (Asia) Pvt. Ltd. Rajiv Gandhi Infotech Park,"IN-Pune Maharashtra-Hinjewade, Survey No.244/2",PERFECT HARMONY Components
IB-7253228-W9W8,6SR4902-0AD00-0AA0-N-CO293616-00018,24-12-2024 18:33,Active,6SR4902-0AD00-0AA0,N-CO293616-00018,Aquatech Systems (Asia) Pvt. Ltd. Rajiv Gandhi Infotech Park,"IN-Pune Maharashtra-Hinjewade, Survey No.244/2",PERFECT HARMONY Components
IB-15712301-S7X2,6SR5502-2HA34-0BH2-Z-Z8-253251534-30F,31-08-2025 14:42,Active,6SR5502-2HA34-0BH2-Z,Z8-253251534-30F,TKIL INDUSTRIES PVT LTD.,IN-Pune-Station Rd. Pimpri,"PH GH180, air cooled"
IB-15712302-D7M5,6SR5502-2HB36-0BH2-Z-Z8-253351535-298,31-08-2025 14:42,Active,6SR5502-2HB36-0BH2-Z,Z8-253351535-298,LLOYDS METALS AND ENERGY,"IN-Chandrapur-Plot No A 1-2, MIDC Area, Ghugus","PH GH180, air cooled"
IB-15712303-M2L2,6SR5502-2HB36-0BH2-Z-Z8-253351535-29A,31-08-2025 14:42,Active,6SR5502-2HB36-0BH2-Z,Z8-253351535-29A,LLOYDS METALS AND ENERGY,"IN-Chandrapur-Plot No A 1-2, MIDC Area, Ghugus","PH GH180, air cooled"
IB-15712304-Y1R6,6SR5502-2HB36-0BH2-Z-Z8-253351535-29C,31-08-2025 14:42,Active,6SR5502-2HB36-0BH2-Z,Z8-253351535-29C,LLOYDS METALS AND ENERGY,"IN-Chandrapur-Plot No A 1-2, MIDC Area, Ghugus","PH GH180, air cooled"
IB-15712305-L6V0,6SR5502-2HB36-0BH2-Z-Z8-253351535-29E,31-08-2025 14:42,Active,6SR5502-2HB36-0BH2-Z,Z8-253351535-29E,LLOYDS METALS AND ENERGY,"IN-Chandrapur-Plot No A 1-2, MIDC Area, Ghugus","PH GH180, air cooled"
IB-15712308-G2L6,6SR5502-2HC38-7BH2-Z-Z8-253251540-311,31-08-2025 14:42,Active,6SR5502-2HC38-7BH2-Z,Z8-253251540-311,TKIL INDUSTRIES PVT LTD.,IN-Pune-Station Rd. Pimpri,"PH GH180, air cooled"
IB-15712309-V0F7,6SR5502-2HC38-7BH2-Z-Z8-253251540-313,31-08-2025 14:42,Active,6SR5502-2HC38-7BH2-Z,Z8-253251540-313,TKIL INDUSTRIES PVT LTD.,IN-Pune-Station Rd. Pimpri,"PH GH180, air cooled"
IB-15712310-Y0Z5,6SR5502-2HC38-7BH2-Z-Z8-253251540-315,31-08-2025 14:42,Active,6SR5502-2HC38-7BH2-Z,Z8-253251540-315,TKIL INDUSTRIES PVT LTD.,IN-Pune-Station Rd. Pimpri,"PH GH180, air cooled"
IB-15712311-M0L4,6SR5502-2HC38-7BH2-Z-Z8-253251540-317,31-08-2025 14:42,Active,6SR5502-2HC38-7BH2-Z,Z8-253251540-317,TKIL INDUSTRIES PVT LTD.,IN-Pune-Station Rd. Pimpri,"PH GH180, air cooled"
IB-15712312-Y3D4,6SR5502-2HC38-7BH2-Z-Z8-253251540-319,31-08-2025 14:42,Active,6SR5502-2HC38-7BH2-Z,Z8-253251540-319,TKIL INDUSTRIES PVT LTD.,IN-Pune-Station Rd. Pimpri,"PH GH180, air cooled"
IB-15712313-V3T7,6SR5502-2HC38-7BH2-Z-Z8-253251540-31B,31-08-2025 14:42,Active,6SR5502-2HC38-7BH2-Z,Z8-253251540-31B,TKIL INDUSTRIES PVT LTD.,IN-Pune-Station Rd. Pimpri,"PH GH180, air cooled"
IB-15712314-S8Z0,6SR5502-2HC38-7BH2-Z-Z8-253251540-31D,31-08-2025 14:42,Active,6SR5502-2HC38-7BH2-Z,Z8-253251540-31D,TKIL INDUSTRIES PVT LTD.,IN-Pune-Station Rd. Pimpri,"PH GH180, air cooled"
IB-15712336-N4J8,6SR5502-2HD41-1BH2-Z-Z8-253251544-4EE,31-08-2025 14:42,Active,6SR5502-2HD41-1BH2-Z,Z8-253251544-4EE,TKIL INDUSTRIES PVT LTD.,IN-Pune-Station Rd. Pimpri,"PH GH180, air cooled"
IB-15712346-L0T8,6SR5502-2HF42-5BH2-Z-Z8-253351552-2A0,31-08-2025 14:42,Preliminary,6SR5802-2HF42-5BH2-Z,Z8-253351552-2A0-0925-150,INNOMOTICS INDIA PRIVATE,"IN-Navi Mumbai-Plot No C-39,TTC Industrial Area,Pa","PH GH180, air cooled"
IB-15712347-X4D7,6SR5502-2HF42-5BH2-Z-Z8-253351552-2A2,31-08-2025 14:42,Preliminary,6SR5802-2HF42-5BH2-Z,Z8-253351552-2A2-0925-151,INNOMOTICS INDIA PRIVATE,"IN-Navi Mumbai-Plot No C-39,TTC Industrial Area,Pa","PH GH180, air cooled"
IB-7247516-K0T5,6SR4902-0AA00-0AA0-N-CO183616-00076,24-12-2024 18:32,Active,6SR4902-0AA00-0AA0,N-CO183616-00076,Info Verpackung,IN-Bestimmungsland-Strasse fehlt,PERFECT HARMONY Components
IB-7247525-D5Q0,6SR4902-0AA00-0AA0-N-CO183616-00077,24-12-2024 18:32,Active,6SR4902-0AA00-0AA0,N-CO183616-00077,Info Verpackung,IN-Bestimmungsland-Strasse fehlt,PERFECT HARMONY Components
IB-7247538-S3M0,6SR4902-0AA00-0AA0-N-CO183616-00078,24-12-2024 18:32,Active,6SR4902-0AA00-0AA0,N-CO183616-00078,Info Verpackung,IN-Bestimmungsland-Strasse fehlt,PERFECT HARMONY Components
IB-7247573-W0T7,6SR4902-0AA00-0AA0-N-CO183616-00070,24-12-2024 18:32,Active,6SR4902-0AA00-0AA0,N-CO183616-00070,Info Verpackung,IN-Bestimmungsland-Strasse fehlt,PERFECT HARMONY Components
IB-7247581-L4P1,6SR4902-0AA00-0AA0-N-CO183616-00071,24-12-2024 18:32,Active,6SR4902-0AA00-0AA0,N-CO183616-00071,Info Verpackung,IN-Bestimmungsland-Strasse fehlt,PERFECT HARMONY Components
IB-7247589-V9G3,6SR4902-0AA00-0AA0-N-CO183616-00072,24-12-2024 18:32,Active,6SR4902-0AA00-0AA0,N-CO183616-00072,Info Verpackung,IN-Bestimmungsland-Strasse fehlt,PERFECT HARMONY Components
IB-7247598-R9K3,6SR4902-0AA00-0AA0-N-CO183616-00073,24-12-2024 18:32,Active,6SR4902-0AA00-0AA0,N-CO183616-00073,Info Verpackung,IN-Bestimmungsland-Strasse fehlt,PERFECT HARMONY Components
IB-7247607-R2Q0,6SR4902-0AA00-0AA0-N-CO183616-00074,24-12-2024 18:32,Active,6SR4902-0AA00-0AA0,N-CO183616-00074,Info Verpackung,IN-Bestimmungsland-Strasse fehlt,PERFECT HARMONY Components
IB-7247616-K1S4,6SR4902-0AA00-0AA0-N-CO183616-00075,24-12-2024 18:32,Active,6SR4902-0AA00-0AA0,N-CO183616-00075,Info Verpackung,IN-Bestimmungsland-Strasse fehlt,PERFECT HARMONY Components
IB-7247622-T6P6,6SR4902-0AA00-0AA0-N-CO183616-00064,24-12-2024 18:32,Active,6SR4902-0AA00-0AA0,N-CO183616-00064,Info Verpackung,IN-Bestimmungsland-Strasse fehlt,PERFECT HARMONY Components
IB-7247630-W2W2,6SR4902-0AA00-0AA0-N-CO183616-00065,24-12-2024 18:32,Active,6SR4902-0AA00-0AA0,N-CO183616-00065,Info Verpackung,IN-Bestimmungsland-Strasse fehlt,PERFECT HARMONY Components
IB-7247639-Z2T1,6SR4902-0AA00-0AA0-N-CO183616-00066,24-12-2024 18:32,Active,6SR4902-0AA00-0AA0,N-CO183616-00066,Info Verpackung,IN-Bestimmungsland-Strasse fehlt,PERFECT HARMONY Components
IB-7247649-K0M7,6SR4902-0AA00-0AA0-N-CO183616-00067,24-12-2024 18:32,Active,6SR4902-0AA00-0AA0,N-CO183616-00067,Info Verpackung,IN-Bestimmungsland-Strasse fehlt,PERFECT HARMONY Components
IB-7247657-H0G2,6SR4902-0AA00-0AA0-N-CO183616-00068,24-12-2024 18:32,Active,6SR4902-0AA00-0AA0,N-CO183616-00068,Info Verpackung,IN-Bestimmungsland-Strasse fehlt,PERFECT HARMONY Components
IB-7247662-D8M8,6SR4902-0AA00-0AA0-N-CO183616-00069,24-12-2024 18:32,Active,6SR4902-0AA00-0AA0,N-CO183616-00069,Info Verpackung,IN-Bestimmungsland-Strasse fehlt,PERFECT HARMONY Components
IB-7247672-K9Z2,6SR4902-0AA00-0AA0-N-CO183616-00057,24-12-2024 18:32,Active,6SR4902-0AA00-0AA0,N-CO183616-00057,Info Verpackung,IN-Bestimmungsland-Strasse fehlt,PERFECT HARMONY Components
IB-7247683-M5C3,6SR4902-0AA00-0AA0-N-CO183616-00058,24-12-2024 18:32,Active,6SR4902-0AA00-0AA0,N-CO183616-00058,Info Verpackung,IN-Bestimmungsland-Strasse fehlt,PERFECT HARMONY Components
IB-7247689-M2W1,6SR4902-0AA00-0AA0-N-CO183616-00059,24-12-2024 18:32,Active,6SR4902-0AA00-0AA0,N-CO183616-00059,Info Verpackung,IN-Bestimmungsland-Strasse fehlt,PERFECT HARMONY Components
IB-7247693-F1W6,6SR4902-0AA00-0AA0-N-CO183616-00060,24-12-2024 18:32,Active,6SR4902-0AA00-0AA0,N-CO183616-00060,Info Verpackung,IN-Bestimmungsland-Strasse fehlt,PERFECT HARMONY Components
IB-7247701-W6Z3,6SR4902-0AA00-0AA0-N-CO183616-00061,24-12-2024 18:32,Active,6SR4902-0AA00-0AA0,N-CO183616-00061,Info Verpackung,IN-Bestimmungsland-Strasse fehlt,PERFECT HARMONY Components
IB-7247712-Y0Z3,6SR4902-0AA00-0AA0-N-CO183616-00062,24-12-2024 18:32,Active,6SR4902-0AA00-0AA0,N-CO183616-00062,Info Verpackung,IN-Bestimmungsland-Strasse fehlt,PERFECT HARMONY Components
IB-7247721-M6T9,6SR4902-0AA00-0AA0-N-CO183616-00051,24-12-2024 18:32,Active,6SR4902-0AA00-0AA0,N-CO183616-00051,Info Verpackung,IN-Bestimmungsland-Strasse fehlt,PERFECT HARMONY Components
IB-7247733-M8K5,6SR4902-0AA00-0AA0-N-CO183616-00052,24-12-2024 18:32,Active,6SR4902-0AA00-0AA0,N-CO183616-00052,Info Verpackung,IN-Bestimmungsland-Strasse fehlt,PERFECT HARMONY Components
IB-7247740-B1S2,6SR4902-0AA00-0AA0-N-CO183616-00053,24-12-2024 18:32,Active,6SR4902-0AA00-0AA0,N-CO183616-00053,Info Verpackung,IN-Bestimmungsland-Strasse fehlt,PERFECT HARMONY Components
IB-7247748-J9H3,6SR4902-0AA00-0AA0-N-CO183616-00054,24-12-2024 18:32,Active,6SR4902-0AA00-0AA0,N-CO183616-00054,Info Verpackung,IN-Bestimmungsland-Strasse fehlt,PERFECT HARMONY Components
IB-7247758-K7F4,6SR4902-0AA00-0AA0-N-CO183616-00055,24-12-2024 18:32,Active,6SR4902-0AA00-0AA0,N-CO183616-00055,Info Verpackung,IN-Bestimmungsland-Strasse fehlt,PERFECT HARMONY Components
IB-7247769-K6Y3,6SR4902-0AA00-0AA0-N-CO183616-00056,24-12-2024 18:32,Active,6SR4902-0AA00-0AA0,N-CO183616-00056,Info Verpackung,IN-Bestimmungsland-Strasse fehlt,PERFECT HARMONY Components
IB-7247775-D1H4,6SR4902-0AA00-0AA0-N-CO183616-00044,24-12-2024 18:32,Active,6SR4902-0AA00-0AA0,N-CO183616-00044,Info Verpackung,IN-Bestimmungsland-Strasse fehlt,PERFECT HARMONY Components
IB-7247781-F3B4,6SR4902-0AA00-0AA0-N-CO183616-00045,24-12-2024 18:32,Active,6SR4902-0AA00-0AA0,N-CO183616-00045,Info Verpackung,IN-Bestimmungsland-Strasse fehlt,PERFECT HARMONY Components
IB-7247788-F5D2,6SR4902-0AA00-0AA0-N-CO183616-00046,24-12-2024 18:32,Active,6SR4902-0AA00-0AA0,N-CO183616-00046,Info Verpackung,IN-Bestimmungsland-Strasse fehlt,PERFECT HARMONY Components
IB-7247793-J0C8,6SR4902-0AA00-0AA0-N-CO183616-00048,24-12-2024 18:32,Active,6SR4902-0AA00-0AA0,N-CO183616-00048,Info Verpackung,IN-Bestimmungsland-Strasse fehlt,PERFECT HARMONY Components
IB-7247802-R5J8,6SR4902-0AA00-0AA0-N-CO183616-00049,24-12-2024 18:32,Active,6SR4902-0AA00-0AA0,N-CO183616-00049,Info Verpackung,IN-Bestimmungsland-Strasse fehlt,PERFECT HARMONY Components
IB-7247813-G1X2,6SR4902-0AA00-0AA0-N-CO183616-00050,24-12-2024 18:32,Active,6SR4902-0AA00-0AA0,N-CO183616-00050,Info Verpackung,IN-Bestimmungsland-Strasse fehlt,PERFECT HARMONY Components
IB-7247822-Q6L2,6SR4902-0AA00-0AA0-N-CO183616-00038,24-12-2024 18:32,Active,6SR4902-0AA00-0AA0,N-CO183616-00038,Info Verpackung,IN-Bestimmungsland-Strasse fehlt,PERFECT HARMONY Components
IB-7247833-Y9W7,6SR4902-0AA00-0AA0-N-CO183616-00039,24-12-2024 18:32,Active,6SR4902-0AA00-0AA0,N-CO183616-00039,Info Verpackung,IN-Bestimmungsland-Strasse fehlt,PERFECT HARMONY Components
IB-7247840-R2M0,6SR4902-0AA00-0AA0-N-CO183616-00040,24-12-2024 18:32,Active,6SR4902-0AA00-0AA0,N-CO183616-00040,Info Verpackung,IN-Bestimmungsland-Strasse fehlt,PERFECT HARMONY Components
IB-7247843-Q2B8,6SR4902-0AA00-0AA0-N-CO183616-00041,24-12-2024 18:32,Active,6SR4902-0AA00-0AA0,N-CO183616-00041,Info Verpackung,IN-Bestimmungsland-Strasse fehlt,PERFECT HARMONY Components
IB-7247847-X6S5,6SR4902-0AA00-0AA0-N-CO183616-00042,24-12-2024 18:32,Active,6SR4902-0AA00-0AA0,N-CO183616-00042,Info Verpackung,IN-Bestimmungsland-Strasse fehlt,PERFECT HARMONY Components
IB-7247853-R6J1,6SR4902-0AA00-0AA0-N-CO183616-00043,24-12-2024 18:32,Active,6SR4902-0AA00-0AA0,N-CO183616-00043,Info Verpackung,IN-Bestimmungsland-Strasse fehlt,PERFECT HARMONY Components
IB-7247862-R8J6,6SR4902-0AA00-0AA0-N-CO183616-00032,24-12-2024 18:32,Active,6SR4902-0AA00-0AA0,N-CO183616-00032,Info Verpackung,IN-Bestimmungsland-Strasse fehlt,PERFECT HARMONY Components
IB-7247868-F6Q1,6SR4902-0AA00-0AA0-N-CO183616-00033,24-12-2024 18:32,Active,6SR4902-0AA00-0AA0,N-CO183616-00033,Info Verpackung,IN-Bestimmungsland-Strasse fehlt,PERFECT HARMONY Components
IB-7247875-F4L3,6SR4902-0AA00-0AA0-N-CO183616-00034,24-12-2024 18:32,Active,6SR4902-0AA00-0AA0,N-CO183616-00034,Info Verpackung,IN-Bestimmungsland-Strasse fehlt,PERFECT HARMONY Components
IB-7247882-J3D1,6SR4902-0AA00-0AA0-N-CO183616-00035,24-12-2024 18:32,Active,6SR4902-0AA00-0AA0,N-CO183616-00035,Info Verpackung,IN-Bestimmungsland-Strasse fehlt,PERFECT HARMONY Components
IB-7247888-R1C5,6SR4902-0AA00-0AA0-N-CO183616-00036,24-12-2024 18:32,Active,6SR4902-0AA00-0AA0,N-CO183616-00036,Info Verpackung,IN-Bestimmungsland-Strasse fehlt,PERFECT HARMONY Components
IB-7303358-P6S7,1RN65666FP90-Z-DVY/16587271001,26-12-2024 12:55,Active,1RN65666FP90-Z,DVY/16587271001,Lskb Aluminum Foils Pvt.Ltd,IN-Haryana-Khevat No. 250 Village Bhigan,Motors HV Innomotics HV M (Non-Ex)
IB-7303378-L6Y5,1RN65666FP90-Z-DVY/16587271101,26-12-2024 12:55,Active,1RN65666FP90-Z,DVY/16587271101,Lskb Aluminum Foils Pvt.Ltd,IN-Haryana-Khevat No. 250 Village Bhigan,Motors HV Innomotics HV M (Non-Ex)
IB-7304030-S7Z0,1RN7716-3PS90-0DG0-Z-DVY/15332961101,26-12-2024 12:55,Active,1RN7716-3PS90-0DG0-Z,DVY/15332961101,"JSW Steel, Dolvi Works","IN-Dolvi, Maharashtra-Dharamatar, Taluka - Pen, District-",Motors HV Innomotics HV M (Non-Ex)
IB-7304065-D4M8,1RN7716-3PS90-0DG0-Z-DVY/15332961201,26-12-2024 12:55,Active,1RN7716-3PS90-0DG0-Z,DVY/15332961201,"JSW Steel, Dolvi Works","IN-Dolvi, Maharashtra-Dharamatar, Taluka - Pen, District-",Motors HV Innomotics HV M (Non-Ex)
IB-7304590-N1X8,1RQ65064JT70-Z-DVY/16646381001,26-12-2024 12:55,Active,1RQ65064JT70-Z,DVY/16646381001,JSW Steel Ltd.  Dolvi,"IN-Raigad-Dolvi Geetapuram, Taluka Pen",Motors HV Innomotics HV M (Non-Ex)
IB-7304955-M9S5,1RQ6560-4JT90-Z-DVY/16574411001,26-12-2024 12:55,Active,1RQ6560-4JT90-Z,DVY/16574411001,"Steel Authority of India Ltd. AGM( PURCHASE /STORES A/CS),","IN -Bokaro Steel City-""Ispat Bhavan, CMO Complex""",Motors HV Innomotics HV M (Non-Ex)
IB-7363754-C2K5,6SR5502-2NE41-7BH2-Z-Z8-243151552-4CA,26-12-2024 16:58,Active,6SR5502-2NE41-7BH2-Z,Z8-243151552-4CA,LLOYDS METALS AND ENERGY,"IN-Navi Mumbai-Plot No C-39,TTC Industrial Area,Pa","PH GH180, air cooled"
IB-7364258-Y9L0,6SR5502-0HE41-0BH0-Z-Z8-243950349-085,26-12-2024 16:58,Verified,6SR5502-0HE41-0BH0-Z,Z8-243950349-085,Tata Steel Ltd.,IN-Jamshedpur-General Office Bldg. Near Bist,"PH GH180, air cooled"
IB-7365041-L0Y7,6SR5502-2NH44-0BH2-Z-Z8-243151548-4CB,26-12-2024 16:58,Active,6SR5502-2NH44-0BH2-Z,Z8-243151548-4CB,LLOYDS METALS AND ENERGY,"IN-Navi Mumbai-Plot No C-39,TTC Industrial Area,Pa","PH GH180, air cooled"
IB-7362088-N0T5,6SR5502-5NG46-0BH2-Z-Z8-2445518PR-275,26-12-2024 16:58,Active,6SR5502-5NG46-0BH2-Z,Z8-2445518PR-275,J. K. Cement Ltd.,"IN-Navi Mumbai-Plot No C-39,TTC Industrial Area,Pa","PH GH180, air cooled"
IB-7362921-K9Y9,6SR5502-2HH44-0BH2-Z-Z8-2426515PI-3C0,26-12-2024 16:58,Verified,6SR5502-2HH44-0BH2-Z,Z8-2426515PI-3C0,LLOYDS METALS AND ENERGY,"IN-Chandrapur-Plot No A 1-2, MIDC Area, Ghugus","PH GH180, air cooled"
IB-7362961-Y6Y7,6SR5502-2HH44-0BH2-Z-Z8-2428515PI-488,26-12-2024 16:58,Verified,6SR5502-2HH44-0BH2-Z,Z8-2428515PI-488,LLOYDS METALS AND ENERGY,"IN-Chandrapur-Plot No A 1-2, MIDC Area, Ghugus","PH GH180, air cooled"
IB-7363006-D4C3,6SR5502-2HH44-0BH2-Z-Z8-2430515PI-018,26-12-2024 16:58,Verified,6SR5502-2HH44-0BH2-Z,Z8-2430515PI-018,LLOYDS METALS AND ENERGY,"IN-Chandrapur-Plot No A 1-2, MIDC Area, Ghugus","PH GH180, air cooled"
IB-7363038-Q7M8,6SR5502-2HH44-0BH2-Z-Z8-2430515PI-038,26-12-2024 16:58,Verified,6SR5502-2HH44-0BH2-Z,Z8-2430515PI-038,LLOYDS METALS AND ENERGY,"IN-Chandrapur-Plot No A 1-2, MIDC Area, Ghugus","PH GH180, air cooled"
IB-7378922-G9R3,6SR5502-0NF41-5BH0-Z-Z8-243550353-148,26-12-2024 16:58,Verified,6SR5502-0NF41-5BH0-Z,Z8-243550353-148,Lubrizol Advanced Materials India Pvt. Ltd.,"IN-Bharuch-Plot No. D 2 / 11, B / 1 Dahej 2, G.I.D.C","PH GH180, air cooled"
IB-7382183-V4Z5,6SR5502-2HA35-0BH2-Z-Z8-243151534-4C6,26-12-2024 16:59,Verified,6SR5502-2HA35-0BH2-Z,Z8-243151534-4C6,LLOYDS METALS AND ENERGY,"IN-Chandrapur-Plot No A 1-2, MIDC Area, Ghugus","PH GH180, air cooled"
IB-7382221-L0S3,6SR5502-2HA35-0BH2-Z-Z8-243151534-4C9,26-12-2024 16:59,Verified,6SR5502-2HA35-0BH2-Z,Z8-243151534-4C9,LLOYDS METALS AND ENERGY,"IN-Chandrapur-Plot No A 1-2, MIDC Area, Ghugus","PH GH180, air cooled"
IB-7382404-L3Q2,6SR5502-2HB36-0BH2-Z-Z8-243051535-03C,26-12-2024 16:59,Verified,6SR5502-2HB36-0BH2-Z,Z8-243051535-03C,LLOYDS METALS AND ENERGY,"IN-Chandrapur-Plot No A 1-2, MIDC Area, Ghugus","PH GH180, air cooled"
IB-7382439-Y7Y6,6SR5502-2HB36-0BH2-Z-Z8-243051535-3B1,26-12-2024 16:59,Verified,6SR5502-2HB36-0BH2-Z,Z8-243051535-3B1,LLOYDS METALS AND ENERGY,"IN-Chandrapur-Plot No A 1-2, MIDC Area, Ghugus","PH GH180, air cooled"
IB-7382501-W4D6,6SR5502-2HB36-0BH2-Z-Z8-243051535-3B2,26-12-2024 16:59,Verified,6SR5502-2HB36-0BH2-Z,Z8-243051535-3B2,LLOYDS METALS AND ENERGY,"IN-Chandrapur-Plot No A 1-2, MIDC Area, Ghugus","PH GH180, air cooled"
IB-7382536-G9S3,6SR5502-2HB36-0BH2-Z-Z8-243051535-3B3,26-12-2024 16:59,Verified,6SR5502-2HB36-0BH2-Z,Z8-243051535-3B3,LLOYDS METALS AND ENERGY,"IN-Chandrapur-Plot No A 1-2, MIDC Area, Ghugus","PH GH180, air cooled"
IB-3939442-X6C2,1PS1283-0BD94-3AA0-3427754,19-07-2024 19:21,Active,1PS1283-0BD94-3AA0,3427754,Flowserve India Controls Pvt. Ltd.,IN-Coimbatore-SF No.136/3 & 137 Myleripalayam Rd.,LOHER LV flameproof
IB-3939498-J1G6,1PS1283-0BD94-3AA0-3427755,19-07-2024 19:21,Active,1PS1283-0BD94-3AA0,3427755,Flowserve India Controls Pvt. Ltd.,IN-Coimbatore-SF No.136/3 & 137 Myleripalayam Rd.,LOHER LV flameproof
IB-3963899-X2Q7,LDX:DNGW315LL02M-3408068,19-07-2024 19:23,Active,LDX:DNGW315LL02M,3408068,Samsung Engineering India Pvt. Ltd.,"IN-Noida-A-1, Windsor IT Park,  Tower A,",LOHER LV flameproof
IB-3963941-J9K0,LDX:DNGW315LL02M-3408069,19-07-2024 19:23,Active,LDX:DNGW315LL02M,3408069,Samsung Engineering India Pvt. Ltd.,"IN-Noida-A-1, Windsor IT Park,  Tower A,",LOHER LV flameproof
IB-3967574-X3C1,LDX:DNGW225SB04R-3421739,19-07-2024 19:24,Active,LDX:DNGW225SB04R,3421739,BGR Energy Systems Ltd. AFC Factory - Panjetty,"IN-Thiruvallur District-9 GNT Road, Panjetty Village",LOHER LV flameproof
IB-3967606-F7F7,LDX:DNGW225SB04R-3421740,19-07-2024 19:24,Active,LDX:DNGW225SB04R,3421740,BGR Energy Systems Ltd. AFC Factory - Panjetty,"IN-Thiruvallur District-9 GNT Road, Panjetty Village",LOHER LV flameproof
IB-3967635-H4H2,LDX:DNGW225SB04R-3421741,19-07-2024 19:24,Active,LDX:DNGW225SB04R,3421741,BGR Energy Systems Ltd. AFC Factory - Panjetty,"IN-Thiruvallur District-9 GNT Road, Panjetty Village",LOHER LV flameproof
IB-3967672-X3R0,LDX:DNGW225SB04R-3421742,19-07-2024 19:24,Active,LDX:DNGW225SB04R,3421742,BGR Energy Systems Ltd. AFC Factory - Panjetty,"IN-Thiruvallur District-9 GNT Road, Panjetty Village",LOHER LV flameproof
IB-3967702-F3S9,LDX:DNGW225SB04R-3421743,19-07-2024 19:24,Active,LDX:DNGW225SB04R,3421743,BGR Energy Systems Ltd. AFC Factory - Panjetty,"IN-Thiruvallur District-9 GNT Road, Panjetty Village",LOHER LV flameproof
IB-3967742-H3Q4,LDX:DNGW225SB04R-3421744,19-07-2024 19:24,Active,LDX:DNGW225SB04R,3421744,BGR Energy Systems Ltd. AFC Factory - Panjetty,"IN-Thiruvallur District-9 GNT Road, Panjetty Village",LOHER LV flameproof
IB-3967798-L2J4,LDX:DNGW225SB04R-3421745,19-07-2024 19:24,Active,LDX:DNGW225SB04R,3421745,BGR Energy Systems Ltd. AFC Factory - Panjetty,"IN-Thiruvallur District-9 GNT Road, Panjetty Village",LOHER LV flameproof
IB-3967826-R6Y6,LDX:DNGW225SB04R-3421746,19-07-2024 19:24,Active,LDX:DNGW225SB04R,3421746,BGR Energy Systems Ltd. AFC Factory - Panjetty,"IN-Thiruvallur District-9 GNT Road, Panjetty Village",LOHER LV flameproof
IB-3967856-B0H8,LDX:DNGW225SB04R-3421747,19-07-2024 19:24,Active,LDX:DNGW225SB04R,3421747,BGR Energy Systems Ltd. AFC Factory - Panjetty,"IN-Thiruvallur District-9 GNT Road, Panjetty Village",LOHER LV flameproof
IB-3967885-P3Z8,LDX:DNGW225SB04R-3421748,19-07-2024 19:24,Active,LDX:DNGW225SB04R,3421748,BGR Energy Systems Ltd. AFC Factory - Panjetty,"IN-Thiruvallur District-9 GNT Road, Panjetty Village",LOHER LV flameproof
IB-3967916-B0X8,LDX:DNGW225SB04R-3421749,19-07-2024 19:24,Active,LDX:DNGW225SB04R,3421749,BGR Energy Systems Ltd. AFC Factory - Panjetty,"IN-Thiruvallur District-9 GNT Road, Panjetty Village",LOHER LV flameproof
IB-3967954-Q7F5,LDX:DNGW225SB04R-3421750,19-07-2024 19:24,Active,LDX:DNGW225SB04R,3421750,BGR Energy Systems Ltd. AFC Factory - Panjetty,"IN-Thiruvallur District-9 GNT Road, Panjetty Village",LOHER LV flameproof
IB-3969524-S5G9,1PS5350-0BH90-4BA0-Z-LDX/50003157,19-07-2024 19:24,Active,1PS5350-0BH90-4BA0-Z,LDX/50003157,Indian Oil Corporation Ltd.,IN-Cuttack-Paradip Refinery Project,LOHER LV flameproof
IB-3970256-F1F1,1PS5354-6BH60-4AA0-Z-5153620,19-07-2024 19:24,Active,1PS5354-6BH60-4AA0-Z,5153620,Sulzer Pumps India Ltd.,"IN -Navi Mumbai-9, MIDC, Thane-Belapur Road",LOHER LV flameproof
IB-3970308-N9S2,1PS5354-6BH60-4AA0-Z-5153621,19-07-2024 19:24,Active,1PS5354-6BH60-4AA0-Z,5153621,Sulzer Pumps India Ltd.,"IN -Navi Mumbai-9, MIDC, Thane-Belapur Road",LOHER LV flameproof
IB-3970865-G6M4,1PS5356-6BH60-4AA0-Z-5153624,19-07-2024 19:24,Active,1PS5356-6BH60-4AA0-Z,5153624,Sulzer Pumps India Ltd.,"IN -Navi Mumbai-9, MIDC, Thane-Belapur Road",LOHER LV flameproof
IB-3970897-Z9N6,1PS5356-6BH60-4AA0-Z-5153625,19-07-2024 19:24,Active,1PS5356-6BH60-4AA0-Z,5153625,Sulzer Pumps India Ltd.,"IN -Navi Mumbai-9, MIDC, Thane-Belapur Road",LOHER LV flameproof
IB-3972011-K3X6,1PS5358-6BJ60-4AA0-Z-5153628,19-07-2024 19:24,Active,1PS5358-6BJ60-4AA0-Z,5153628,Sulzer Pumps India Ltd.,"IN -Navi Mumbai-9, MIDC, Thane-Belapur Road",LOHER LV flameproof
IB-3972043-P8X1,1PS5358-6BJ60-4AA0-Z-5153629,19-07-2024 19:24,Active,1PS5358-6BJ60-4AA0-Z,5153629,Sulzer Pumps India Ltd.,"IN -Navi Mumbai-9, MIDC, Thane-Belapur Road",LOHER LV flameproof
IB-4116598-K7L2,6SR4102-2HF42-0BH0-Z-N-XN5004998010001,25-07-2024 07:06,Verified,6SR4102-2HF42-0BH0-Z,N-XN5004998010001,Bharat Petroleum Corporation Ltd.,"IN-Sagar-Borl Refinery Gate No. 03, Bina Mungawali Rd.","PH GH180, air cooled"
IB-7253263-R6L8,6SR4902-0AD00-0AA0-N-CO293616-00019,24-12-2024 18:33,Active,6SR4902-0AD00-0AA0,N-CO293616-00019,Aquatech Systems (Asia) Pvt. Ltd. Rajiv Gandhi Infotech Park,"IN-Pune Maharashtra-Hinjewade, Survey No.244/2",PERFECT HARMONY Components
IB-7253282-V9X3,6SR4902-0AD00-0AA0-N-CO293616-00020,24-12-2024 18:33,Active,6SR4902-0AD00-0AA0,N-CO293616-00020,Aquatech Systems (Asia) Pvt. Ltd. Rajiv Gandhi Infotech Park,"IN-Pune Maharashtra-Hinjewade, Survey No.244/2",PERFECT HARMONY Components
IB-7253297-T8T2,6SR4902-0AD00-0AA0-N-CO293616-00021,24-12-2024 18:33,Active,6SR4902-0AD00-0AA0,N-CO293616-00021,Aquatech Systems (Asia) Pvt. Ltd. Rajiv Gandhi Infotech Park,"IN-Pune Maharashtra-Hinjewade, Survey No.244/2",PERFECT HARMONY Components
IB-7253309-B1D8,6SR4902-0AD00-0AA0-N-CO243616-00042,24-12-2024 18:33,Active,6SR4902-0AD00-0AA0,N-CO243616-00042,Aquatech Systems (Asia) Pvt. Ltd. Rajiv Gandhi Infotech Park,"IN-Pune Maharashtra-Hinjewade, Survey No.244/2",PERFECT HARMONY Components
IB-7253332-L2K2,6SR4902-0AD00-0AA0-N-CO243616-00043,24-12-2024 18:33,Active,6SR4902-0AD00-0AA0,N-CO243616-00043,Aquatech Systems (Asia) Pvt. Ltd. Rajiv Gandhi Infotech Park,"IN-Pune Maharashtra-Hinjewade, Survey No.244/2",PERFECT HARMONY Components
IB-7253345-H2K8,6SR4902-0AD00-0AA0-N-CO243616-00044,24-12-2024 18:33,Active,6SR4902-0AD00-0AA0,N-CO243616-00044,Aquatech Systems (Asia) Pvt. Ltd. Rajiv Gandhi Infotech Park,"IN-Pune Maharashtra-Hinjewade, Survey No.244/2",PERFECT HARMONY Components
IB-7253362-Q6G1,6SR4902-0AD00-0AA0-N-CO243616-00045,24-12-2024 18:33,Active,6SR4902-0AD00-0AA0,N-CO243616-00045,Aquatech Systems (Asia) Pvt. Ltd. Rajiv Gandhi Infotech Park,"IN-Pune Maharashtra-Hinjewade, Survey No.244/2",PERFECT HARMONY Components
IB-7253385-Y2F9,6SR4902-0AD00-0AA0-N-CO243616-00046,24-12-2024 18:33,Active,6SR4902-0AD00-0AA0,N-CO243616-00046,Aquatech Systems (Asia) Pvt. Ltd. Rajiv Gandhi Infotech Park,"IN-Pune Maharashtra-Hinjewade, Survey No.244/2",PERFECT HARMONY Components
IB-7253407-K0J2,6SR4902-0AD00-0AA0-N-CO243616-00047,24-12-2024 18:33,Active,6SR4902-0AD00-0AA0,N-CO243616-00047,Aquatech Systems (Asia) Pvt. Ltd. Rajiv Gandhi Infotech Park,"IN-Pune Maharashtra-Hinjewade, Survey No.244/2",PERFECT HARMONY Components
IB-7253428-M3K7,6SR4902-0AD00-0AA0-N-CO243616-00036,24-12-2024 18:33,Active,6SR4902-0AD00-0AA0,N-CO243616-00036,Aquatech Systems (Asia) Pvt. Ltd. Rajiv Gandhi Infotech Park,"IN-Pune Maharashtra-Hinjewade, Survey No.244/2",PERFECT HARMONY Components
IB-7253446-W0Y1,6SR4902-0AD00-0AA0-N-CO243616-00037,24-12-2024 18:33,Active,6SR4902-0AD00-0AA0,N-CO243616-00037,Aquatech Systems (Asia) Pvt. Ltd. Rajiv Gandhi Infotech Park,"IN-Pune Maharashtra-Hinjewade, Survey No.244/2",PERFECT HARMONY Components
IB-7253467-D4X4,6SR4902-0AD00-0AA0-N-CO243616-00038,24-12-2024 18:33,Active,6SR4902-0AD00-0AA0,N-CO243616-00038,Aquatech Systems (Asia) Pvt. Ltd. Rajiv Gandhi Infotech Park,"IN-Pune Maharashtra-Hinjewade, Survey No.244/2",PERFECT HARMONY Components
IB-7253479-R0S3,6SR4902-0AD00-0AA0-N-CO243616-00039,24-12-2024 18:33,Active,6SR4902-0AD00-0AA0,N-CO243616-00039,Aquatech Systems (Asia) Pvt. Ltd. Rajiv Gandhi Infotech Park,"IN-Pune Maharashtra-Hinjewade, Survey No.244/2",PERFECT HARMONY Components
IB-7253496-V7V9,6SR4902-0AD00-0AA0-N-CO243616-00040,24-12-2024 18:33,Active,6SR4902-0AD00-0AA0,N-CO243616-00040,Aquatech Systems (Asia) Pvt. Ltd. Rajiv Gandhi Infotech Park,"IN-Pune Maharashtra-Hinjewade, Survey No.244/2",PERFECT HARMONY Components
IB-7253509-Z9Y5,6SR4902-0AD00-0AA0-N-CO243616-00041,24-12-2024 18:33,Active,6SR4902-0AD00-0AA0,N-CO243616-00041,Aquatech Systems (Asia) Pvt. Ltd. Rajiv Gandhi Infotech Park,"IN-Pune Maharashtra-Hinjewade, Survey No.244/2",PERFECT HARMONY Components
IB-7253531-H7Z9,6SR4902-0AD00-0AA0-N-CO243616-00027,24-12-2024 18:33,Active,6SR4902-0AD00-0AA0,N-CO243616-00027,Aquatech Systems (Asia) Pvt. Ltd. Rajiv Gandhi Infotech Park,"IN-Pune Maharashtra-Hinjewade, Survey No.244/2",PERFECT HARMONY Components
IB-7253554-G0N2,6SR4902-0AD00-0AA0-N-CO243616-00028,24-12-2024 18:33,Active,6SR4902-0AD00-0AA0,N-CO243616-00028,Aquatech Systems (Asia) Pvt. Ltd. Rajiv Gandhi Infotech Park,"IN-Pune Maharashtra-Hinjewade, Survey No.244/2",PERFECT HARMONY Components
IB-7253578-Q5S2,6SR4902-0AD00-0AA0-N-CO243616-00029,24-12-2024 18:33,Active,6SR4902-0AD00-0AA0,N-CO243616-00029,Aquatech Systems (Asia) Pvt. Ltd. Rajiv Gandhi Infotech Park,"IN-Pune Maharashtra-Hinjewade, Survey No.244/2",PERFECT HARMONY Components
IB-7253599-D4Y4,6SR4902-0AD00-0AA0-N-CO243616-00030,24-12-2024 18:33,Active,6SR4902-0AD00-0AA0,N-CO243616-00030,Aquatech Systems (Asia) Pvt. Ltd. Rajiv Gandhi Infotech Park,"IN-Pune Maharashtra-Hinjewade, Survey No.244/2",PERFECT HARMONY Components
IB-7253618-P7L8,6SR4902-0AD00-0AA0-N-CO243616-00034,24-12-2024 18:33,Active,6SR4902-0AD00-0AA0,N-CO243616-00034,Aquatech Systems (Asia) Pvt. Ltd. Rajiv Gandhi Infotech Park,"IN-Pune Maharashtra-Hinjewade, Survey No.244/2",PERFECT HARMONY Components
IB-7253632-B8N7,6SR4902-0AD00-0AA0-N-CO243616-00035,24-12-2024 18:33,Active,6SR4902-0AD00-0AA0,N-CO243616-00035,Aquatech Systems (Asia) Pvt. Ltd. Rajiv Gandhi Infotech Park,"IN-Pune Maharashtra-Hinjewade, Survey No.244/2",PERFECT HARMONY Components
IB-7253652-Y3D0,6SR4902-0AD00-0AA0-N-CO243616-00021,24-12-2024 18:33,Active,6SR4902-0AD00-0AA0,N-CO243616-00021,Aquatech Systems (Asia) Pvt. Ltd. Rajiv Gandhi Infotech Park,"IN-Pune Maharashtra-Hinjewade, Survey No.244/2",PERFECT HARMONY Components
IB-7253677-T3P3,6SR4902-0AD00-0AA0-N-CO243616-00022,24-12-2024 18:33,Active,6SR4902-0AD00-0AA0,N-CO243616-00022,Aquatech Systems (Asia) Pvt. Ltd. Rajiv Gandhi Infotech Park,"IN-Pune Maharashtra-Hinjewade, Survey No.244/2",PERFECT HARMONY Components
IB-7253696-K3S3,6SR4902-0AD00-0AA0-N-CO243616-00023,24-12-2024 18:33,Active,6SR4902-0AD00-0AA0,N-CO243616-00023,Aquatech Systems (Asia) Pvt. Ltd. Rajiv Gandhi Infotech Park,"IN-Pune Maharashtra-Hinjewade, Survey No.244/2",PERFECT HARMONY Components
IB-7253715-N3D6,6SR4902-0AD00-0AA0-N-CO243616-00024,24-12-2024 18:33,Active,6SR4902-0AD00-0AA0,N-CO243616-00024,Aquatech Systems (Asia) Pvt. Ltd. Rajiv Gandhi Infotech Park,"IN-Pune Maharashtra-Hinjewade, Survey No.244/2",PERFECT HARMONY Components
IB-7253741-Q7J2,6SR4902-0AD00-0AA0-N-CO243616-00025,24-12-2024 18:33,Active,6SR4902-0AD00-0AA0,N-CO243616-00025,Aquatech Systems (Asia) Pvt. Ltd. Rajiv Gandhi Infotech Park,"IN-Pune Maharashtra-Hinjewade, Survey No.244/2",PERFECT HARMONY Components
IB-7253764-P5L6,6SR4902-0AD00-0AA0-N-CO243616-00026,24-12-2024 18:33,Active,6SR4902-0AD00-0AA0,N-CO243616-00026,Aquatech Systems (Asia) Pvt. Ltd. Rajiv Gandhi Infotech Park,"IN-Pune Maharashtra-Hinjewade, Survey No.244/2",PERFECT HARMONY Components
IB-7253785-B5N3,6SR4902-0AD00-0AA0-N-CO183616-00094,24-12-2024 18:33,Active,6SR4902-0AD00-0AA0,N-CO183616-00094,Aquatech Systems (Asia) Pvt. Ltd. Rajiv Gandhi Infotech Park,"IN-Pune Maharashtra-Hinjewade, Survey No.244/2",PERFECT HARMONY Components
IB-7253801-Y1R7,6SR4902-0AD00-0AA0-N-CO243616-00016,24-12-2024 18:33,Active,6SR4902-0AD00-0AA0,N-CO243616-00016,Aquatech Systems (Asia) Pvt. Ltd. Rajiv Gandhi Infotech Park,"IN-Pune Maharashtra-Hinjewade, Survey No.244/2",PERFECT HARMONY Components
IB-7253815-T3T7,6SR4902-0AD00-0AA0-N-CO243616-00017,24-12-2024 18:33,Active,6SR4902-0AD00-0AA0,N-CO243616-00017,Aquatech Systems (Asia) Pvt. Ltd. Rajiv Gandhi Infotech Park,"IN-Pune Maharashtra-Hinjewade, Survey No.244/2",PERFECT HARMONY Components
IB-7253835-V8F4,6SR4902-0AD00-0AA0-N-CO243616-00018,24-12-2024 18:33,Active,6SR4902-0AD00-0AA0,N-CO243616-00018,Aquatech Systems (Asia) Pvt. Ltd. Rajiv Gandhi Infotech Park,"IN-Pune Maharashtra-Hinjewade, Survey No.244/2",PERFECT HARMONY Components
IB-7253863-M9V3,6SR4902-0AD00-0AA0-N-CO243616-00019,24-12-2024 18:33,Active,6SR4902-0AD00-0AA0,N-CO243616-00019,Aquatech Systems (Asia) Pvt. Ltd. Rajiv Gandhi Infotech Park,"IN-Pune Maharashtra-Hinjewade, Survey No.244/2",PERFECT HARMONY Components
IB-7253883-F5K2,6SR4902-0AD00-0AA0-N-CO243616-00020,24-12-2024 18:33,Active,6SR4902-0AD00-0AA0,N-CO243616-00020,Aquatech Systems (Asia) Pvt. Ltd. Rajiv Gandhi Infotech Park,"IN-Pune Maharashtra-Hinjewade, Survey No.244/2",PERFECT HARMONY Components
IB-7253904-S6J0,6SR4902-0AD00-0AA0-N-CO183616-00088,24-12-2024 18:33,Active,6SR4902-0AD00-0AA0,N-CO183616-00088,Aquatech Systems (Asia) Pvt. Ltd. Rajiv Gandhi Infotech Park,"IN-Pune Maharashtra-Hinjewade, Survey No.244/2",PERFECT HARMONY Components
IB-7253920-S2P8,6SR4902-0AD00-0AA0-N-CO183616-00089,24-12-2024 18:33,Active,6SR4902-0AD00-0AA0,N-CO183616-00089,Aquatech Systems (Asia) Pvt. Ltd. Rajiv Gandhi Infotech Park,"IN-Pune Maharashtra-Hinjewade, Survey No.244/2",PERFECT HARMONY Components
IB-7253938-C2V1,6SR4902-0AD00-0AA0-N-CO183616-00090,24-12-2024 18:33,Active,6SR4902-0AD00-0AA0,N-CO183616-00090,Aquatech Systems (Asia) Pvt. Ltd. Rajiv Gandhi Infotech Park,"IN-Pune Maharashtra-Hinjewade, Survey No.244/2",PERFECT HARMONY Components
IB-7253965-R0B6,6SR4902-0AD00-0AA0-N-CO183616-00091,24-12-2024 18:33,Active,6SR4902-0AD00-0AA0,N-CO183616-00091,Aquatech Systems (Asia) Pvt. Ltd. Rajiv Gandhi Infotech Park,"IN-Pune Maharashtra-Hinjewade, Survey No.244/2",PERFECT HARMONY Components
IB-7253983-S5X3,6SR4902-0AD00-0AA0-N-CO183616-00092,24-12-2024 18:33,Active,6SR4902-0AD00-0AA0,N-CO183616-00092,Aquatech Systems (Asia) Pvt. Ltd. Rajiv Gandhi Infotech Park,"IN-Pune Maharashtra-Hinjewade, Survey No.244/2",PERFECT HARMONY Components
IB-7254005-F0D0,6SR4902-0AD00-0AA0-N-CO183616-00093,24-12-2024 18:33,Active,6SR4902-0AD00-0AA0,N-CO183616-00093,Aquatech Systems (Asia) Pvt. Ltd. Rajiv Gandhi Infotech Park,"IN-Pune Maharashtra-Hinjewade, Survey No.244/2",PERFECT HARMONY Components
IB-7254028-X7B7,6SR4902-0AD00-0AA0-N-CO183616-00082,24-12-2024 18:33,Active,6SR4902-0AD00-0AA0,N-CO183616-00082,Aquatech Systems (Asia) Pvt. Ltd. Rajiv Gandhi Infotech Park,"IN-Pune Maharashtra-Hinjewade, Survey No.244/2",PERFECT HARMONY Components
IB-7254042-N8W6,6SR4902-0AD00-0AA0-N-CO183616-00083,24-12-2024 18:33,Active,6SR4902-0AD00-0AA0,N-CO183616-00083,Aquatech Systems (Asia) Pvt. Ltd. Rajiv Gandhi Infotech Park,"IN-Pune Maharashtra-Hinjewade, Survey No.244/2",PERFECT HARMONY Components
IB-7254060-F5S6,6SR4902-0AD00-0AA0-N-CO183616-00084,24-12-2024 18:33,Active,6SR4902-0AD00-0AA0,N-CO183616-00084,Aquatech Systems (Asia) Pvt. Ltd. Rajiv Gandhi Infotech Park,"IN-Pune Maharashtra-Hinjewade, Survey No.244/2",PERFECT HARMONY Components
IB-7254080-B1D8,6SR4902-0AD00-0AA0-N-CO183616-00085,24-12-2024 18:33,Active,6SR4902-0AD00-0AA0,N-CO183616-00085,Aquatech Systems (Asia) Pvt. Ltd. Rajiv Gandhi Infotech Park,"IN-Pune Maharashtra-Hinjewade, Survey No.244/2",PERFECT HARMONY Components
IB-7254096-V3H8,6SR4902-0AD00-0AA0-N-CO183616-00086,24-12-2024 18:33,Active,6SR4902-0AD00-0AA0,N-CO183616-00086,Aquatech Systems (Asia) Pvt. Ltd. Rajiv Gandhi Infotech Park,"IN-Pune Maharashtra-Hinjewade, Survey No.244/2",PERFECT HARMONY Components
IB-7254110-H4G8,6SR4902-0AD00-0AA0-N-CO183616-00087,24-12-2024 18:33,Active,6SR4902-0AD00-0AA0,N-CO183616-00087,Aquatech Systems (Asia) Pvt. Ltd. Rajiv Gandhi Infotech Park,"IN-Pune Maharashtra-Hinjewade, Survey No.244/2",PERFECT HARMONY Components
IB-7254121-Y6N8,6SR4902-0AD00-0AA0-N-CO053616-00012,24-12-2024 18:33,Active,6SR4902-0AD00-0AA0,N-CO053616-00012,Aquatech Systems (Asia) Pvt. Ltd. Rajiv Gandhi Infotech Park,"IN-Pune Maharashtra-Hinjewade, Survey No.244/2",PERFECT HARMONY Components
IB-7254136-Z2Y4,6SR4902-0AD00-0AA0-N-CO053616-00013,24-12-2024 18:33,Active,6SR4902-0AD00-0AA0,N-CO053616-00013,Aquatech Systems (Asia) Pvt. Ltd. Rajiv Gandhi Infotech Park,"IN-Pune Maharashtra-Hinjewade, Survey No.244/2",PERFECT HARMONY Components
IB-7254147-K6T7,6SR4902-0AD00-0AA0-N-CO053616-00014,24-12-2024 18:33,Active,6SR4902-0AD00-0AA0,N-CO053616-00014,Aquatech Systems (Asia) Pvt. Ltd. Rajiv Gandhi Infotech Park,"IN-Pune Maharashtra-Hinjewade, Survey No.244/2",PERFECT HARMONY Components
IB-7254166-X8Z3,6SR4902-0AD00-0AA0-N-CO053616-00015,24-12-2024 18:33,Active,6SR4902-0AD00-0AA0,N-CO053616-00015,Aquatech Systems (Asia) Pvt. Ltd. Rajiv Gandhi Infotech Park,"IN-Pune Maharashtra-Hinjewade, Survey No.244/2",PERFECT HARMONY Components
IB-7254187-H8M2,6SR4902-0AD00-0AA0-N-CO183616-00080,24-12-2024 18:33,Active,6SR4902-0AD00-0AA0,N-CO183616-00080,Aquatech Systems (Asia) Pvt. Ltd. Rajiv Gandhi Infotech Park,"IN-Pune Maharashtra-Hinjewade, Survey No.244/2",PERFECT HARMONY Components
IB-7254202-N0C6,6SR4902-0AD00-0AA0-N-CO183616-00081,24-12-2024 18:33,Active,6SR4902-0AD00-0AA0,N-CO183616-00081,Aquatech Systems (Asia) Pvt. Ltd. Rajiv Gandhi Infotech Park,"IN-Pune Maharashtra-Hinjewade, Survey No.244/2",PERFECT HARMONY Components
IB-7254220-M2M4,6SR4902-0AD00-0AA0-N-CO053616-00006,24-12-2024 18:33,Active,6SR4902-0AD00-0AA0,N-CO053616-00006,Aquatech Systems (Asia) Pvt. Ltd. Rajiv Gandhi Infotech Park,"IN-Pune Maharashtra-Hinjewade, Survey No.244/2",PERFECT HARMONY Components
IB-7254236-M8H0,6SR4902-0AD00-0AA0-N-CO053616-00007,24-12-2024 18:33,Active,6SR4902-0AD00-0AA0,N-CO053616-00007,Aquatech Systems (Asia) Pvt. Ltd. Rajiv Gandhi Infotech Park,"IN-Pune Maharashtra-Hinjewade, Survey No.244/2",PERFECT HARMONY Components
IB-7254253-Q3G4,6SR4902-0AD00-0AA0-N-CO053616-00008,24-12-2024 18:33,Active,6SR4902-0AD00-0AA0,N-CO053616-00008,Aquatech Systems (Asia) Pvt. Ltd. Rajiv Gandhi Infotech Park,"IN-Pune Maharashtra-Hinjewade, Survey No.244/2",PERFECT HARMONY Components
IB-7254269-X7H2,6SR4902-0AD00-0AA0-N-CO053616-00009,24-12-2024 18:33,Active,6SR4902-0AD00-0AA0,N-CO053616-00009,Aquatech Systems (Asia) Pvt. Ltd. Rajiv Gandhi Infotech Park,"IN-Pune Maharashtra-Hinjewade, Survey No.244/2",PERFECT HARMONY Components
IB-7254289-L5C4,6SR4902-0AD00-0AA0-N-CO053616-00010,24-12-2024 18:33,Active,6SR4902-0AD00-0AA0,N-CO053616-00010,Aquatech Systems (Asia) Pvt. Ltd. Rajiv Gandhi Infotech Park,"IN-Pune Maharashtra-Hinjewade, Survey No.244/2",PERFECT HARMONY Components
IB-7254305-R3L9,6SR4902-0AD00-0AA0-N-CO053616-00011,24-12-2024 18:33,Active,6SR4902-0AD00-0AA0,N-CO053616-00011,Aquatech Systems (Asia) Pvt. Ltd. Rajiv Gandhi Infotech Park,"IN-Pune Maharashtra-Hinjewade, Survey No.244/2",PERFECT HARMONY Components
IB-7254342-Z4R9,6SR4902-0AD00-0AA0-N-CO053616-00001,24-12-2024 18:33,Active,6SR4902-0AD00-0AA0,N-CO053616-00001,Aquatech Systems (Asia) Pvt. Ltd. Rajiv Gandhi Infotech Park,"IN-Pune Maharashtra-Hinjewade, Survey No.244/2",PERFECT HARMONY Components
IB-7254358-D8V0,6SR4902-0AD00-0AA0-N-CO053616-00002,24-12-2024 18:33,Active,6SR4902-0AD00-0AA0,N-CO053616-00002,Aquatech Systems (Asia) Pvt. Ltd. Rajiv Gandhi Infotech Park,"IN-Pune Maharashtra-Hinjewade, Survey No.244/2",PERFECT HARMONY Components
IB-7254381-X0Y9,6SR4902-0AD00-0AA0-N-CO053616-00003,24-12-2024 18:33,Active,6SR4902-0AD00-0AA0,N-CO053616-00003,Aquatech Systems (Asia) Pvt. Ltd. Rajiv Gandhi Infotech Park,"IN-Pune Maharashtra-Hinjewade, Survey No.244/2",PERFECT HARMONY Components
IB-7254398-Z3N7,6SR4902-0AD00-0AA0-N-CO053616-00004,24-12-2024 18:33,Active,6SR4902-0AD00-0AA0,N-CO053616-00004,Aquatech Systems (Asia) Pvt. Ltd. Rajiv Gandhi Infotech Park,"IN-Pune Maharashtra-Hinjewade, Survey No.244/2",PERFECT HARMONY Components
IB-7254411-Q3J8,6SR4902-0AD00-0AA0-N-CO053616-00005,24-12-2024 18:33,Active,6SR4902-0AD00-0AA0,N-CO053616-00005,Aquatech Systems (Asia) Pvt. Ltd. Rajiv Gandhi Infotech Park,"IN-Pune Maharashtra-Hinjewade, Survey No.244/2",PERFECT HARMONY Components
IB-7255189-N5Y6,6SR4902-0AB00-0AA0-N-D3123616-00004,24-12-2024 18:33,Active,6SR4902-0AB00-0AA0,N-D3123616-00004,Info Verpackung,IN-Bestimmungsland-Strasse fehlt,PERFECT HARMONY Components
IB-7255207-Y3Z7,6SR4902-0AB00-0AA0-N-D3123616-00005,24-12-2024 18:33,Active,6SR4902-0AB00-0AA0,N-D3123616-00005,Info Verpackung,IN-Bestimmungsland-Strasse fehlt,PERFECT HARMONY Components
IB-7255235-C3P4,6SR4902-0AB00-0AA0-N-D3123616-00006,24-12-2024 18:33,Active,6SR4902-0AB00-0AA0,N-D3123616-00006,Info Verpackung,IN-Bestimmungsland-Strasse fehlt,PERFECT HARMONY Components
IB-7255262-N6R3,6SR4902-0AB00-0AA0-N-D3123616-00007,24-12-2024 18:33,Active,6SR4902-0AB00-0AA0,N-D3123616-00007,Info Verpackung,IN-Bestimmungsland-Strasse fehlt,PERFECT HARMONY Components
IB-7255279-Q7T3,6SR4902-0AB00-0AA0-N-D3123616-00008,24-12-2024 18:33,Active,6SR4902-0AB00-0AA0,N-D3123616-00008,Info Verpackung,IN-Bestimmungsland-Strasse fehlt,PERFECT HARMONY Components
IB-7255305-G9Z0,6SR4902-0AB00-0AA0-N-D3123616-00009,24-12-2024 18:33,Active,6SR4902-0AB00-0AA0,N-D3123616-00009,Info Verpackung,IN-Bestimmungsland-Strasse fehlt,PERFECT HARMONY Components
IB-7255319-X8S0,6SR4902-0AB00-0AA0-N-D2273616-00046,24-12-2024 18:33,Active,6SR4902-0AB00-0AA0,N-D2273616-00046,Info Verpackung,IN-Bestimmungsland-Strasse fehlt,PERFECT HARMONY Components
IB-7255336-L0D9,6SR4902-0AB00-0AA0-N-D2273616-00047,24-12-2024 18:33,Active,6SR4902-0AB00-0AA0,N-D2273616-00047,Info Verpackung,IN-Bestimmungsland-Strasse fehlt,PERFECT HARMONY Components
IB-7255352-H3F5,6SR4902-0AB00-0AA0-N-D2273616-00048,24-12-2024 18:33,Active,6SR4902-0AB00-0AA0,N-D2273616-00048,Info Verpackung,IN-Bestimmungsland-Strasse fehlt,PERFECT HARMONY Components
IB-7255373-G6Y0,6SR4902-0AB00-0AA0-N-D3123616-00001,24-12-2024 18:33,Active,6SR4902-0AB00-0AA0,N-D3123616-00001,Info Verpackung,IN-Bestimmungsland-Strasse fehlt,PERFECT HARMONY Components
IB-7255383-C1P6,6SR4902-0AB00-0AA0-N-D3123616-00002,24-12-2024 18:33,Active,6SR4902-0AB00-0AA0,N-D3123616-00002,Info Verpackung,IN-Bestimmungsland-Strasse fehlt,PERFECT HARMONY Components
IB-7255403-G2V6,6SR4902-0AB00-0AA0-N-D3123616-00003,24-12-2024 18:33,Active,6SR4902-0AB00-0AA0,N-D3123616-00003,Info Verpackung,IN-Bestimmungsland-Strasse fehlt,PERFECT HARMONY Components
IB-7255422-C5Y7,6SR4902-0AB00-0AA0-N-D2273616-00040,24-12-2024 18:33,Active,6SR4902-0AB00-0AA0,N-D2273616-00040,Info Verpackung,IN-Bestimmungsland-Strasse fehlt,PERFECT HARMONY Components
IB-7255439-F4H8,6SR4902-0AB00-0AA0-N-D2273616-00041,24-12-2024 18:33,Active,6SR4902-0AB00-0AA0,N-D2273616-00041,Info Verpackung,IN-Bestimmungsland-Strasse fehlt,PERFECT HARMONY Components
IB-7255456-F5L2,6SR4902-0AB00-0AA0-N-D2273616-00042,24-12-2024 18:33,Active,6SR4902-0AB00-0AA0,N-D2273616-00042,Info Verpackung,IN-Bestimmungsland-Strasse fehlt,PERFECT HARMONY Components
IB-7255475-F3K9,6SR4902-0AB00-0AA0-N-D2273616-00043,24-12-2024 18:33,Active,6SR4902-0AB00-0AA0,N-D2273616-00043,Info Verpackung,IN-Bestimmungsland-Strasse fehlt,PERFECT HARMONY Components
IB-7255497-M2L3,6SR4902-0AB00-0AA0-N-D2273616-00044,24-12-2024 18:33,Active,6SR4902-0AB00-0AA0,N-D2273616-00044,Info Verpackung,IN-Bestimmungsland-Strasse fehlt,PERFECT HARMONY Components
IB-7255519-J1F6,6SR4902-0AB00-0AA0-N-D2273616-00045,24-12-2024 18:33,Active,6SR4902-0AB00-0AA0,N-D2273616-00045,Info Verpackung,IN-Bestimmungsland-Strasse fehlt,PERFECT HARMONY Components
IB-7255536-C2T6,6SR4902-0AB00-0AA0-N-D2183616-00004,24-12-2024 18:33,Active,6SR4902-0AB00-0AA0,N-D2183616-00004,Info Verpackung,IN-Bestimmungsland-Strasse fehlt,PERFECT HARMONY Components
IB-7255553-V7H0,6SR4902-0AB00-0AA0-N-D2183616-00005,24-12-2024 18:33,Active,6SR4902-0AB00-0AA0,N-D2183616-00005,Info Verpackung,IN-Bestimmungsland-Strasse fehlt,PERFECT HARMONY Components
IB-7255575-M9F4,6SR4902-0AB00-0AA0-N-D2183616-00006,24-12-2024 18:33,Active,6SR4902-0AB00-0AA0,N-D2183616-00006,Info Verpackung,IN-Bestimmungsland-Strasse fehlt,PERFECT HARMONY Components
IB-7255601-P7J9,6SR4902-0AB00-0AA0-N-D2183616-00007,24-12-2024 18:33,Active,6SR4902-0AB00-0AA0,N-D2183616-00007,Info Verpackung,IN-Bestimmungsland-Strasse fehlt,PERFECT HARMONY Components
IB-7255614-T3N8,6SR4902-0AB00-0AA0-N-D2183616-00008,24-12-2024 18:33,Active,6SR4902-0AB00-0AA0,N-D2183616-00008,Info Verpackung,IN-Bestimmungsland-Strasse fehlt,PERFECT HARMONY Components
IB-7255626-M8L7,6SR4902-0AB00-0AA0-N-D2183616-00009,24-12-2024 18:33,Active,6SR4902-0AB00-0AA0,N-D2183616-00009,Info Verpackung,IN-Bestimmungsland-Strasse fehlt,PERFECT HARMONY Components
IB-7255706-B0V8,6SR4902-0AB00-0AA0-N-D2183616-00001,24-12-2024 18:33,Active,6SR4902-0AB00-0AA0,N-D2183616-00001,Info Verpackung,IN-Bestimmungsland-Strasse fehlt,PERFECT HARMONY Components
IB-7255729-Q8L0,6SR4902-0AB00-0AA0-N-D2183616-00002,24-12-2024 18:33,Active,6SR4902-0AB00-0AA0,N-D2183616-00002,Info Verpackung,IN-Bestimmungsland-Strasse fehlt,PERFECT HARMONY Components
IB-7255744-K3Y1,6SR4902-0AB00-0AA0-N-D2183616-00003,24-12-2024 18:33,Active,6SR4902-0AB00-0AA0,N-D2183616-00003,Info Verpackung,IN-Bestimmungsland-Strasse fehlt,PERFECT HARMONY Components
IB-7383391-C4T7,6SR5502-2HC41-2BH2-Z-Z8-243651540-496,26-12-2024 16:59,Verified,6SR5502-2HC41-2BH2-Z,Z8-243651540-496,Arcelormittal Nippon Steel India Ltd.,"IN-Surat-27km, Surat Hazira Road, Hazira, Surat, Gujarat","PH GH180, air cooled"
IB-7383424-C2D9,6SR5502-2HC41-2BH2-Z-Z8-243651540-498,26-12-2024 16:59,Verified,6SR5502-2HC41-2BH2-Z,Z8-243651540-498,Arcelormittal Nippon Steel India Ltd.,"IN-Surat-27km, Surat Hazira Road, Hazira, Surat, Gujarat","PH GH180, air cooled"
IB-7383666-G8C7,6SR5502-2HD41-5BH2-Z-Z8-244951544-09A,26-12-2024 16:59,Preliminary,6SR5802-2HD41-5BH2-Z,Z8-244951544-09A-0225-060 ,Jindal Steel And Power Ltd.,"IN-Barbil-Plot No. 507/365,","PH GH180, air cooled"
IB-7383699-W8G8,6SR5502-2HD41-5BH2-Z-Z8-244951544-09B,26-12-2024 16:59,Preliminary,6SR5802-2HD41-5BH2-Z,Z8-244951544-09B-0225-061 ,JINDAL STEEL AND POWER LT,"IN-Mumbai-Pawane MIDC, Turbhe - Mahape Road","PH GH180, air cooled"
IB-7383781-K2X8,6SR5502-2HE41-7BH2-Z-Z8-244651548-028,26-12-2024 16:59,Active,6SR5502-2HE41-7BH2-Z,Z8-244651548-028,HOWDEN AIR AND GAS INDIA,"IN-Navi Mumbai-Plot No C-39,TTC Industrial Area,Pa","PH GH180, air cooled"
IB-7383812-S3S4,6SR5502-2HE41-7BH2-Z-Z8-244651548-02A,26-12-2024 16:59,Active,6SR5502-2HE41-7BH2-Z,Z8-244651548-02A,HOWDEN AIR AND GAS INDIA,"IN-Navi Mumbai-Plot No C-39,TTC Industrial Area,Pa","PH GH180, air cooled"
IB-7384111-B3M1,6SR5502-2HF42-5BH2-Z-Z8-244951552-09E,26-12-2024 16:59,Verified,6SR5502-2HF42-5BH2-Z,Z8-244951552-09E,The Ramco Cements Ltd.,IN-Ariyalur-Ariyalur,"PH GH180, air cooled"
IB-7384334-F5N5,6SR5502-2HG43-0BH2-Z-Z8-2430515PR-013,26-12-2024 16:59,Verified,6SR5502-2HG43-0BH2-Z,Z8-2430515PR-013,LLOYDS METALS AND ENERGY,"IN-Chandrapur-Plot No A 1-2, MIDC Area, Ghugus","PH GH180, air cooled"
IB-7384368-R3Q3,6SR5502-2HG43-0BH2-Z-Z8-2430515PR-016,26-12-2024 16:59,Verified,6SR5502-2HG43-0BH2-Z,Z8-2430515PR-016,LLOYDS METALS AND ENERGY,"IN-Chandrapur-Plot No A 1-2, MIDC Area, Ghugus","PH GH180, air cooled"
IB-7384398-L2D3,6SR5502-2HG43-0BH2-Z-Z8-2430515PR-03A,26-12-2024 16:59,Verified,6SR5502-2HG43-0BH2-Z,Z8-2430515PR-03A,LLOYDS METALS AND ENERGY,"IN-Chandrapur-Plot No A 1-2, MIDC Area, Ghugus","PH GH180, air cooled"
IB-7384429-L4Z7,6SR5502-2HG43-0BH2-Z-Z8-2430515PR-03E,26-12-2024 16:59,Verified,6SR5502-2HG43-0BH2-Z,Z8-2430515PR-03E,LLOYDS METALS AND ENERGY,"IN-Chandrapur-Plot No A 1-2, MIDC Area, Ghugus","PH GH180, air cooled"
IB-3920855-C3J4,1PS5208-1CD90-4CA2-Z-3425101,19-07-2024 19:20,Active,1PS5208-1CD90-4CA2-Z,3425101,Siemens Ltd-Logistics Centre Sudeep LCCR,"IN -Navi Mumbai-""Thane Belapur Raod,""",LOHER LV flameproof
IB-3924008-S6Z3,1PS5220-0CD90-4BA0-Z-3416452,19-07-2024 19:20,Active,1PS5220-0CD90-4BA0-Z,3416452,Reliance Industries Ltd.,"IN-Gujarat-Taluka Lalpur, Dist. Jamnagar",LOHER LV flameproof
IB-3928350-W0D7,1PS5113-0BD90-4AA0-Z-2346033,19-07-2024 19:20,Active,1PS5113-0BD90-4AA0-Z,2346033,Siemens Ltd-Logistics Service Attn.- Mr Sudhir Thakur,"IN -""Navi Mumbai, Maharashtra""-""Thane Belapur Road,""",LOHER LV flameproof
IB-3964661-C9Y7,LDX:DNGW160MN02A-3411163,19-07-2024 19:24,Active,LDX:DNGW160MN02A,3411163,Flowserve India Controls Pvt. Ltd.,IN-Coimbatore-SF No.136/3 & 137 Myleripalayam Rd.,LOHER LV flameproof
IB-3964687-S5Z0,LDX:DNGW160MN02A-3411164,19-07-2024 19:24,Active,LDX:DNGW160MN02A,3411164,Flowserve India Controls Pvt. Ltd.,IN-Coimbatore-SF No.136/3 & 137 Myleripalayam Rd.,LOHER LV flameproof
IB-3964712-G5D9,LDX:DNGW160MN02A-3411165,19-07-2024 19:24,Active,LDX:DNGW160MN02A,3411165,Flowserve India Controls Pvt. Ltd.,IN-Coimbatore-SF No.136/3 & 137 Myleripalayam Rd.,LOHER LV flameproof
IB-3964745-F7V1,LDX:DNGW160MN02A-3411166,19-07-2024 19:24,Active,LDX:DNGW160MN02A,3411166,Flowserve India Controls Pvt. Ltd.,IN-Coimbatore-SF No.136/3 & 137 Myleripalayam Rd.,LOHER LV flameproof
IB-3964774-H5S3,LDX:DNGW160MN02A-3411167,19-07-2024 19:24,Active,LDX:DNGW160MN02A,3411167,Flowserve India Controls Pvt. Ltd.,IN-Coimbatore-SF No.136/3 & 137 Myleripalayam Rd.,LOHER LV flameproof
IB-3968073-Q1K5,LDX:AMGK160MB02A-3419400,19-07-2024 19:24,Active,LDX:AMGK160MB02A,3419400,Sulzer Pumps India Ltd. Digha,"IN-Navi Mumbai-9, M.I.D.C  Thane Belapur Road, Digha",LOHER LV non flameproof
IB-3968102-F1V3,LDX:AMGK160MB02A-3419401,19-07-2024 19:24,Active,LDX:AMGK160MB02A,3419401,Sulzer Pumps India Ltd. Digha,"IN-Navi Mumbai-9, M.I.D.C  Thane Belapur Road, Digha",LOHER LV non flameproof
IB-3968125-T5N4,LDX:AMGK160MB02A-3419402,19-07-2024 19:24,Active,LDX:AMGK160MB02A,3419402,Sulzer Pumps India Ltd. Digha,"IN-Navi Mumbai-9, M.I.D.C  Thane Belapur Road, Digha",LOHER LV non flameproof
IB-3968154-Z6T2,LDX:AMGK160MB02A-3419403,19-07-2024 19:24,Active,LDX:AMGK160MB02A,3419403,Sulzer Pumps India Ltd. Digha,"IN-Navi Mumbai-9, M.I.D.C  Thane Belapur Road, Digha",LOHER LV non flameproof
IB-3970914-L4N8,LDX:DNGW080BG04M-2342746,19-07-2024 19:24,Active,LDX:DNGW080BG04M,2342746,Reliance Industries Ltd. P.O. Petrochemicals,IN-Gujarat-Dist. Vadodara,LOHER LV flameproof
IB-3977073-F8X8,LDX:DNGW100LB04A-2354386,19-07-2024 19:25,Active,LDX:DNGW100LB04A,2354386,Dresser Rand India Pvt Ltd,"IN-Ahmedabad-187, GIDC Estate, Naroda",LOHER LV flameproof
IB-3980327-V6S2,LDX:ANGK160MB04R-3423510,19-07-2024 19:25,Active,LDX:ANGK160MB04R,3423510,"BGR Energy Systems Ltd. Teynam Pet,","IN-Chennai-443, Anna Salai",LOHER LV non flameproof
IB-2215197-W8N6,6SR5502-0HE41-0BH0-Z-Z8-241250349-312,04-07-2024 21:50,Verified,6SR5502-0HE41-0BH0-Z,Z8-241250349-312,Tata Steel Ltd.,IN-Jamshedpur-General Office Bldg. Near Bist,"PH GH180, air cooled"
IB-7247894-K2P0,6SR4902-0AA00-0AA0-N-CO183616-00037,24-12-2024 18:32,Active,6SR4902-0AA00-0AA0,N-CO183616-00037,Info Verpackung,IN-Bestimmungsland-Strasse fehlt,PERFECT HARMONY Components
IB-7247903-S4B9,6SR4902-0AA00-0AA0-N-CO183616-00025,24-12-2024 18:32,Active,6SR4902-0AA00-0AA0,N-CO183616-00025,Info Verpackung,IN-Bestimmungsland-Strasse fehlt,PERFECT HARMONY Components
IB-7247908-N9B4,6SR4902-0AA00-0AA0-N-CO183616-00026,24-12-2024 18:32,Active,6SR4902-0AA00-0AA0,N-CO183616-00026,Info Verpackung,IN-Bestimmungsland-Strasse fehlt,PERFECT HARMONY Components
IB-7247918-Y6X0,6SR4902-0AA00-0AA0-N-CO183616-00027,24-12-2024 18:32,Active,6SR4902-0AA00-0AA0,N-CO183616-00027,Info Verpackung,IN-Bestimmungsland-Strasse fehlt,PERFECT HARMONY Components
IB-7247925-N3P0,6SR4902-0AA00-0AA0-N-CO183616-00028,24-12-2024 18:32,Active,6SR4902-0AA00-0AA0,N-CO183616-00028,Info Verpackung,IN-Bestimmungsland-Strasse fehlt,PERFECT HARMONY Components
IB-7247933-C7H1,6SR4902-0AA00-0AA0-N-CO183616-00029,24-12-2024 18:32,Active,6SR4902-0AA00-0AA0,N-CO183616-00029,Info Verpackung,IN-Bestimmungsland-Strasse fehlt,PERFECT HARMONY Components
IB-7247944-T0X8,6SR4902-0AA00-0AA0-N-CO183616-00030,24-12-2024 18:32,Active,6SR4902-0AA00-0AA0,N-CO183616-00030,Info Verpackung,IN-Bestimmungsland-Strasse fehlt,PERFECT HARMONY Components
IB-7247952-G1Z2,6SR4902-0AA00-0AA0-N-CO183616-00019,24-12-2024 18:32,Active,6SR4902-0AA00-0AA0,N-CO183616-00019,Info Verpackung,IN-Bestimmungsland-Strasse fehlt,PERFECT HARMONY Components
IB-7247965-C7D3,6SR4902-0AA00-0AA0-N-CO183616-00020,24-12-2024 18:32,Active,6SR4902-0AA00-0AA0,N-CO183616-00020,Info Verpackung,IN-Bestimmungsland-Strasse fehlt,PERFECT HARMONY Components
IB-7247973-J0T8,6SR4902-0AA00-0AA0-N-CO183616-00021,24-12-2024 18:32,Active,6SR4902-0AA00-0AA0,N-CO183616-00021,Info Verpackung,IN-Bestimmungsland-Strasse fehlt,PERFECT HARMONY Components
IB-7247981-N8M3,6SR4902-0AA00-0AA0-N-CO183616-00022,24-12-2024 18:32,Active,6SR4902-0AA00-0AA0,N-CO183616-00022,Info Verpackung,IN-Bestimmungsland-Strasse fehlt,PERFECT HARMONY Components
IB-7247987-D8N8,6SR4902-0AA00-0AA0-N-CO183616-00023,24-12-2024 18:32,Active,6SR4902-0AA00-0AA0,N-CO183616-00023,Info Verpackung,IN-Bestimmungsland-Strasse fehlt,PERFECT HARMONY Components
IB-7247999-Y5W4,6SR4902-0AA00-0AA0-N-CO183616-00024,24-12-2024 18:32,Active,6SR4902-0AA00-0AA0,N-CO183616-00024,Info Verpackung,IN-Bestimmungsland-Strasse fehlt,PERFECT HARMONY Components
IB-7248008-D3G3,6SR4902-0AA00-0AA0-N-CO093616-00028,24-12-2024 18:32,Active,6SR4902-0AA00-0AA0,N-CO093616-00028,Info Verpackung,IN-Bestimmungsland-Strasse fehlt,PERFECT HARMONY Components
IB-7248014-H4L6,6SR4902-0AA00-0AA0-N-CO093616-00029,24-12-2024 18:32,Active,6SR4902-0AA00-0AA0,N-CO093616-00029,Info Verpackung,IN-Bestimmungsland-Strasse fehlt,PERFECT HARMONY Components
IB-7248020-H9L3,6SR4902-0AA00-0AA0-N-CO093616-00030,24-12-2024 18:32,Active,6SR4902-0AA00-0AA0,N-CO093616-00030,Info Verpackung,IN-Bestimmungsland-Strasse fehlt,PERFECT HARMONY Components
IB-7248027-L1X8,6SR4902-0AA00-0AA0-N-CO183616-00016,24-12-2024 18:32,Active,6SR4902-0AA00-0AA0,N-CO183616-00016,Info Verpackung,IN-Bestimmungsland-Strasse fehlt,PERFECT HARMONY Components
IB-7248036-P4X0,6SR4902-0AA00-0AA0-N-CO183616-00017,24-12-2024 18:32,Active,6SR4902-0AA00-0AA0,N-CO183616-00017,Info Verpackung,IN-Bestimmungsland-Strasse fehlt,PERFECT HARMONY Components
IB-7248042-X2K1,6SR4902-0AA00-0AA0-N-CO183616-00018,24-12-2024 18:32,Active,6SR4902-0AA00-0AA0,N-CO183616-00018,Info Verpackung,IN-Bestimmungsland-Strasse fehlt,PERFECT HARMONY Components
IB-7248047-X5D7,6SR4902-0AA00-0AA0-N-CO093616-00022,24-12-2024 18:32,Active,6SR4902-0AA00-0AA0,N-CO093616-00022,Info Verpackung,IN-Bestimmungsland-Strasse fehlt,PERFECT HARMONY Components
IB-7248055-W3V9,6SR4902-0AA00-0AA0-N-CO093616-00023,24-12-2024 18:32,Active,6SR4902-0AA00-0AA0,N-CO093616-00023,Info Verpackung,IN-Bestimmungsland-Strasse fehlt,PERFECT HARMONY Components
IB-7248064-H4K0,6SR4902-0AA00-0AA0-N-CO093616-00024,24-12-2024 18:32,Active,6SR4902-0AA00-0AA0,N-CO093616-00024,Info Verpackung,IN-Bestimmungsland-Strasse fehlt,PERFECT HARMONY Components
IB-7248070-T5T9,6SR4902-0AA00-0AA0-N-CO093616-00025,24-12-2024 18:32,Active,6SR4902-0AA00-0AA0,N-CO093616-00025,Info Verpackung,IN-Bestimmungsland-Strasse fehlt,PERFECT HARMONY Components
IB-7248075-C7R6,6SR4902-0AA00-0AA0-N-CO093616-00026,24-12-2024 18:32,Active,6SR4902-0AA00-0AA0,N-CO093616-00026,Info Verpackung,IN-Bestimmungsland-Strasse fehlt,PERFECT HARMONY Components
IB-7248085-Y0W7,6SR4902-0AA00-0AA0-N-CO093616-00027,24-12-2024 18:32,Active,6SR4902-0AA00-0AA0,N-CO093616-00027,Info Verpackung,IN-Bestimmungsland-Strasse fehlt,PERFECT HARMONY Components
IB-7248092-T7T8,6SR4902-0AA00-0AA0-N-CO093616-00016,24-12-2024 18:32,Active,6SR4902-0AA00-0AA0,N-CO093616-00016,Info Verpackung,IN-Bestimmungsland-Strasse fehlt,PERFECT HARMONY Components
IB-7248101-F4X3,6SR4902-0AA00-0AA0-N-CO093616-00017,24-12-2024 18:32,Active,6SR4902-0AA00-0AA0,N-CO093616-00017,Info Verpackung,IN-Bestimmungsland-Strasse fehlt,PERFECT HARMONY Components
IB-7248106-J2J8,6SR4902-0AA00-0AA0-N-CO093616-00018,24-12-2024 18:32,Active,6SR4902-0AA00-0AA0,N-CO093616-00018,Info Verpackung,IN-Bestimmungsland-Strasse fehlt,PERFECT HARMONY Components
IB-7248113-P8X7,6SR4902-0AA00-0AA0-N-CO093616-00019,24-12-2024 18:32,Active,6SR4902-0AA00-0AA0,N-CO093616-00019,Info Verpackung,IN-Bestimmungsland-Strasse fehlt,PERFECT HARMONY Components
IB-7248122-N8L4,6SR4902-0AA00-0AA0-N-CO093616-00020,24-12-2024 18:32,Active,6SR4902-0AA00-0AA0,N-CO093616-00020,Info Verpackung,IN-Bestimmungsland-Strasse fehlt,PERFECT HARMONY Components
IB-7248132-Z9R1,6SR4902-0AA00-0AA0-N-CO093616-00021,24-12-2024 18:32,Active,6SR4902-0AA00-0AA0,N-CO093616-00021,Info Verpackung,IN-Bestimmungsland-Strasse fehlt,PERFECT HARMONY Components
IB-7248141-V0H2,6SR4902-0AA00-0AA0-N-CO053616-00026,24-12-2024 18:32,Active,6SR4902-0AA00-0AA0,N-CO053616-00026,Info Verpackung,IN-Bestimmungsland-Strasse fehlt,PERFECT HARMONY Components
IB-7248145-J8Y7,6SR4902-0AA00-0AA0-N-CO053616-00027,24-12-2024 18:32,Active,6SR4902-0AA00-0AA0,N-CO053616-00027,Info Verpackung,IN-Bestimmungsland-Strasse fehlt,PERFECT HARMONY Components
IB-7248153-Y5V1,6SR4902-0AA00-0AA0-N-CO053616-00028,24-12-2024 18:32,Active,6SR4902-0AA00-0AA0,N-CO053616-00028,Info Verpackung,IN-Bestimmungsland-Strasse fehlt,PERFECT HARMONY Components
IB-7248161-B8N3,6SR4902-0AA00-0AA0-N-CO053616-00029,24-12-2024 18:32,Active,6SR4902-0AA00-0AA0,N-CO053616-00029,Info Verpackung,IN-Bestimmungsland-Strasse fehlt,PERFECT HARMONY Components
IB-7248166-Y7F3,6SR4902-0AA00-0AA0-N-CO053616-00030,24-12-2024 18:32,Active,6SR4902-0AA00-0AA0,N-CO053616-00030,Info Verpackung,IN-Bestimmungsland-Strasse fehlt,PERFECT HARMONY Components
IB-7248173-N4S2,6SR4902-0AA00-0AA0-N-CO053616-00031,24-12-2024 18:32,Active,6SR4902-0AA00-0AA0,N-CO053616-00031,Info Verpackung,IN-Bestimmungsland-Strasse fehlt,PERFECT HARMONY Components
IB-7248182-V1B4,6SR4902-0AA00-0AA0-N-CO053616-00020,24-12-2024 18:32,Active,6SR4902-0AA00-0AA0,N-CO053616-00020,Info Verpackung,IN-Bestimmungsland-Strasse fehlt,PERFECT HARMONY Components
IB-7248188-Z7Q0,6SR4902-0AA00-0AA0-N-CO053616-00021,24-12-2024 18:32,Active,6SR4902-0AA00-0AA0,N-CO053616-00021,Info Verpackung,IN-Bestimmungsland-Strasse fehlt,PERFECT HARMONY Components
IB-7248195-W1Q8,6SR4902-0AA00-0AA0-N-CO053616-00022,24-12-2024 18:32,Active,6SR4902-0AA00-0AA0,N-CO053616-00022,Info Verpackung,IN-Bestimmungsland-Strasse fehlt,PERFECT HARMONY Components
IB-7248204-X9D3,6SR4902-0AA00-0AA0-N-CO053616-00023,24-12-2024 18:32,Active,6SR4902-0AA00-0AA0,N-CO053616-00023,Info Verpackung,IN-Bestimmungsland-Strasse fehlt,PERFECT HARMONY Components
IB-7248207-M9N7,6SR4902-0AA00-0AA0-N-CO053616-00024,24-12-2024 18:32,Active,6SR4902-0AA00-0AA0,N-CO053616-00024,Info Verpackung,IN-Bestimmungsland-Strasse fehlt,PERFECT HARMONY Components
IB-7248211-J7T0,6SR4902-0AA00-0AA0-N-CO053616-00025,24-12-2024 18:32,Active,6SR4902-0AA00-0AA0,N-CO053616-00025,Info Verpackung,IN-Bestimmungsland-Strasse fehlt,PERFECT HARMONY Components
IB-7248217-Q5N8,6SR4902-0AA00-0AA0-N-C9213616-00029,24-12-2024 18:32,Active,6SR4902-0AA00-0AA0,N-C9213616-00029,Info Verpackung,IN-Bestimmungsland-Strasse fehlt,PERFECT HARMONY Components
IB-7248228-X6P0,6SR4902-0AA00-0AA0-N-C9213616-00030,24-12-2024 18:32,Active,6SR4902-0AA00-0AA0,N-C9213616-00030,Info Verpackung,IN-Bestimmungsland-Strasse fehlt,PERFECT HARMONY Components
IB-7248232-W4W3,6SR4902-0AA00-0AA0-N-C9213616-00031,24-12-2024 18:32,Active,6SR4902-0AA00-0AA0,N-C9213616-00031,Info Verpackung,IN-Bestimmungsland-Strasse fehlt,PERFECT HARMONY Components
IB-7248239-W8K2,6SR4902-0AA00-0AA0-N-CO053616-00017,24-12-2024 18:32,Active,6SR4902-0AA00-0AA0,N-CO053616-00017,Info Verpackung,IN-Bestimmungsland-Strasse fehlt,PERFECT HARMONY Components
IB-7248246-B2M4,6SR4902-0AA00-0AA0-N-CO053616-00018,24-12-2024 18:32,Active,6SR4902-0AA00-0AA0,N-CO053616-00018,Info Verpackung,IN-Bestimmungsland-Strasse fehlt,PERFECT HARMONY Components
IB-7248252-K4Y8,6SR4902-0AA00-0AA0-N-CO053616-00019,24-12-2024 18:32,Active,6SR4902-0AA00-0AA0,N-CO053616-00019,Info Verpackung,IN-Bestimmungsland-Strasse fehlt,PERFECT HARMONY Components
IB-7248258-F9K0,6SR4902-0AA00-0AA0-N-C9213616-00023,24-12-2024 18:32,Active,6SR4902-0AA00-0AA0,N-C9213616-00023,Info Verpackung,IN-Bestimmungsland-Strasse fehlt,PERFECT HARMONY Components
IB-7248265-T8S0,6SR4902-0AA00-0AA0-N-C9213616-00024,24-12-2024 18:32,Active,6SR4902-0AA00-0AA0,N-C9213616-00024,Info Verpackung,IN-Bestimmungsland-Strasse fehlt,PERFECT HARMONY Components
IB-7248272-J9C4,6SR4902-0AA00-0AA0-N-C9213616-00025,24-12-2024 18:32,Active,6SR4902-0AA00-0AA0,N-C9213616-00025,Info Verpackung,IN-Bestimmungsland-Strasse fehlt,PERFECT HARMONY Components
IB-7248283-D1Z2,6SR4902-0AA00-0AA0-N-C9213616-00026,24-12-2024 18:32,Active,6SR4902-0AA00-0AA0,N-C9213616-00026,Info Verpackung,IN-Bestimmungsland-Strasse fehlt,PERFECT HARMONY Components
IB-7248290-Y0C0,6SR4902-0AA00-0AA0-N-C9213616-00027,24-12-2024 18:32,Active,6SR4902-0AA00-0AA0,N-C9213616-00027,Info Verpackung,IN-Bestimmungsland-Strasse fehlt,PERFECT HARMONY Components
IB-7248296-S5S1,6SR4902-0AA00-0AA0-N-C9213616-00028,24-12-2024 18:32,Active,6SR4902-0AA00-0AA0,N-C9213616-00028,Info Verpackung,IN-Bestimmungsland-Strasse fehlt,PERFECT HARMONY Components
IB-7248300-S7S8,6SR4902-0AA00-0AA0-N-C9213616-00017,24-12-2024 18:32,Active,6SR4902-0AA00-0AA0,N-C9213616-00017,Info Verpackung,IN-Bestimmungsland-Strasse fehlt,PERFECT HARMONY Components
IB-7248313-M6H6,6SR4902-0AA00-0AA0-N-C9213616-00018,24-12-2024 18:32,Active,6SR4902-0AA00-0AA0,N-C9213616-00018,Info Verpackung,IN-Bestimmungsland-Strasse fehlt,PERFECT HARMONY Components
IB-7248315-B6S5,6SR4902-0AA00-0AA0-N-C9213616-00019,24-12-2024 18:32,Active,6SR4902-0AA00-0AA0,N-C9213616-00019,Info Verpackung,IN-Bestimmungsland-Strasse fehlt,PERFECT HARMONY Components
IB-7248321-R3R1,6SR4902-0AA00-0AA0-N-C9213616-00020,24-12-2024 18:32,Active,6SR4902-0AA00-0AA0,N-C9213616-00020,Info Verpackung,IN-Bestimmungsland-Strasse fehlt,PERFECT HARMONY Components
IB-7248325-Y0L7,6SR4902-0AA00-0AA0-N-C9213616-00021,24-12-2024 18:32,Active,6SR4902-0AA00-0AA0,N-C9213616-00021,Info Verpackung,IN-Bestimmungsland-Strasse fehlt,PERFECT HARMONY Components
IB-7248336-M1K0,6SR4902-0AA00-0AA0-N-C9213616-00022,24-12-2024 18:32,Active,6SR4902-0AA00-0AA0,N-C9213616-00022,Info Verpackung,IN-Bestimmungsland-Strasse fehlt,PERFECT HARMONY Components
IB-3973153-C0H7,LDX:ANGK132SB04R-2351750,19-07-2024 19:24,Active,LDX:ANGK132SB04R,2351750,"BGR Energy Systems Ltd. Teynam Pet,","IN-Chennai-443, Anna Salai",LOHER LV non flameproof
IB-3974359-Z3T4,LDX:DNGW080BH04A-2338905,19-07-2024 19:24,Active,LDX:DNGW080BH04A,2338905,Burckhardt Compression (I) Pvt. Ltd,"IN-Dist. Pune-Gat no - 304, Village Kondhapuri",LOHER LV flameproof
IB-3974384-M1M8,LDX:DNGW080BH04A-2338906,19-07-2024 19:24,Active,LDX:DNGW080BH04A,2338906,Burckhardt Compression (I) Pvt. Ltd,"IN-Dist. Pune-Gat no - 304, Village Kondhapuri",LOHER LV flameproof
IB-3974619-C6F6,LDX:DNGW080BH04A-2343000,19-07-2024 19:24,Active,LDX:DNGW080BH04A,2343000,Burckhardt Compression (India) Pvt. Ltd.,"IN-Pune-Gat No. 304, Village-Kondhapuri,",LOHER LV flameproof
IB-3978409-P4G0,LDX:DNGW280MG02A-3411177,19-07-2024 19:25,Active,LDX:DNGW280MG02A,3411177,Flowserve India Controls Pvt. Ltd.,IN-Coimbatore-SF No.136/3 & 137 Myleripalayam Rd.,LOHER LV flameproof
IB-3978434-H8N0,LDX:DNGW280MG02A-3411178,19-07-2024 19:25,Active,LDX:DNGW280MG02A,3411178,Flowserve India Controls Pvt. Ltd.,IN-Coimbatore-SF No.136/3 & 137 Myleripalayam Rd.,LOHER LV flameproof
IB-3980965-P0P8,LDX:DNGW132SN02A-2342500,19-07-2024 19:25,Active,LDX:DNGW132SN02A,2342500,Flowserve India Controls Pvt. Ltd.,IN-Coimbatore-SF No.136/3 & 137 Myleripalayam Rd.,LOHER LV flameproof
IB-3980998-S7G8,LDX:DNGW132SN02A-2342501,19-07-2024 19:25,Active,LDX:DNGW132SN02A,2342501,Flowserve India Controls Pvt. Ltd.,IN-Coimbatore-SF No.136/3 & 137 Myleripalayam Rd.,LOHER LV flameproof
IB-3981885-K2Q5,LDX:DNGW132SN02A-2353919,19-07-2024 19:25,Active,LDX:DNGW132SN02A,2353919,Sulzer Pumps India Ltd. Digha,"IN-Navi Mumbai-9, M.I.D.C  Thane Belapur Road, Digha",LOHER LV flameproof
IB-3981904-F6N8,LDX:DNGW132SN02A-2353920,19-07-2024 19:25,Active,LDX:DNGW132SN02A,2353920,Sulzer Pumps India Ltd. Digha,"IN-Navi Mumbai-9, M.I.D.C  Thane Belapur Road, Digha",LOHER LV flameproof
IB-3984018-V0C5,LDX:AMGK132SD02A-2346706,19-07-2024 19:25,Active,LDX:AMGK132SD02A,2346706,Flowserve India Controls Pvt. Ltd.,IN-Coimbatore-SF No.136/3 & 137 Myleripalayam Rd.,LOHER LV non flameproof
IB-4031126-R0Y7,1MA4350-4CN70-Z-N-M81597074010001,25-07-2024 06:58,Active,1MA4350-4CN70-Z,N-M81597074010001,Haldia Petrochemicals Ltd.,"IN-Medinipur-P.O. Durgachak, Dist. Purba",Motors HV H-compact (Ex)
IB-2240473-J6X9,1RN78026NZ900CJ0-Z-DVY/16439971001,08-07-2024 09:20,Active,1RN78026NZ900CJ0-Z,DVY/16439971001,JSW Steel Ltd.  Dolvi,"IN-Raigad, Maharashtra-Dolvi Geetapuram, Taluka Pen",Motors HV Innomotics HV M (Non-Ex)
IB-2240774-X6S7,1RQ64566HP00-Z-DVY/16621231001,08-07-2024 09:20,Active,1RQ64566HP00-Z,DVY/16621231001,Greenlam South Limited,"IN-New Delhi-2nd Floor, West Wing, Worldmark",Motors HV Innomotics HV M (Non-Ex)
IB-14848239-D5W9,6SR5502-5NB41-2FH2-Z-Z8-245151835-284,05-04-2025 00:01,Preliminary,6SR5802-5NB41-2FH2-Z,Z8-245151835-284-0325-077,ORISSA STEEL & POWER PVT.,IN-West Medinipur-Jhargram,"PH GH180, air cooled"
IB-14848260-D9F4,6SR5502-5NB41-2FH2-Z-Z8-245151835-285,05-04-2025 00:01,Preliminary,6SR5802-5NB41-2FH2-Z,Z8-245151835-285-0325-078,ORISSA STEEL & POWER PVT.,IN-West Medinipur-Jhargram,"PH GH180, air cooled"
IB-14848290-T8N3,6SR5502-5NB41-2FH2-Z-Z8-245151835-286,05-04-2025 00:01,Preliminary,6SR5802-5NB41-2FH2-Z,Z8-245151835-286-0325-080,ORISSA STEEL & POWER PVT.,IN-West Medinipur-Jhargram,"PH GH180, air cooled"
IB-14848327-N7J3,6SR5502-5NB41-2FH2-Z-Z8-245151835-287,05-04-2025 00:01,Preliminary,6SR5802-5NB41-2FH2-Z,Z8-245151835-287-0325-079,ORISSA STEEL & POWER PVT.,IN-West Medinipur-Jhargram,"PH GH180, air cooled"
IB-15463275-W4C3,1NB1502-6AT70-4CA0-Z-N-T45044233010001,27-05-2025 03:18,Active,1NB1502-6AT70-4CA0-Z,N-T45044233010001,Innomotics Contracting LLC,"IN-PO Kirloskarwadi, Tal.Palus, Maharashtra-Gat No.904, Savantpur Vasahat",Motors HV Innomotics HV C (flameproof)
IB-15463276-V2H0,1NB1502-6AT70-4CA0-Z-N-T45044233011001,27-05-2025 03:18,Active,1NB1502-6AT70-4CA0-Z,N-T45044233011001,Innomotics Contracting LLC,"IN-PO Kirloskarwadi, Tal.Palus, Maharashtra-Gat No.904, Savantpur Vasahat",Motors HV Innomotics HV C (flameproof)
IB-15463277-T1S9,1NB1502-6AT70-4CA0-Z-N-T45044233011002,27-05-2025 03:18,Active,1NB1502-6AT70-4CA0-Z,N-T45044233011002,Innomotics Contracting LLC,"IN-PO Kirloskarwadi, Tal.Palus, Maharashtra-Gat No.904, Savantpur Vasahat",Motors HV Innomotics HV C (flameproof)
IB-15463278-M5W4,1NB1502-6AT70-4CA0-Z-N-T45044233011003,27-05-2025 03:18,Active,1NB1502-6AT70-4CA0-Z,N-T45044233011003,Innomotics Contracting LLC,"IN-PO Kirloskarwadi, Tal.Palus, Maharashtra-Gat No.904, Savantpur Vasahat",Motors HV Innomotics HV C (flameproof)
IB-3941149-M1D1,1PS0206-0BD91-0BA2-3427384,19-07-2024 19:21,Active,1PS0206-0BD91-0BA2,3427384,Schreiber Dynamix Dairies Ltd.,"IN-Baramati-E-94, MIDC, Bhigwan Rd.",LOHER LV non flameproof
IB-3978912-L0Q6,LDX:DNGW160ML02A-3425847,19-07-2024 19:25,Active,LDX:DNGW160ML02A,3425847,Sulzer Pumps India Ltd. Digha,"IN-Navi Mumbai-9, M.I.D.C  Thane Belapur Road, Digha",LOHER LV flameproof
IB-3978929-Z2F4,LDX:DNGW160ML02A-3425848,19-07-2024 19:25,Active,LDX:DNGW160ML02A,3425848,Sulzer Pumps India Ltd. Digha,"IN-Navi Mumbai-9, M.I.D.C  Thane Belapur Road, Digha",LOHER LV flameproof
IB-3978953-S4S2,LDX:DNGW160ML02A-3425849,19-07-2024 19:25,Active,LDX:DNGW160ML02A,3425849,Sulzer Pumps India Ltd. Digha,"IN-Navi Mumbai-9, M.I.D.C  Thane Belapur Road, Digha",LOHER LV flameproof
IB-3978983-C9J3,LDX:DNGW160ML02A-3425850,19-07-2024 19:25,Active,LDX:DNGW160ML02A,3425850,Sulzer Pumps India Ltd. Digha,"IN-Navi Mumbai-9, M.I.D.C  Thane Belapur Road, Digha",LOHER LV flameproof
IB-3961696-M8W5,LDX:DNGW090LD04M-2349213,19-07-2024 19:23,Active,LDX:DNGW090LD04M,2349213,Siemens Ltd-Logistics Centre Sudeep LCCR,"IN -Navi Mumbai-""Thane Belapur Raod,""",LOHER LV flameproof
IB-3961725-D3K4,LDX:DNGW090LD04M-2349214,19-07-2024 19:23,Active,LDX:DNGW090LD04M,2349214,Siemens Ltd-Logistics Centre Sudeep LCCR,"IN -Navi Mumbai-""Thane Belapur Raod,""",LOHER LV flameproof
IB-7356123-L5F3,6SR5502-5NH46-7BH2-Z-Z8-2445518PI-278,26-12-2024 16:57,Verified,6SR5502-5NH46-7BH2-Z,Z8-2445518PI-278,J. K. Cement Ltd.,"IN-Panna-Village Harduwaken, Tehsil Amanganj, Pin - 488441,  Distt. Panna (M.P.","PH GH180, air cooled"
IB-7356340-P1C8,6SR5502-2NJ46-0BH2-Z-Z8-2431515QB-4C3,26-12-2024 16:57,Active,6SR5502-2NJ46-0BH2-Z,Z8-2431515QB-4C3,LLOYDS METALS AND ENERGY,"IN-Navi Mumbai-Plot No C-39,TTC Industrial Area,Pa","PH GH180, air cooled"
IB-15542897-H8G7,6SR5502-2HD41-5BH2-Z-Z8-252351544-2EB,22-06-2025 13:40,Preliminary,6SR5802-2HD41-5BH2-Z ,Z8-252351544-2EB-0725-109 ,YANTRA HARVEST ENERGY PVT,"IN-Pune-Office No.101-103, Bay Business,","PH GH180, air cooled"
IB-15542899-Z5L5,6SR5502-2HD41-5BH2-Z-Z8-252351544-2ED,22-06-2025 13:40,Preliminary,6SR5802-2HD41-5BH2-Z ,Z8-252351544-2ED-0725-110 ,YANTRA HARVEST ENERGY PVT,"IN-Pune-Office No.101-103, Bay Business,","PH GH180, air cooled"
IB-15542900-T7F8,6SR5502-2HD41-5BH2-Z-Z8-252351544-2EF,22-06-2025 13:40,Preliminary,6SR5802-2HD41-5BH2-Z ,Z8-252351544-2EF-0725-111 ,YANTRA HARVEST ENERGY PVT,"IN-Pune-Office No.101-103, Bay Business,","PH GH180, air cooled"
IB-15542902-F0F9,6SR5502-2HD41-5BH2-Z-Z8-252351544-2F1,22-06-2025 13:40,Preliminary,6SR5802-2HD41-5BH2-Z ,Z8-252351544-2F1-0725-112 ,YANTRA HARVEST ENERGY PVT,"IN-Pune-Office No.101-103, Bay Business,","PH GH180, air cooled"
IB-7134037-Q1S1,1DQ4839-8DA03-Z-D0450227001,25-11-2024 20:46,Active,1DQ4839-8DA03-Z,D0450227001,Jindal Vijaynager Steel 6th Floor Raheja Towers East Wing,IN-Bangalore-26/27 M.G. Road,"Motors HV Milling Motors (sync., large)"
IB-7135437-Q3X5,1DQ5140-8DA04-Z-D0450226801,25-11-2024 20:46,Active,1DQ5140-8DA04-Z,D0450226801,Jindal Vijaynager Steel 6th Floor Raheja Towers East Wing,IN-Bangalore-26/27 M.G. Road,"Motors HV Milling Motors (sync., large)"
IB-7135482-W3B0,1DQ5140-8DA04-Z-D0450226901,25-11-2024 20:46,Active,1DQ5140-8DA04-Z,D0450226901,Jindal Vijaynager Steel 6th Floor Raheja Towers East Wing,IN-Bangalore-26/27 M.G. Road,"Motors HV Milling Motors (sync., large)"
IB-7135940-Z1Y3,1DQ5439-8DA06-D0450226701,25-11-2024 20:46,Active,1DQ5439-8DA06,D0450226701,Jindal Vijaynager Steel 6th Floor Raheja Towers East Wing,IN-Bangalore-26/27 M.G. Road,"Motors HV Milling Motors (sync., large)"
IB-7136138-D1P7,1DQ5643-8DA08-Z-D0450226501,25-11-2024 20:46,Active,1DQ5643-8DA08-Z,D0450226501,Jindal Vijaynager Steel 6th Floor Raheja Towers East Wing,IN-Bangalore-26/27 M.G. Road,"Motors HV Milling Motors (sync., large)"
IB-7136189-F6Z8,1DQ5643-8DA08-Z-D0450226601,25-11-2024 20:46,Active,1DQ5643-8DA08-Z,D0450226601,Jindal Vijaynager Steel 6th Floor Raheja Towers East Wing,IN-Bangalore-26/27 M.G. Road,"Motors HV Milling Motors (sync., large)"
IB-7136265-T9S0,1DQ5648-8DA08-Z-D0650234601,25-11-2024 20:47,Active,1DQ5648-8DA08-Z,D0650234601,Jindal Vijaynager Steel 6th Floor Raheja Towers East Wing,IN-Bangalore-26/27 M.G. Road,"Motors HV Milling Motors (sync., large)"
IB-7136322-P5L9,1DQ5648-8DA08-Z-D0650234602,25-11-2024 20:47,Active,1DQ5648-8DA08-Z,D0650234602,Jindal Vijaynager Steel 6th Floor Raheja Towers East Wing,IN-Bangalore-26/27 M.G. Road,"Motors HV Milling Motors (sync., large)"
IB-15487610-R4W9,6SR5502-2HC41-0BH2-Z-Z8-252151540-5A2,04-06-2025 13:42,Preliminary,6SR5802-2HC41-0BH2-Z,Z8-252151540-5A2-0625-107,INNOMOTICS INDIA PRIVATE,"IN-Navi Mumbai-Plot No C-39,TTC Industrial Area,Pa","PH GH180, air cooled"
IB-15663169-Q0R7,6SR5502-2HC41-2BH2-Z-Z8-252951540-025,03-08-2025 13:40,Active,6SR5502-2HC41-2BH2-Z,Z8-252951540-025,KALYANI ISPAT LIMITED,"IN-Howrah-Nh 6, P. O. Mahishrekha, Madhabpur,","PH GH180, air cooled"
IB-15663170-C7L6,6SR5502-2HC41-2BH2-Z-Z8-252951540-027,03-08-2025 13:40,Active,6SR5502-2HC41-2BH2-Z,Z8-252951540-027,KALYANI ISPAT LIMITED,"IN-Howrah-Nh 6, P. O. Mahishrekha, Madhabpur,","PH GH180, air cooled"
IB-15663171-B1P4,6SR5502-2HC41-2BH2-Z-Z8-252951540-029,03-08-2025 13:40,Active,6SR5502-2HC41-2BH2-Z,Z8-252951540-029,KALYANI ISPAT LIMITED,"IN-Howrah-Nh 6, P. O. Mahishrekha, Madhabpur,","PH GH180, air cooled"
IB-15663172-J5D7,6SR5502-2HC41-2BH2-Z-Z8-252951540-02B,03-08-2025 13:40,Active,6SR5502-2HC41-2BH2-Z,Z8-252951540-02B,KALYANI ISPAT LIMITED,"IN-Howrah-Nh 6, P. O. Mahishrekha, Madhabpur,","PH GH180, air cooled"
IB-15663173-T8S3,6SR5502-2NG43-7BH2-Z-Z8-2529515PR-021,03-08-2025 13:40,Verified,6SR5502-2NG43-7BH2-Z,Z8-2529515PR-021,Star Cement North East Ltd,"IN-Burunga Part 2, Pargona, Bikrampur-Cachar Assam","PH GH180, air cooled"
IB-15663174-J2M6,6SR5502-5ND42-7BH2-Z-Z8-252951844-015,03-08-2025 13:40,Preliminary,6SR5802-5ND42-7BH2,Z8-252951844-015-0825-134,INNOMOTICS INDIA PRIVATE,"IN-Navi Mumbai-Plot No C-39,TTC Industrial Area,Pa","PH GH180, air cooled"
IB-15663175-M4D7,6SR5502-5ND42-7BH2-Z-Z8-252951844-017,03-08-2025 13:40,Preliminary,6SR5802-5ND42-7BH2,Z8-252951844-017-0825-135,INNOMOTICS INDIA PRIVATE,"IN-Navi Mumbai-Plot No C-39,TTC Industrial Area,Pa","PH GH180, air cooled"
IB-15663176-H8J2,6SR5502-5ND42-7BH2-Z-Z8-252951844-019,03-08-2025 13:40,Preliminary,6SR5802-5ND42-7BH2,Z8-252951844-019-0825-136,INNOMOTICS INDIA PRIVATE,"IN-Navi Mumbai-Plot No C-39,TTC Industrial Area,Pa","PH GH180, air cooled"
IB-15663177-T0R0,6SR5502-5ND42-7BH2-Z-Z8-252951844-01B,03-08-2025 13:40,Preliminary,6SR5802-5ND42-7BH2,Z8-252951844-01B-0825-132,INNOMOTICS INDIA PRIVATE,"IN-Navi Mumbai-Plot No C-39,TTC Industrial Area,Pa","PH GH180, air cooled"
IB-15663178-L3Y4,6SR5502-5ND42-7BH2-Z-Z8-252951844-01D,03-08-2025 13:40,Preliminary,6SR5802-5ND42-7BH2,Z8-252951844-01D-0825-133,INNOMOTICS INDIA PRIVATE,"IN-Navi Mumbai-Plot No C-39,TTC Industrial Area,Pa","PH GH180, air cooled"
IB-3957273-F3M8,LDX:DNGW112MB02A-2338907,19-07-2024 19:23,Active,LDX:DNGW112MB02A,2338907,Burckhardt Compression (I) Pvt. Ltd,"IN-Dist. Pune-Gat no - 304, Village Kondhapuri",LOHER LV flameproof
IB-3957301-V6F6,LDX:DNGW112MB02A-2338908,19-07-2024 19:23,Active,LDX:DNGW112MB02A,2338908,Burckhardt Compression (I) Pvt. Ltd,"IN-Dist. Pune-Gat no - 304, Village Kondhapuri",LOHER LV flameproof
IB-3957340-B8D7,LDX:DNGW112MB02A-2338909,19-07-2024 19:23,Active,LDX:DNGW112MB02A,2338909,Burckhardt Compression (I) Pvt. Ltd,"IN-Dist. Pune-Gat no - 304, Village Kondhapuri",LOHER LV flameproof
IB-3957362-B5G9,LDX:DNGW112MB02A-2338910,19-07-2024 19:23,Active,LDX:DNGW112MB02A,2338910,Burckhardt Compression (I) Pvt. Ltd,"IN-Dist. Pune-Gat no - 304, Village Kondhapuri",LOHER LV flameproof
IB-3957508-S9Y7,LDX:DNGW112MB02A-2343001,19-07-2024 19:23,Active,LDX:DNGW112MB02A,2343001,Burckhardt Compression (India) Pvt. Ltd.,"IN-Pune-Gat No. 304, Village-Kondhapuri,",LOHER LV flameproof
IB-3957535-D3K8,LDX:DNGW112MB02A-2343002,19-07-2024 19:23,Active,LDX:DNGW112MB02A,2343002,Burckhardt Compression (India) Pvt. Ltd.,"IN-Pune-Gat No. 304, Village-Kondhapuri,",LOHER LV flameproof
IB-3957900-R2Y8,LDX:DNGW112MB02A-2353917,19-07-2024 19:23,Active,LDX:DNGW112MB02A,2353917,Sulzer Pumps India Ltd. Digha,"IN-Navi Mumbai-9, M.I.D.C  Thane Belapur Road, Digha",LOHER LV flameproof
IB-3957925-T7J3,LDX:DNGW112MB02A-2353918,19-07-2024 19:23,Active,LDX:DNGW112MB02A,2353918,Sulzer Pumps India Ltd. Digha,"IN-Navi Mumbai-9, M.I.D.C  Thane Belapur Road, Digha",LOHER LV flameproof
IB-3973914-Y7H0,LDX:DNGW315ML04A-3425809,19-07-2024 19:24,Active,LDX:DNGW315ML04A,3425809,Sulzer Pumps India Ltd. Digha,"IN-Navi Mumbai-9, M.I.D.C  Thane Belapur Road, Digha",LOHER LV flameproof
IB-3973948-S1P7,LDX:DNGW315ML04A-3425810,19-07-2024 19:24,Active,LDX:DNGW315ML04A,3425810,Sulzer Pumps India Ltd. Digha,"IN-Navi Mumbai-9, M.I.D.C  Thane Belapur Road, Digha",LOHER LV flameproof
IB-3975390-Z9J5,LDX:DNGW315ML06A-3411216,19-07-2024 19:24,Active,LDX:DNGW315ML06A,3411216,Flowserve India Controls Pvt. Ltd.,IN-Coimbatore-SF No.136/3 & 137 Myleripalayam Rd.,LOHER LV flameproof
IB-3975410-N4H4,LDX:DNGW315ML06A-3411217,19-07-2024 19:24,Active,LDX:DNGW315ML06A,3411217,Flowserve India Controls Pvt. Ltd.,IN-Coimbatore-SF No.136/3 & 137 Myleripalayam Rd.,LOHER LV flameproof
IB-3978676-L8Y7,LDX:ANWA355LX02A-5152225,19-07-2024 19:25,Active,LDX:ANWA355LX02A,5152225,Morgan Construction Company India Pvt. Ltd.,IN-Mumbai-2/10 Pushpa Vihar Opp. Colaba Post,LOHER LV non flameproof
IB-3978696-F3F8,LDX:ANWA355LX02A-5152226,19-07-2024 19:25,Active,LDX:ANWA355LX02A,5152226,Morgan Construction Company India Pvt. Ltd.,IN-Mumbai-2/10 Pushpa Vihar Opp. Colaba Post,LOHER LV non flameproof
IB-3980857-T9P0,LDX:DNGW315SL02A-3425817,19-07-2024 19:25,Active,LDX:DNGW315SL02A,3425817,Sulzer Pumps India Ltd. Digha,"IN-Navi Mumbai-9, M.I.D.C  Thane Belapur Road, Digha",LOHER LV flameproof
IB-3980891-D0Q9,LDX:DNGW315SL02A-3425818,19-07-2024 19:25,Active,LDX:DNGW315SL02A,3425818,Sulzer Pumps India Ltd. Digha,"IN-Navi Mumbai-9, M.I.D.C  Thane Belapur Road, Digha",LOHER LV flameproof
IB-3980939-S2J7,LDX:DNGW315SL02A-3425843,19-07-2024 19:25,Active,LDX:DNGW315SL02A,3425843,Sulzer Pumps India Ltd. Digha,"IN-Navi Mumbai-9, M.I.D.C  Thane Belapur Road, Digha",LOHER LV flameproof
IB-3980970-P6V6,LDX:DNGW315SL02A-3425844,19-07-2024 19:25,Active,LDX:DNGW315SL02A,3425844,Sulzer Pumps India Ltd. Digha,"IN-Navi Mumbai-9, M.I.D.C  Thane Belapur Road, Digha",LOHER LV flameproof
IB-4140048-Z0F1,6SL3826-3AM41-5HE2-Z-N-P65028147300001,25-07-2024 07:08,Active,6SL3826-3AM41-5HE2-Z,N-P65028147300001,"Innomotics India Private Ltd. Plot No. C-39, TTC Industrial Area","IN-Maharashtra, India-Pawane MIDC, Turbhe -Mahape Road","PH GH150, water cooled"
IB-4145399-Y5R7,6SL3850-5UN11-3AA0-Z-N-DD1397883010001,25-07-2024 07:08,Verified,6SL3850-5UN11-3AA0-Z,N-DD1397883010001,Praxair India Pvt. Ltd.,"IN-Bellary-Toranagalu, Vidyanagar","GL150, air cooled"
IB-4145513-B1P2,6SL3850-5UP21-0AA0-N-RD5033879011001,25-07-2024 07:08,Active,6SL3850-5UP21-0AA0,N-RD5033879011001,KNR Constructions Ltd.,"IN-Hyderabad-KNR House, 4th, Plot No 114","GL150, air cooled"
IB-4145563-R1D8,6SL3850-5UP21-1AA0-N-RN5033658010001,25-07-2024 07:08,Active,6SL3850-5UP21-1AA0,N-RN5033658010001,Prathima Infrastructure Ltd.,"IN-Hyderabad-3rd Floor, Plot no.213, Prathima,","GL150, air cooled"
IB-4145609-H3W7,6SL3850-5UP21-1AA0-N-RN5033658011001,25-07-2024 07:08,Active,6SL3850-5UP21-1AA0,N-RN5033658011001,Prathima Infrastructure Ltd.,"IN-Hyderabad-3rd Floor, Plot no.213, Prathima,","GL150, air cooled"
IB-4145845-J5Z6,6SL3855-5UN11-3KA0-Z-N-C9283603-00011,25-07-2024 07:08,Verified,6SL3855-5UN11-3KA0-Z,N-C9283603-00011,Tata Steel Ltd.,"IN-Jajpur-(Orissa Project) Kalinganagar, Duburi","GL150, water cooled"
IB-2220808-B3K9,6SR55022HC410BH2-Z8-235051540-4EB,04-07-2024 21:50,Verified,6SR55022HC410BH2,Z8-235051540-4EB,Arcelormittal Nippon Steel India Ltd.,"IN-Keonjhar-Beneficiation Plant,","PH GH180, air cooled"
IB-2220838-L1Q7,6SR55022HC410BH2-Z8-235051540-4EC,04-07-2024 21:50,Verified,6SR55022HC410BH2,Z8-235051540-4EC,Arcelormittal Nippon Steel India Ltd.,"IN-Keonjhar-Beneficiation Plant,","PH GH180, air cooled"
IB-2220867-K2S4,6SR55022HC410BH2-Z8-235051540-4ED,04-07-2024 21:50,Verified,6SR55022HC410BH2,Z8-235051540-4ED,Arcelormittal Nippon Steel India Ltd.,"IN-Keonjhar-Beneficiation Plant,","PH GH180, air cooled"
IB-2220897-R8Q7,6SR55022HC410BH2-Z8-235051540-4EE,04-07-2024 21:50,Verified,6SR55022HC410BH2,Z8-235051540-4EE,Arcelormittal Nippon Steel India Ltd.,"IN-Keonjhar-Beneficiation Plant,","PH GH180, air cooled"
IB-2220937-N1B8,6SR55022HC410BH2-Z8-235051540-4EF,04-07-2024 21:50,Verified,6SR55022HC410BH2,Z8-235051540-4EF,Arcelormittal Nippon Steel India Ltd.,"IN-Keonjhar-Beneficiation Plant,","PH GH180, air cooled"
IB-2220969-T5X6,6SR55022HC410BH2-Z8-235051540-4F0,04-07-2024 21:50,Verified,6SR55022HC410BH2,Z8-235051540-4F0,Arcelormittal Nippon Steel India Ltd.,"IN-Keonjhar-Beneficiation Plant,","PH GH180, air cooled"
IB-2221000-G3N1,6SR55022HC410BH2-Z8-235051540-4F1,04-07-2024 21:50,Verified,6SR55022HC410BH2,Z8-235051540-4F1,Arcelormittal Nippon Steel India Ltd.,"IN-Keonjhar-Beneficiation Plant,","PH GH180, air cooled"
IB-2221047-P2W4,6SR5502-2HC41-0BH2-Z8-220251540-1D1,04-07-2024 21:50,Verified,6SR5502-2HC41-0BH2,Z8-220251540-1D1,Tata Steel Long Products Ltd.,"IN-IN-Jamshedpur,-P.O. Gamharia, Dist. Saraikela-Kharsawan 832108","PH GH180, air cooled"
IB-2221076-X6V4,6SR5502-2HC41-0BH26S-Z8-225151540-390,04-07-2024 21:50,Verified,6SR5502-2HC41-0BH26S,Z8-225151540-390,Tata Steel Ltd.,IN-Jamshedpur-General Office Bldg. Near Bistupur,"PH GH180, air cooled"
IB-2221097-Y6R1,6SR55022HC410BH26SR5-Z8-230151540-01F,04-07-2024 21:50,Verified,6SR5502-2HC41-0BH2,Z8-230151540-01F,Tata Steel Ltd.,IN-Jamshedpur-General Office Bldg. Near Bist,"PH GH180, air cooled"
IB-2221124-T8J3,6SR55022HC410BH26SR5-Z8-230151540-020,04-07-2024 21:50,Verified,6SR5502-2HC41-0BH2,Z8-230151540-020,Tata Steel Ltd.,IN-Jamshedpur-General Office Bldg. Near Bist,"PH GH180, air cooled"
IB-2221209-B6H5,6SR5502-2HC41-2BG2-Z-Z8-241651540-1C2,04-07-2024 21:50,Verified,6SR5502-2HC41-2BG2-Z,Z8-241651540-1C2,Jai Raj Ispat Ltd.,"IN-Orvakal-SY No 274 Part And 181 Part,","PH GH180, air cooled"
IB-2221232-G2H6,6SR5502-2HC41-2FH2-Z-Z8-215151540-182,04-07-2024 21:50,Active,6SR5502-2HC41-2FH2-Z,Z8-215151540-182,Esl Steel Ltd.,"IN-Bokaro-Village: Siyaljori, PO.- Jogidih,","PH GH180, air cooled"
IB-2221258-G8G6,6SR5502-2HC41-2FH2-Z-Z8-215251540-01E,04-07-2024 21:50,Active,6SR5502-2HC41-2FH2-Z,Z8-215251540-01E,Esl Steel Ltd.,"IN-Bokaro-Village: Siyaljori, PO.- Jogidih,","PH GH180, air cooled"
IB-2221942-F2H9,6SR5502-2HD41-5BG2-Z-Z8-241651544-1C3,04-07-2024 21:51,Verified,6SR5502-2HD41-5BG2-Z,Z8-241651544-1C3,Jai Raj Ispat Ltd.,"IN-Orvakal-SY No 274 Part And 181 Part,","PH GH180, air cooled"
IB-2221978-L9C4,6SR5502-2HD41-5BG2-Z-Z8-241651544-1C4,04-07-2024 21:51,Verified,6SR5502-2HD41-5BG2-Z,Z8-241651544-1C4,Jai Raj Ispat Ltd.,"IN-Orvakal-SY No 274 Part And 181 Part,","PH GH180, air cooled"
IB-2222020-G6Y1,6SR5502-2HE41-7BG2-Z-Z8-241651548-1C5,04-07-2024 21:51,Verified,6SR5502-2HE41-7BG2-Z,Z8-241651548-1C5,Jai Raj Ispat Ltd.,"IN-Orvakal-SY No 274 Part And 181 Part,","PH GH180, air cooled"
IB-2222043-B2L3,6SR5502-2HE41-7BH2-Z-Z8-235051548-4F2,04-07-2024 21:51,Verified,6SR5502-2HE41-7BH2-Z,Z8-235051548-4F2,Jindal Steel Odisha Ltd.,"IN-Angul-At/P.O. Jindal Nagar, Nisa SH-63, Chhendipada Rd.","PH GH180, air cooled"
IB-2222060-C0K1,6SR5502-2HE41-7BH2-Z-Z8-235051548-4F3,04-07-2024 21:51,Verified,6SR5502-2HE41-7BH2-Z,Z8-235051548-4F3,Jindal Steel Odisha Ltd.,"IN-Angul-At/P.O. Jindal Nagar, Nisa SH-63, Chhendipada Rd.","PH GH180, air cooled"
IB-2222084-K1S5,6SR5502-2HE41-7BH2-Z-Z8-235051548-4F4,04-07-2024 21:51,Verified,6SR5502-2HE41-7BH2-Z,Z8-235051548-4F4,Jindal Steel Odisha Ltd.,"IN-Angul-At/P.O. Jindal Nagar, Nisa SH-63, Chhendipada Rd.","PH GH180, air cooled"
IB-2222131-G8C0,6SR5502-2HE42-0BH2-Z-Z8-240851548-07C,04-07-2024 21:51,Verified,6SR5502-2HE42-0BH2-Z,Z8-240851548-07C,JSW Steel Ltd.,"IN-Raigad, Maharashtra-Dolvi Geetapuram, Taluka Pen","PH GH180, air cooled"
IB-2222157-P0G7,6SR5502-2HE42-2BH2-Z-Z8-223251540-5EC,04-07-2024 21:51,Verified,6SR5502-2HE42-2BH2-Z,Z8-223251540-5EC,JSW Steel Ltd.,"IN-Raigad-Dolvi Geetapuram, Taluka Pen","PH GH180, air cooled"
IB-2222181-Q9H2,6SR5502-2HE42-2BH2-Z-Z8-235051548-4F5,04-07-2024 21:51,Verified,6SR5502-2HE42-2BH2-Z,Z8-235051548-4F5,Jindal Steel Odisha Ltd.,"IN-Angul-At/P.O. Jindal Nagar, Nisa SH-63, Chhendipada Rd.","PH GH180, air cooled"
IB-2222206-P7X2,6SR5502-2HE42-2BH2-Z-Z8-235051548-4F6,04-07-2024 21:51,Verified,6SR5502-2HE42-2BH2-Z,Z8-235051548-4F6,Jindal Steel Odisha Ltd.,"IN-Angul-At/P.O. Jindal Nagar, Nisa SH-63, Chhendipada Rd.","PH GH180, air cooled"
IB-2222253-D1K7,6SR55022HF422BH2-Z8-241151552-0D4,04-07-2024 21:51,Verified,6SR55022HF422BH2,Z8-241151552-0D4,Arcelormittal Nippon Steel India Ltd.,"IN-Surat-27km, Surat Hazira Road, Hazira, Surat, Gujarat","PH GH180, air cooled"
IB-2222277-J2R4,6SR55022HF422BH2-Z8-241151552-0D5,04-07-2024 21:51,Verified,6SR55022HF422BH2,Z8-241151552-0D5,Arcelormittal Nippon Steel India Ltd.,"IN-Surat-27km, Surat Hazira Road, Hazira, Surat, Gujarat","PH GH180, air cooled"
IB-2222304-D6R6,6SR55022HF422BH2-Z8-241151552-0D6,04-07-2024 21:51,Verified,6SR55022HF422BH2,Z8-241151552-0D6,Arcelormittal Nippon Steel India Ltd.,"IN-Surat-27km, Surat Hazira Road, Hazira, Surat, Gujarat","PH GH180, air cooled"
IB-2222328-W2M1,6SR55022HF422BH2-Z8-241151552-0D7,04-07-2024 21:51,Verified,6SR55022HF422BH2,Z8-241151552-0D7,Arcelormittal Nippon Steel India Ltd.,"IN-Surat-27km, Surat Hazira Road, Hazira, Surat, Gujarat","PH GH180, air cooled"
IB-2222416-Y3Y3,6SR5502-2HF42-5BH2-Z-Z8-222645508-260,04-07-2024 21:51,Verified,6SR5502-2HF42-5BH2-Z,Z8-222645508-260,Udaipur Cement Works Ltd.,"IN-Mavli-Shripatinagar , PO CFA","PH GH180, air cooled"
IB-2222437-F4D8,6SR5502-2HF42-5BH2-Z-Z8-241551552-07F,04-07-2024 21:51,Verified,6SR5502-2HF42-5BH2-Z,Z8-241551552-07F,The Ramco Cements Ltd.,"IN-Jayanthipuram, Andhra Pradesh-Kumarasamy Raja Nagar,","PH GH180, air cooled"
IB-2222464-Y7F9,6SR5502-2HF42-5FH2-Z-Z8-215351552-082,04-07-2024 21:51,Verified,6SR5502-2HF42-5FH2-Z,Z8-215351552-082,Inox Air Products Pvt. Ltd.,"IN-Aurangbad-Plot No 8 Sector 8, Auric Sehndra, Sector 8, Auric Sehndra Midc-IN-Aurangabad, Plot No 8 Sector 8, Auric Sehndra, Sector 8, Auric Sehndra Midc","PH GH180, air cooled"
IB-2222491-Z6R9,6SR5502-2HF42-5FH2-Z-Z8-215351552-090,04-07-2024 21:51,Active,6SR5502-2HF42-5FH2-Z,Z8-215351552-090,Prodair Air Products India Pvt. Ltd.,"IN-Pune-602, Pentagon 5, Magarpatta City,","PH GH180, air cooled"
IB-2222518-Q4K1,6SR5502-2HF42-7BH2-Z-Z8-235151552-05A,04-07-2024 21:51,Verified,6SR5502-2HF42-7BH2-Z,Z8-235151552-05A,Jindal Steel Odisha Ltd.,"IN-Angul-At/P.O. Jindal Nagar, Nisa SH-63, Chhendipada Rd.","PH GH180, air cooled"
IB-2222541-R1Q5,6SR5502-2HF42-7BH2-Z-Z8-235151552-05D,04-07-2024 21:51,Verified,6SR5502-2HF42-7BH2-Z,Z8-235151552-05D,Jindal Steel Odisha Ltd.,"IN-Angul-At/P.O. Jindal Nagar, Nisa SH-63, Chhendipada Rd.","PH GH180, air cooled"
IB-2222730-V2X9,6SR55022HG437BH2-Z8-2415515PR-002,04-07-2024 21:51,Verified,6SR55022HG437BH2,Z8-2415515PR-002,Arcelormittal Nippon Steel India Ltd.,"IN-Surat-27km, Surat Hazira Road, Hazira, Surat, Gujarat","PH GH180, air cooled"
IB-2222757-K8M3,6SR55022HG437BH2-Z8-2415515PR-003,04-07-2024 21:51,Verified,6SR55022HG437BH2,Z8-2415515PR-003,Arcelormittal Nippon Steel India Ltd.,"IN-Hazira-27Km, Surat Hazira Rd., Surat","PH GH180, air cooled"
IB-2222790-T0X3,6SR55022HG437BH2-Z8-2415515PR-004,04-07-2024 21:51,Verified,6SR55022HG437BH2,Z8-2415515PR-004,Arcelormittal Nippon Steel India Ltd.,"IN-Surat-27km, Surat Hazira Road, Hazira, Surat, Gujarat","PH GH180, air cooled"
IB-2222816-K2T6,6SR55022HG437BH2-Z8-2415515PR-005,04-07-2024 21:51,Verified,6SR55022HG437BH2,Z8-2415515PR-005,Arcelormittal Nippon Steel India Ltd.,"IN-Surat-27km, Surat Hazira Road, Hazira, Surat, Gujarat","PH GH180, air cooled"
IB-2222847-V8G2,6SR55022HG437BH2-Z8-2415515PR-006,04-07-2024 21:51,Verified,6SR55022HG437BH2,Z8-2415515PR-006,Arcelormittal Nippon Steel India Ltd.,"IN-Surat-27km, Surat Hazira Road, Hazira, Surat, Gujarat","PH GH180, air cooled"
IB-2222905-W0S2,6SR5502-2HG44-0FH2-Z8-233851590-10C,04-07-2024 21:51,Verified,6SR5502-2HG44-0FH2,Z8-233851590-10C,Jindal Ferrous Ltd.,IN-Jajpur-Jajpur Rd.,"PH GH180, air cooled"
IB-2222931-K5K7,6SR5502-2HG44-0FH2-Z8-233851590-10E,04-07-2024 21:51,Verified,6SR5502-2HG44-0FH2,Z8-233851590-10E,Jindal Ferrous Ltd.,IN-Jajpur-Jajpur Rd.,"PH GH180, air cooled"
IB-2223279-V6Q2,6SR55022HH437BH2-Z8-2411515PI-0BD,04-07-2024 21:51,Verified,6SR55022HH437BH2,Z8-2411515PI-0BD,Arcelormittal Nippon Steel India Ltd.,"IN-Surat-27km, Surat Hazira Road, Hazira, Surat, Gujarat","PH GH180, air cooled"
IB-2223314-G1X6,6SR55022HH437BH2-Z8-2411515PI-0BF,04-07-2024 21:51,Verified,6SR55022HH437BH2,Z8-2411515PI-0BF,Arcelormittal Nippon Steel India Ltd.,"IN-Surat-27km, Surat Hazira Road, Hazira, Surat, Gujarat","PH GH180, air cooled"
IB-2223340-L9R3,6SR55022HH437BH2-Z8-2411515PI-0C1,04-07-2024 21:51,Verified,6SR55022HH437BH2,Z8-2411515PI-0C1,Arcelormittal Nippon Steel India Ltd.,"IN-Surat-27km, Surat Hazira Road, Hazira, Surat, Gujarat","PH GH180, air cooled"
IB-2223363-H3H3,6SR55022HH437BH2-Z8-2411515PI-0C3,04-07-2024 21:51,Verified,6SR55022HH437BH2,Z8-2411515PI-0C3,Arcelormittal Nippon Steel India Ltd.,"IN-Surat-27km, Surat Hazira Road, Hazira, Surat, Gujarat","PH GH180, air cooled"
IB-2223405-X5Q4,6SR55022HH437BH2-Z8-2411515PI-0C5,04-07-2024 21:51,Verified,6SR55022HH437BH2,Z8-2411515PI-0C5,Arcelormittal Nippon Steel India Ltd.,"IN-Surat-27km, Surat Hazira Road, Hazira, Surat, Gujarat","PH GH180, air cooled"
IB-2223437-C2H8,6SR55022HH437BH2-Z8-2411515PI-0C7,04-07-2024 21:51,Verified,6SR55022HH437BH2,Z8-2411515PI-0C7,Arcelormittal Nippon Steel India Ltd.,"IN-Surat-27km, Surat Hazira Road, Hazira, Surat, Gujarat","PH GH180, air cooled"
IB-2223465-C0G6,6SR55022HH445BH2-Z8-2403515PI-004,04-07-2024 21:51,Verified,6SR55022HH445BH2,Z8-2403515PI-004,Jindal Steel And Power Ltd.,"IN-Barbil-Plot No. 507/365,","PH GH180, air cooled"
IB-2223485-K0V7,6SR55022HH445BH2-Z8-2403515PI-005,04-07-2024 21:51,Verified,6SR55022HH445BH2,Z8-2403515PI-005,Jindal Steel And Power Ltd.,"IN-Barbil-Plot No. 507/365,","PH GH180, air cooled"
IB-2223509-J9X3,6SR55022HH445BH2-Z8-2403515PI-006,04-07-2024 21:51,Verified,6SR55022HH445BH2,Z8-2403515PI-006,Jindal Steel And Power Ltd.,"IN-Barbil-Plot No. 507/365,","PH GH180, air cooled"
IB-2223539-M4Q2,6SR55022HH445BH2-Z8-2403515PI-007,04-07-2024 21:51,Verified,6SR55022HH445BH2,Z8-2403515PI-007,Jindal Steel And Power Ltd.,"IN-Barbil-Plot No. 507/365,","PH GH180, air cooled"
IB-2223564-G1N2,6SR55022HH445BH2-Z8-2403515PI-008,04-07-2024 21:51,Verified,6SR55022HH445BH2,Z8-2403515PI-008,Jindal Steel And Power Ltd.,"IN-Barbil-Plot No. 507/365,","PH GH180, air cooled"
IB-2223589-H1C9,6SR55022HH445BH2-Z8-2403515PI-009,04-07-2024 21:51,Verified,6SR55022HH445BH2,Z8-2403515PI-009,Jindal Steel And Power Ltd.,"IN-Barbil-Plot No. 507/365,","PH GH180, air cooled"
IB-2223613-T4B5,6SR5502-2HH44-7BH2-Z-Z8-2405515PI-1C7,04-07-2024 21:51,Verified,6SR5502-2HH44-7BH2-Z,Z8-2405515PI-1C7,Gail (India) Ltd.,IN-Guna-Vijaipur,"PH GH180, air cooled"
IB-2223703-B6Q5,6SR5502-2HS45-2BH2-Z-Z8-2351515B8-05B,04-07-2024 21:51,Verified,6SR5502-2HS45-2BH2-Z,Z8-2351515B8-05B,Jindal Steel Odisha Ltd.,"IN-Angul-At/P.O. Jindal Nagar, Nisa SH-63, Chhendipada Rd.","PH GH180, air cooled"
IB-2223727-J2T0,6SR5502-2HS45-2BH2-Z-Z8-2351515B8-05E,04-07-2024 21:51,Verified,6SR5502-2HS45-2BH2-Z,Z8-2351515B8-05E,Jindal Steel Odisha Ltd.,"IN-Angul-At/P.O. Jindal Nagar, Nisa SH-63, Chhendipada Rd.","PH GH180, air cooled"
IB-3928620-K6Z5,1PS5106-0CD90-4AA2-Z-2350332,19-07-2024 19:20,Active,1PS5106-0CD90-4AA2-Z,2350332,Flowserve India Controls Pvt. Ltd.,IN-Coimbatore-SF No.136/3 & 137 Myleripalayam Rd.,LOHER LV flameproof
IB-3928658-W0B7,1PS5106-0CD90-4AA2-Z-2350333,19-07-2024 19:20,Active,1PS5106-0CD90-4AA2-Z,2350333,Flowserve India Controls Pvt. Ltd.,IN-Coimbatore-SF No.136/3 & 137 Myleripalayam Rd.,LOHER LV flameproof
IB-3962811-J1X8,LDX:DNGW200LB02A-3411173,19-07-2024 19:23,Active,LDX:DNGW200LB02A,3411173,Flowserve India Controls Pvt. Ltd.,IN-Coimbatore-SF No.136/3 & 137 Myleripalayam Rd.,LOHER LV flameproof
IB-3962851-M9D2,LDX:DNGW200LB02A-3411174,19-07-2024 19:23,Active,LDX:DNGW200LB02A,3411174,Flowserve India Controls Pvt. Ltd.,IN-Coimbatore-SF No.136/3 & 137 Myleripalayam Rd.,LOHER LV flameproof
IB-3962882-S1J6,LDX:DNGW200LB02A-3411175,19-07-2024 19:23,Active,LDX:DNGW200LB02A,3411175,Flowserve India Controls Pvt. Ltd.,IN-Coimbatore-SF No.136/3 & 137 Myleripalayam Rd.,LOHER LV flameproof
IB-3962921-B4K7,LDX:DNGW200LB02A-3411176,19-07-2024 19:23,Active,LDX:DNGW200LB02A,3411176,Flowserve India Controls Pvt. Ltd.,IN-Coimbatore-SF No.136/3 & 137 Myleripalayam Rd.,LOHER LV flameproof
IB-3962947-X5Q8,LDX:DNGW200LB02A-3411220,19-07-2024 19:23,Active,LDX:DNGW200LB02A,3411220,Flowserve India Controls Pvt. Ltd.,IN-Coimbatore-SF No.136/3 & 137 Myleripalayam Rd.,LOHER LV flameproof
IB-3962977-L3D7,LDX:DNGW200LB02A-3411221,19-07-2024 19:23,Active,LDX:DNGW200LB02A,3411221,Flowserve India Controls Pvt. Ltd.,IN-Coimbatore-SF No.136/3 & 137 Myleripalayam Rd.,LOHER LV flameproof
IB-3963014-J7Z8,LDX:DNGW200LB02A-3411222,19-07-2024 19:23,Active,LDX:DNGW200LB02A,3411222,Flowserve India Controls Pvt. Ltd.,IN-Coimbatore-SF No.136/3 & 137 Myleripalayam Rd.,LOHER LV flameproof
IB-3963049-T8H1,LDX:DNGW200LB02A-3411223,19-07-2024 19:23,Active,LDX:DNGW200LB02A,3411223,Flowserve India Controls Pvt. Ltd.,IN-Coimbatore-SF No.136/3 & 137 Myleripalayam Rd.,LOHER LV flameproof
IB-3963080-Y6T8,LDX:DNGW200LB02A-3411224,19-07-2024 19:23,Active,LDX:DNGW200LB02A,3411224,Flowserve India Controls Pvt. Ltd.,IN-Coimbatore-SF No.136/3 & 137 Myleripalayam Rd.,LOHER LV flameproof
IB-3963127-Z6Y1,LDX:DNGW200LB02A-3411225,19-07-2024 19:23,Active,LDX:DNGW200LB02A,3411225,Flowserve India Controls Pvt. Ltd.,IN-Coimbatore-SF No.136/3 & 137 Myleripalayam Rd.,LOHER LV flameproof
IB-3964436-N4W7,LDX:DNGW200LB02A-3425825,19-07-2024 19:24,Active,LDX:DNGW200LB02A,3425825,Sulzer Pumps India Ltd. Digha,"IN-Navi Mumbai-9, M.I.D.C  Thane Belapur Road, Digha",LOHER LV flameproof
IB-3964465-Y4S8,LDX:DNGW200LB02A-3425826,19-07-2024 19:24,Active,LDX:DNGW200LB02A,3425826,Sulzer Pumps India Ltd. Digha,"IN-Navi Mumbai-9, M.I.D.C  Thane Belapur Road, Digha",LOHER LV flameproof
IB-3964820-P7Q2,LDX:DNGW160MN02A-3411168,19-07-2024 19:24,Active,LDX:DNGW160MN02A,3411168,Flowserve India Controls Pvt. Ltd.,IN-Coimbatore-SF No.136/3 & 137 Myleripalayam Rd.,LOHER LV flameproof
IB-3964842-K7Y9,LDX:DNGW160MN02A-3411169,19-07-2024 19:24,Active,LDX:DNGW160MN02A,3411169,Flowserve India Controls Pvt. Ltd.,IN-Coimbatore-SF No.136/3 & 137 Myleripalayam Rd.,LOHER LV flameproof
IB-3964883-X4X2,LDX:DNGW160MN02A-3411170,19-07-2024 19:24,Active,LDX:DNGW160MN02A,3411170,Flowserve India Controls Pvt. Ltd.,IN-Coimbatore-SF No.136/3 & 137 Myleripalayam Rd.,LOHER LV flameproof
IB-3966805-K5S1,LDX:DNGW160MN02A-3425815,19-07-2024 19:24,Active,LDX:DNGW160MN02A,3425815,Sulzer Pumps India Ltd. Digha,"IN-Navi Mumbai-9, M.I.D.C  Thane Belapur Road, Digha",LOHER LV flameproof
IB-3966832-Z3R5,LDX:DNGW160MN02A-3425816,19-07-2024 19:24,Active,LDX:DNGW160MN02A,3425816,Sulzer Pumps India Ltd. Digha,"IN-Navi Mumbai-9, M.I.D.C  Thane Belapur Road, Digha",LOHER LV flameproof
IB-3966866-J4B6,LDX:DNGW160MN02A-3425823,19-07-2024 19:24,Active,LDX:DNGW160MN02A,3425823,Sulzer Pumps India Ltd. Digha,"IN-Navi Mumbai-9, M.I.D.C  Thane Belapur Road, Digha",LOHER LV flameproof
IB-3966913-L5M4,LDX:DNGW160MN02A-3425824,19-07-2024 19:24,Active,LDX:DNGW160MN02A,3425824,Sulzer Pumps India Ltd. Digha,"IN-Navi Mumbai-9, M.I.D.C  Thane Belapur Road, Digha",LOHER LV flameproof
IB-3982141-Y9X8,LDX:DNGW315SL04A-3413393,19-07-2024 19:25,Active,LDX:DNGW315SL04A,3413393,Burckhardt Compression (India) Pvt. Ltd.,"IN-Pune-Gat No. 304, Village-Kondhapuri,",LOHER LV flameproof
IB-3939191-W0F0,1PS5166-0BD90-4AA2-Z-3425377,19-07-2024 19:21,Active,1PS5166-0BD90-4AA2-Z,3425377,Flowserve India Controls Pvt. Ltd.,IN-Coimbatore-SF No.136/3 & 137 Myleripalayam Rd.,LOHER LV flameproof
IB-3939229-M0X1,1PS5166-0BD90-4AA2-Z-3425378,19-07-2024 19:21,Active,1PS5166-0BD90-4AA2-Z,3425378,Flowserve India Controls Pvt. Ltd.,IN-Coimbatore-SF No.136/3 & 137 Myleripalayam Rd.,LOHER LV flameproof
IB-3939289-M7Q5,1PS5166-0BD90-4AA2-Z-3425379,19-07-2024 19:21,Active,1PS5166-0BD90-4AA2-Z,3425379,Flowserve India Controls Pvt. Ltd.,IN-Coimbatore-SF No.136/3 & 137 Myleripalayam Rd.,LOHER LV flameproof
IB-3939326-D6N8,1PS5166-0BD90-4AA2-Z-3425380,19-07-2024 19:21,Active,1PS5166-0BD90-4AA2-Z,3425380,Flowserve India Controls Pvt. Ltd.,IN-Coimbatore-SF No.136/3 & 137 Myleripalayam Rd.,LOHER LV flameproof
IB-3961506-M8C5,LDX:DNGW180MB04R-3423509,19-07-2024 19:23,Active,LDX:DNGW180MB04R,3423509,"BGR Energy Systems Ltd. Teynam Pet,","IN-Chennai-443, Anna Salai",LOHER LV flameproof
IB-3961541-T9N2,LDX:DNGW180MB04R-3427377,19-07-2024 19:23,Active,LDX:DNGW180MB04R,3427377,BGR Energy Systems Ltd. ACF Factory - Panjetty Panjetty Village,"IN-Thiruvallur District-9 GNT Road, Ponneri Taluk",LOHER LV flameproof
IB-3961575-S4Z7,LDX:DNGW180MB04R-3427378,19-07-2024 19:23,Active,LDX:DNGW180MB04R,3427378,BGR Energy Systems Ltd. ACF Factory - Panjetty Panjetty Village,"IN-Thiruvallur District-9 GNT Road, Ponneri Taluk",LOHER LV flameproof
IB-7299765-N4T1,1RN77165PD080CG0-Z-DVY/16878791001,26-12-2024 12:55,Active,1RN77165PD080CG0-Z,DVY/16878791001,TATA STEEL LIMITED,IN-Jamshedpur-Straße fehlt,Motors HV Innomotics HV M (Non-Ex)
IB-7299796-F1Z2,1RN77165PD080CG0-Z-DVY/16878791101,26-12-2024 12:55,Active,1RN77165PD080CG0-Z,DVY/16878791101,TATA STEEL LIMITED,IN-Jamshedpur-Straße fehlt,Motors HV Innomotics HV M (Non-Ex)
IB-7299825-H1Q9,1RN77165PD080CG0-Z-DVY/16878791201,26-12-2024 12:55,Active,1RN77165PD080CG0-Z,DVY/16878791201,TATA STEEL LIMITED,IN-Jamshedpur-Straße fehlt,Motors HV Innomotics HV M (Non-Ex)
IB-7240059-N0P3,6SR4902-0AE00-0AA0-N-J2223616-00039,24-12-2024 18:31,Active,6SR4902-0AE00-0AA0,N-J2223616-00039,"HPCL-Mittal Energy Limited (HMEL) GURU Gobind Singh Refineries Bathina, Punjab",IN -.-.,PERFECT HARMONY Components
IB-7240083-B5Z2,6SR4902-0AE00-0AA0-N-J2223616-00040,24-12-2024 18:31,Active,6SR4902-0AE00-0AA0,N-J2223616-00040,"HPCL-Mittal Energy Limited (HMEL) GURU Gobind Singh Refineries Bathina, Punjab",IN -.-.,PERFECT HARMONY Components
IB-7240104-S7C0,6SR4902-0AE00-0AA0-N-J2223616-00041,24-12-2024 18:31,Active,6SR4902-0AE00-0AA0,N-J2223616-00041,"HPCL-Mittal Energy Limited (HMEL) GURU Gobind Singh Refineries Bathina, Punjab",IN -.-.,PERFECT HARMONY Components
IB-7240126-D2Y8,6SR4902-0AE00-0AA0-N-J2223616-00042,24-12-2024 18:31,Active,6SR4902-0AE00-0AA0,N-J2223616-00042,"HPCL-Mittal Energy Limited (HMEL) GURU Gobind Singh Refineries Bathina, Punjab",IN -.-.,PERFECT HARMONY Components
IB-7240138-V5F3,6SR4902-0AE00-0AA0-N-J2223616-00043,24-12-2024 18:31,Active,6SR4902-0AE00-0AA0,N-J2223616-00043,"HPCL-Mittal Energy Limited (HMEL) GURU Gobind Singh Refineries Bathina, Punjab",IN -.-.,PERFECT HARMONY Components
IB-7240162-F8X3,6SR4902-0AE00-0AA0-N-J2223616-00032,24-12-2024 18:31,Active,6SR4902-0AE00-0AA0,N-J2223616-00032,"HPCL-Mittal Energy Limited (HMEL) GURU Gobind Singh Refineries Bathina, Punjab",IN -.-.,PERFECT HARMONY Components
IB-7240182-X5X9,6SR4902-0AE00-0AA0-N-J2223616-00033,24-12-2024 18:31,Active,6SR4902-0AE00-0AA0,N-J2223616-00033,"HPCL-Mittal Energy Limited (HMEL) GURU Gobind Singh Refineries Bathina, Punjab",IN -.-.,PERFECT HARMONY Components
IB-7240198-H4W3,6SR4902-0AE00-0AA0-N-J2223616-00034,24-12-2024 18:31,Active,6SR4902-0AE00-0AA0,N-J2223616-00034,"HPCL-Mittal Energy Limited (HMEL) GURU Gobind Singh Refineries Bathina, Punjab",IN -.-.,PERFECT HARMONY Components
IB-7240217-M2D4,6SR4902-0AE00-0AA0-N-J2223616-00035,24-12-2024 18:31,Active,6SR4902-0AE00-0AA0,N-J2223616-00035,"HPCL-Mittal Energy Limited (HMEL) GURU Gobind Singh Refineries Bathina, Punjab",IN -.-.,PERFECT HARMONY Components
IB-7240233-P6H4,6SR4902-0AE00-0AA0-N-J2223616-00036,24-12-2024 18:31,Active,6SR4902-0AE00-0AA0,N-J2223616-00036,"HPCL-Mittal Energy Limited (HMEL) GURU Gobind Singh Refineries Bathina, Punjab",IN -.-.,PERFECT HARMONY Components
IB-7240261-V9N8,6SR4902-0AE00-0AA0-N-J2223616-00037,24-12-2024 18:31,Active,6SR4902-0AE00-0AA0,N-J2223616-00037,"HPCL-Mittal Energy Limited (HMEL) GURU Gobind Singh Refineries Bathina, Punjab",IN -.-.,PERFECT HARMONY Components
IB-3939951-Z1T1,1PS1130-0CD91-3BA0-Z-2343895,19-07-2024 19:21,Active,1PS1130-0CD91-3BA0-Z,2343895,Siemens Ltd-Logistics Centre Sudeep LCCR,"IN -Navi Mumbai-""Thane Belapur Raod,""",LOHER LV flameproof
IB-3940000-M0Q3,1PS1130-0CD91-3BA0-Z-2343896,19-07-2024 19:21,Active,1PS1130-0CD91-3BA0-Z,2343896,Siemens Ltd-Logistics Centre Sudeep LCCR,"IN -Navi Mumbai-""Thane Belapur Raod,""",LOHER LV flameproof
IB-3940048-X8Q7,1PS1130-0CD91-3BA0-Z-2343897,19-07-2024 19:21,Active,1PS1130-0CD91-3BA0-Z,2343897,Siemens Ltd-Logistics Centre Sudeep LCCR,"IN -Navi Mumbai-""Thane Belapur Raod,""",LOHER LV flameproof
IB-3940086-H8Q5,1PS1130-0CD91-3BA0-Z-2344389,19-07-2024 19:21,Active,1PS1130-0CD91-3BA0-Z,2344389,Siemens Ltd-Logistics Centre Sudeep LCCR,"IN -Navi Mumbai-""Thane Belapur Raod,""",LOHER LV flameproof
IB-3940122-D8S1,1PS1130-0CD91-3BA0-Z-2344390,19-07-2024 19:21,Active,1PS1130-0CD91-3BA0-Z,2344390,Siemens Ltd-Logistics Centre Sudeep LCCR,"IN -Navi Mumbai-""Thane Belapur Raod,""",LOHER LV flameproof
IB-3940166-D9P6,1PS1130-0CD91-3BA0-Z-2348395,19-07-2024 19:21,Active,1PS1130-0CD91-3BA0-Z,2348395,Siemens Ltd-Logistics Centre Sudeep LCCR,"IN -Navi Mumbai-""Thane Belapur Raod,""",LOHER LV flameproof
IB-3961614-C7Z7,1PS5280-0ND90-4NA0-3416337,19-07-2024 19:23,Active,1PS5280-0ND90-4NA0,3416337,Reliance Industries Ltd.,"IN-Navi Mumbai-Thane Belapur Road, Ghansoli",LOHER LV flameproof
IB-3966990-Q8X5,LDX:DNGW090LX04A-2354384,19-07-2024 19:24,Active,LDX:DNGW090LX04A,2354384,Dresser Rand India Pvt Ltd,"IN-Ahmedabad-187, GIDC Estate, Naroda",LOHER LV flameproof
IB-3967043-W5B9,LDX:DNGW090LX04A-2354385,19-07-2024 19:24,Active,LDX:DNGW090LX04A,2354385,Dresser Rand India Pvt Ltd,"IN-Ahmedabad-187, GIDC Estate, Naroda",LOHER LV flameproof
IB-3968316-G0B1,LDX:DNGW132SL04A-2351909,19-07-2024 19:24,Active,LDX:DNGW132SL04A,2351909,DRESSER-RAND INDIA PRIVATE LIMITED ATTN.Mr.BIPIN SHAH(EXECUTIVE IMPORT) LOTUS BUSINESS PARK,IN-MUMBAI-OPPOSITE FUN REPUBLIC,LOHER LV flameproof
IB-3968345-W2S1,LDX:DNGW132SL04A-2351910,19-07-2024 19:24,Active,LDX:DNGW132SL04A,2351910,DRESSER-RAND INDIA PRIVATE LIMITED ATTN.Mr.BIPIN SHAH(EXECUTIVE IMPORT) LOTUS BUSINESS PARK,IN-MUMBAI-OPPOSITE FUN REPUBLIC,LOHER LV flameproof
IB-3977665-H2L8,LDX:DNGW225MB02A-3408599,19-07-2024 19:25,Active,LDX:DNGW225MB02A,3408599,Sulzer Pumps India Ltd.,"IN -Navi Mumbai-9, MIDC, Thane-Belapur Road",LOHER LV flameproof
IB-3977698-M6M1,LDX:DNGW225MB02A-3408600,19-07-2024 19:25,Active,LDX:DNGW225MB02A,3408600,Sulzer Pumps India Ltd.,"IN -Navi Mumbai-9, MIDC, Thane-Belapur Road",LOHER LV flameproof
IB-3978051-X1M4,LDX:DNGW225MB02A-3411171,19-07-2024 19:25,Active,LDX:DNGW225MB02A,3411171,Flowserve India Controls Pvt. Ltd.,IN-Coimbatore-SF No.136/3 & 137 Myleripalayam Rd.,LOHER LV flameproof
IB-3978081-L8K3,LDX:DNGW225MB02A-3411172,19-07-2024 19:25,Active,LDX:DNGW225MB02A,3411172,Flowserve India Controls Pvt. Ltd.,IN-Coimbatore-SF No.136/3 & 137 Myleripalayam Rd.,LOHER LV flameproof
IB-16139508-Y7X8,31500720.00,09-04-2026 08:14,Active,6SR4902-0AF05-0AD0,31500720.00,Clermont Coal Operations Pty Ltd,IN - Clermont Coal Mine,"PH GH180, air cooled"
IB-16139509-C0G9,31500720.02,09-04-2026 08:18,Active,6SR4902-0AF05-0AD0,31500720.02,Clermont Coal Operations Pty Ltd,IN - Clermont Coal Mine,"PH GH180, air cooled"
IB-15653442-S3N9,6SR5502-5NF43-7FH2-Z-Z8-252851852-022,30-07-2025 14:09,Active,6SR5502-5NF43-7FH2-Z,Z8-252851852-022,VA Tech Wabag Ltd.,"IN -Chennai-Wabag House, No.17, 200 Feet","PH GH180, air cooled"
IB-15653443-W9X7,6SR5502-5NF43-7FH2-Z-Z8-252851852-024,30-07-2025 14:09,Active,6SR5502-5NF43-7FH2-Z,Z8-252851852-024,VA Tech Wabag Ltd.,"IN -Chennai-Wabag House, No.17, 200 Feet","PH GH180, air cooled"
IB-15653444-K1W5,6SR5502-5NF43-7FH2-Z-Z8-252851852-026,30-07-2025 14:09,Active,6SR5502-5NF43-7FH2-Z,Z8-252851852-026,VA Tech Wabag Ltd.,"IN -Chennai-Wabag House, No.17, 200 Feet","PH GH180, air cooled"
IB-15653445-X3B0,6SR5502-5NF43-7FH2-Z-Z8-252851852-028,30-07-2025 14:09,Active,6SR5502-5NF43-7FH2-Z,Z8-252851852-028,VA Tech Wabag Ltd.,"IN -Chennai-Wabag House, No.17, 200 Feet","PH GH180, air cooled"
IB-15653446-J5Q5,6SR5502-5NF43-7FH2-Z-Z8-252851852-02A,30-07-2025 14:09,Active,6SR5502-5NF43-7FH2-Z,Z8-252851852-02A,VA Tech Wabag Ltd.,"IN -Chennai-Wabag House, No.17, 200 Feet","PH GH180, air cooled"
IB-15653447-F5F3,6SR5502-5NF43-7FH2-Z-Z8-252851852-02C,30-07-2025 14:09,Active,6SR5502-5NF43-7FH2-Z,Z8-252851852-02C,VA Tech Wabag Ltd.,"IN -Chennai-Wabag House, No.17, 200 Feet","PH GH180, air cooled"
IB-15653448-N1R7,6SR5502-5NF43-7FH2-Z-Z8-252851852-02E,30-07-2025 14:09,Active,6SR5502-5NF43-7FH2-Z,Z8-252851852-02E,VA Tech Wabag Ltd.,"IN -Chennai-Wabag House, No.17, 200 Feet","PH GH180, air cooled"
IB-15653449-J9D6,6SR5502-5NF43-7FH2-Z-Z8-252851852-030,30-07-2025 14:09,Active,6SR5502-5NF43-7FH2-Z,Z8-252851852-030,VA Tech Wabag Ltd.,"IN -Chennai-Wabag House, No.17, 200 Feet","PH GH180, air cooled"
IB-15653450-H9G4,6SR5502-5NF43-7FH2-Z-Z8-252851852-032,30-07-2025 14:09,Active,6SR5502-5NF43-7FH2-Z,Z8-252851852-032,VA Tech Wabag Ltd.,"IN -Chennai-Wabag House, No.17, 200 Feet","PH GH180, air cooled"
IB-15312243-D6D2,6SR5502-2FJ44-2BF0-Z-Z8-2512505PO-006,19-04-2025 14:06,Verified,6SR5502-2FJ44-2BF0-Z,Z8-2512505PO-006,Sinopec Zhenhai Refining & Chemical Co. Ltd.,"IN-SALEM TAMILNADU-Pottaneri, Mecheri","PH GH180, air cooled"
IB-15312246-K0J0,6SR5502-2HB38-0BH2-Z-Z8-251351535-815,19-04-2025 14:06,Active,6SR5502-2HB38-0BH2-Z,Z8-251351535-815,YANTRA HARVEST ENERGY PVT,"IN-Pune-Office No.101-103, Bay Business,","PH GH180, air cooled"
IB-15312248-Q8W7,6SR5502-2HD41-5FH2-Z-Z8-251251544-03C,19-04-2025 14:06,Preliminary,6SR5802-2HD41-5FH2-Z,Z8-251251544-03C-0625-094,SARRALLE EQUIPMENT INDIA,"IN-Howrah-Nh 6, P. O. Mahishrekha, Madhabpur,","PH GH180, air cooled"
IB-15312249-H5S3,6SR5502-2HD41-5FH2-Z-Z8-251251544-03D,19-04-2025 14:06,Preliminary,6SR5802-2HD41-5FH2-Z,Z8-251251544-03D-0625-095,SARRALLE EQUIPMENT INDIA,"IN-Howrah-Nh 6, P. O. Mahishrekha, Madhabpur,","PH GH180, air cooled"
IB-15312250-R7M3,6SR5502-2HD41-5FH2-Z-Z8-251251544-03F,19-04-2025 14:06,Preliminary,6SR5802-2HD41-5FH2-Z,Z8-251251544-03F-0625-096,SARRALLE EQUIPMENT INDIA,"IN-Howrah-Nh 6, P. O. Mahishrekha, Madhabpur,","PH GH180, air cooled"
IB-3919807-Q2J6,1PS5070-0BD60-4BA0-2344612,19-07-2024 19:20,Active,1PS5070-0BD60-4BA0,2344612,Flowserve Sanmar Limited,"IN-Chennai-147, Karapakkam Village",LOHER LV flameproof
IB-3919870-T0X1,1PS5070-0BD60-4BA0-2344613,19-07-2024 19:20,Active,1PS5070-0BD60-4BA0,2344613,Flowserve Sanmar Limited,"IN-Chennai-147, Karapakkam Village",LOHER LV flameproof
IB-3920526-M1V5,1PS5070-0BD64-4BA0-2343767,19-07-2024 19:20,Active,1PS5070-0BD64-4BA0,2343767,Flowserve Sanmar Limited,"IN-Chennai-147, Karapakkam Village",LOHER LV flameproof
IB-3920574-W9D4,1PS5070-0BD64-4BA0-2343768,19-07-2024 19:20,Active,1PS5070-0BD64-4BA0,2343768,Flowserve Sanmar Limited,"IN-Chennai-147, Karapakkam Village",LOHER LV flameproof
IB-3920631-S3M3,1PS5070-0BD64-4BA0-2343769,19-07-2024 19:20,Active,1PS5070-0BD64-4BA0,2343769,Flowserve Sanmar Limited,"IN-Chennai-147, Karapakkam Village",LOHER LV flameproof
IB-3920685-C3P0,1PS5070-0BD64-4BA0-2343770,19-07-2024 19:20,Active,1PS5070-0BD64-4BA0,2343770,Flowserve Sanmar Limited,"IN-Chennai-147, Karapakkam Village",LOHER LV flameproof
IB-3920735-P9F2,1PS5070-0BD64-4BA0-2343771,19-07-2024 19:20,Active,1PS5070-0BD64-4BA0,2343771,Flowserve Sanmar Limited,"IN-Chennai-147, Karapakkam Village",LOHER LV flameproof
IB-3920780-N5L2,1PS5070-0BD64-4BA0-2343772,19-07-2024 19:20,Active,1PS5070-0BD64-4BA0,2343772,Flowserve Sanmar Limited,"IN-Chennai-147, Karapakkam Village",LOHER LV flameproof
IB-3920829-F9G8,1PS5070-0BD64-4BA0-2343773,19-07-2024 19:20,Active,1PS5070-0BD64-4BA0,2343773,Flowserve Sanmar Limited,"IN-Chennai-147, Karapakkam Village",LOHER LV flameproof
IB-3920871-R8J7,1PS5070-0BD64-4BA0-2343774,19-07-2024 19:20,Active,1PS5070-0BD64-4BA0,2343774,Flowserve Sanmar Limited,"IN-Chennai-147, Karapakkam Village",LOHER LV flameproof
IB-3920906-T9H7,1PS5070-0BD64-4BA0-2343775,19-07-2024 19:20,Active,1PS5070-0BD64-4BA0,2343775,Flowserve Sanmar Limited,"IN-Chennai-147, Karapakkam Village",LOHER LV flameproof
IB-3920983-N6J6,1PS5070-0BD64-4BA0-2343776,19-07-2024 19:20,Active,1PS5070-0BD64-4BA0,2343776,Flowserve Sanmar Limited,"IN-Chennai-147, Karapakkam Village",LOHER LV flameproof
IB-3921019-S0P4,1PS5070-0BD64-4BA0-2343777,19-07-2024 19:20,Active,1PS5070-0BD64-4BA0,2343777,Flowserve Sanmar Limited,"IN-Chennai-147, Karapakkam Village",LOHER LV flameproof
IB-3921064-H4X3,1PS5070-0BD64-4BA0-2343778,19-07-2024 19:20,Active,1PS5070-0BD64-4BA0,2343778,Flowserve Sanmar Limited,"IN-Chennai-147, Karapakkam Village",LOHER LV flameproof
IB-3921105-T6W8,1PS5070-0BD64-4BA0-2343779,19-07-2024 19:20,Active,1PS5070-0BD64-4BA0,2343779,Flowserve Sanmar Limited,"IN-Chennai-147, Karapakkam Village",LOHER LV flameproof
IB-3921149-Z9L0,1PS5070-0BD64-4BA0-2343780,19-07-2024 19:20,Active,1PS5070-0BD64-4BA0,2343780,Flowserve Sanmar Limited,"IN-Chennai-147, Karapakkam Village",LOHER LV flameproof
IB-3921339-G3X6,1PS5070-0BD64-4BA0-2343781,19-07-2024 19:20,Active,1PS5070-0BD64-4BA0,2343781,Flowserve Sanmar Limited,"IN-Chennai-147, Karapakkam Village",LOHER LV flameproof
IB-3921445-Q5S2,1PS5070-0BD64-4BA0-2343782,19-07-2024 19:20,Active,1PS5070-0BD64-4BA0,2343782,Flowserve Sanmar Limited,"IN-Chennai-147, Karapakkam Village",LOHER LV flameproof
IB-3921526-V0P8,1PS5070-0BD64-4BA0-2343783,19-07-2024 19:20,Active,1PS5070-0BD64-4BA0,2343783,Flowserve Sanmar Limited,"IN-Chennai-147, Karapakkam Village",LOHER LV flameproof
IB-3921590-J5X6,1PS5070-0BD64-4BA0-2343784,19-07-2024 19:20,Active,1PS5070-0BD64-4BA0,2343784,Flowserve Sanmar Limited,"IN-Chennai-147, Karapakkam Village",LOHER LV flameproof
IB-3921653-S8S6,1PS5070-0BD64-4BA0-2343785,19-07-2024 19:20,Active,1PS5070-0BD64-4BA0,2343785,Flowserve Sanmar Limited,"IN-Chennai-147, Karapakkam Village",LOHER LV flameproof
IB-3921700-X7B0,1PS5070-0BD64-4BA0-2343786,19-07-2024 19:20,Active,1PS5070-0BD64-4BA0,2343786,Flowserve Sanmar Limited,"IN-Chennai-147, Karapakkam Village",LOHER LV flameproof
IB-3921747-B7B7,1PS5070-0BD64-4BA0-2343787,19-07-2024 19:20,Active,1PS5070-0BD64-4BA0,2343787,Flowserve Sanmar Limited,"IN-Chennai-147, Karapakkam Village",LOHER LV flameproof
IB-3921788-W4H7,1PS5070-0BD64-4BA0-2343788,19-07-2024 19:20,Active,1PS5070-0BD64-4BA0,2343788,Flowserve Sanmar Limited,"IN-Chennai-147, Karapakkam Village",LOHER LV flameproof
IB-3921829-T2B6,1PS5070-0BD64-4BA0-2343789,19-07-2024 19:20,Active,1PS5070-0BD64-4BA0,2343789,Flowserve Sanmar Limited,"IN-Chennai-147, Karapakkam Village",LOHER LV flameproof
IB-3921895-T5C2,1PS5070-0BD64-4BA0-2343790,19-07-2024 19:20,Active,1PS5070-0BD64-4BA0,2343790,Flowserve Sanmar Limited,"IN-Chennai-147, Karapakkam Village",LOHER LV flameproof
IB-3921935-F7M8,1PS5070-0BD64-4BA0-2343791,19-07-2024 19:20,Active,1PS5070-0BD64-4BA0,2343791,Flowserve Sanmar Limited,"IN-Chennai-147, Karapakkam Village",LOHER LV flameproof
IB-3921972-Z8D0,1PS5070-0BD64-4BA0-2343792,19-07-2024 19:20,Active,1PS5070-0BD64-4BA0,2343792,Flowserve Sanmar Limited,"IN-Chennai-147, Karapakkam Village",LOHER LV flameproof
IB-3922018-D9X8,1PS5070-0BD64-4BA0-2343793,19-07-2024 19:20,Active,1PS5070-0BD64-4BA0,2343793,Flowserve Sanmar Limited,"IN-Chennai-147, Karapakkam Village",LOHER LV flameproof
IB-3922059-B8R9,1PS5070-0BD64-4BA0-2343794,19-07-2024 19:20,Active,1PS5070-0BD64-4BA0,2343794,Flowserve Sanmar Limited,"IN-Chennai-147, Karapakkam Village",LOHER LV flameproof
IB-3922112-V5F7,1PS5070-0BD64-4BA0-2343795,19-07-2024 19:20,Active,1PS5070-0BD64-4BA0,2343795,Flowserve Sanmar Limited,"IN-Chennai-147, Karapakkam Village",LOHER LV flameproof
IB-3922160-H3L8,1PS5070-0BD64-4BA0-2343796,19-07-2024 19:20,Active,1PS5070-0BD64-4BA0,2343796,Flowserve Sanmar Limited,"IN-Chennai-147, Karapakkam Village",LOHER LV flameproof
IB-3922201-P0Z6,1PS5070-0BD64-4BA0-2343797,19-07-2024 19:20,Active,1PS5070-0BD64-4BA0,2343797,Flowserve Sanmar Limited,"IN-Chennai-147, Karapakkam Village",LOHER LV flameproof
IB-3922257-D5Q0,1PS5070-0BD64-4BA0-2343798,19-07-2024 19:20,Active,1PS5070-0BD64-4BA0,2343798,Flowserve Sanmar Limited,"IN-Chennai-147, Karapakkam Village",LOHER LV flameproof
IB-3922314-Y2B9,1PS5070-0BD64-4BA0-2343799,19-07-2024 19:20,Active,1PS5070-0BD64-4BA0,2343799,Flowserve Sanmar Limited,"IN-Chennai-147, Karapakkam Village",LOHER LV flameproof
IB-3922364-P3C1,1PS5070-0BD64-4BA0-2343800,19-07-2024 19:20,Active,1PS5070-0BD64-4BA0,2343800,Flowserve Sanmar Limited,"IN-Chennai-147, Karapakkam Village",LOHER LV flameproof
IB-3922409-Q8G1,1PS5070-0BD64-4BA0-2343801,19-07-2024 19:20,Active,1PS5070-0BD64-4BA0,2343801,Flowserve Sanmar Limited,"IN-Chennai-147, Karapakkam Village",LOHER LV flameproof
IB-3922483-R1N0,1PS5070-0BD64-4BA0-2343802,19-07-2024 19:20,Active,1PS5070-0BD64-4BA0,2343802,Flowserve Sanmar Limited,"IN-Chennai-147, Karapakkam Village",LOHER LV flameproof
IB-3922530-K2G5,1PS5070-0BD64-4BA0-2344604,19-07-2024 19:20,Active,1PS5070-0BD64-4BA0,2344604,Flowserve Sanmar Limited,"IN-Chennai-147, Karapakkam Village",LOHER LV flameproof
IB-3922581-G5K9,1PS5070-0BD64-4BA0-2344605,19-07-2024 19:20,Active,1PS5070-0BD64-4BA0,2344605,Flowserve Sanmar Limited,"IN-Chennai-147, Karapakkam Village",LOHER LV flameproof
IB-3922624-S9C3,1PS5070-0BD64-4BA0-2344606,19-07-2024 19:20,Active,1PS5070-0BD64-4BA0,2344606,Flowserve Sanmar Limited,"IN-Chennai-147, Karapakkam Village",LOHER LV flameproof
IB-3922670-B1Y7,1PS5070-0BD64-4BA0-2344607,19-07-2024 19:20,Active,1PS5070-0BD64-4BA0,2344607,Flowserve Sanmar Limited,"IN-Chennai-147, Karapakkam Village",LOHER LV flameproof
IB-3922718-L3M5,1PS5070-0BD64-4BA0-2344608,19-07-2024 19:20,Active,1PS5070-0BD64-4BA0,2344608,Flowserve Sanmar Limited,"IN-Chennai-147, Karapakkam Village",LOHER LV flameproof
IB-3922759-M9R2,1PS5070-0BD64-4BA0-2344609,19-07-2024 19:20,Active,1PS5070-0BD64-4BA0,2344609,Flowserve Sanmar Limited,"IN-Chennai-147, Karapakkam Village",LOHER LV flameproof
IB-3922814-Y7D7,1PS5070-0BD64-4BA0-2344610,19-07-2024 19:20,Active,1PS5070-0BD64-4BA0,2344610,Flowserve Sanmar Limited,"IN-Chennai-147, Karapakkam Village",LOHER LV flameproof
IB-3922850-J1X6,1PS5070-0BD64-4BA0-2344611,19-07-2024 19:20,Active,1PS5070-0BD64-4BA0,2344611,Flowserve Sanmar Limited,"IN-Chennai-147, Karapakkam Village",LOHER LV flameproof
IB-3922901-G7J9,1PS5070-0BD64-4BA0-2344705,19-07-2024 19:20,Active,1PS5070-0BD64-4BA0,2344705,Flowserve Sanmar Limited,"IN-Chennai-147, Karapakkam Village",LOHER LV flameproof
IB-3922939-M6K8,1PS5070-0BD64-4BA0-2344706,19-07-2024 19:20,Active,1PS5070-0BD64-4BA0,2344706,Flowserve Sanmar Limited,"IN-Chennai-147, Karapakkam Village",LOHER LV flameproof
IB-9411554-D5L8,TYZ:AN_MOTOR_H_FA-3004496000-10,21-01-2025 18:05,Active,TYZ:AN_MOTOR_H_FA,3004496000-10,Dresser-Rand India Private Limited,"IN-Ahmedabad-Plot 187, GIDC Estate",Motors HV ANEMA
IB-9417939-D3D8,TYZ:AN_MOTOR_H_FA-E18619-01-01,21-01-2025 18:06,Active,TYZ:AN_MOTOR_H_FA,E18619-01-01,Praxair India Pvt. Ltd.,IN-JHAGADIA-,Motors HV ANEMA
IB-7164513-S2Z5,A5E02163947-11987,23-12-2024 16:38,To be verified,A5E02163947,11987,Jindal Steel And Power Ltd.,"IN-Barbil-Plot No. 507/365,","PH GH180, air cooled"
IB-7164593-T0S4,A5E02163949-12008,23-12-2024 16:38,Verified,A5E02163949,12008,Jindal Steel And Power Ltd.,"IN-Barbil-Plot No. 507/365,","PH GH180, air cooled"
IB-7242912-B1X3,1NB1404-4AA70-4AJ0-Z-N-S85038830010001,24-12-2024 18:31,Active,1NB1404-4AA70-4AJ0-Z,N-S85038830010001,Indian Oil Corporation Ltd.,IN-Paradip-P.O. Paradip At. Po. Jhimani -,Motors HV Innomotics HV C (flameproof)
IB-7242969-M9T9,1NC1402-2AA74-4CG0-Z-N-S85038829010001,24-12-2024 18:31,Active,1NC1402-2AA74-4CG0-Z,N-S85038829010001,Indian Oil Corporation Ltd.,IN-Begusarai-PO Barauni Oil Refinery,Motors HV Innomotics HV C (flameproof)
IB-15509773-S8Q3,6SR5502-5NG46-0BH2-Z-Z8-2521518PR-5B2,11-06-2025 13:51,Active,6SR5502-5NG46-0BH2-Z,Z8-2521518PR-5B2,Star Cement Ltd.,"IN-Howrah-Nh 6, P. O. Mahishrekha, Madhabpur,","PH GH180, air cooled"
IB-9522602-C8T5,6SR3802-6HF43-0BH0-STB9J0317PHG33000,24-01-2025 16:27,Verified,6SR3802-6HF43-0BH0,STB9J0317PHG33000,Steel Authority of India Ltd.,IN-Rourkela-Rourkela Steel Plant,"PH GH180, air cooled"
IB-7351155-G3Q4,6SR5502-5NB41-2BH2-Z-Z8-245051835-096,26-12-2024 16:57,Preliminary,6SR5802-5NB41-2BH2-Z,Z8-245051835-096-0225-059,YANTRA HARVEST ENERGY PVT,"IN-Pune-Office No.101-103, Bay Business,","PH GH180, air cooled"
IB-7351303-P6Q7,6SR5502-5NC41-5BH2-Z-Z8-244551840-027,26-12-2024 16:57,Active,6SR5502-5NC41-5BH2-Z,Z8-244551840-027,J. K. Cement Ltd.,"IN-Navi Mumbai-Plot No C-39,TTC Industrial Area,Pa","PH GH180, air cooled"
IB-7351479-Z2Y3,6SR5502-5NC42-0BH2-Z-Z8-244951840-631,26-12-2024 16:57,Preliminary,6SR5802-5NC42-0BH2-Z,Z8-244951840-631-0225-063,AQUATECH SYSTEMS (ASIA) P,"IN-Pune-Survey No.244/2, Rajiv Gandhi","PH GH180, air cooled"
IB-7351521-J2W0,6SR5502-5NC42-0BH2-Z-Z8-244951840-633,26-12-2024 16:57,Preliminary,6SR5802-5NC42-0BH2-Z,Z8-244951840-633-0225-064,AQUATECH SYSTEMS (ASIA) P,"IN-Pune-Survey No.244/2, Rajiv Gandhi","PH GH180, air cooled"
IB-7351561-G4J0,6SR5502-5NC42-0BH2-Z-Z8-244951840-635,26-12-2024 16:57,Preliminary,6SR5802-5NC42-0BH2-Z,Z8-244951840-635-0225-065,AQUATECH SYSTEMS (ASIA) P,"IN-Pune-Survey No.244/2, Rajiv Gandhi","PH GH180, air cooled"
IB-7351604-Z8B6,6SR5502-5NC42-0BH2-Z-Z8-244951840-665,26-12-2024 16:57,Preliminary,6SR5802-5NC42-0BH2-Z,Z8-244951840-665-0225-066,AQUATECH SYSTEMS (ASIA) P,"IN-Pune-Survey No.244/2, Rajiv Gandhi","PH GH180, air cooled"
IB-7351638-R3K2,6SR5502-5NC42-0BH2-Z-Z8-244951840-667,26-12-2024 16:57,Preliminary,6SR5802-5NC42-0BH2-Z,Z8-244951840-667-0225-067,AQUATECH SYSTEMS (ASIA) P,"IN-Pune-Survey No.244/2, Rajiv Gandhi","PH GH180, air cooled"
IB-7351680-F1M9,6SR5502-5NC42-0BH2-Z-Z8-244951840-669,26-12-2024 16:57,Preliminary,6SR5802-5NC42-0BH2-Z,Z8-244951840-669-0225-068,AQUATECH SYSTEMS (ASIA) P,"IN-Pune-Survey No.244/2, Rajiv Gandhi","PH GH180, air cooled"
IB-7351756-B9J8,6SR5502-5NC42-0BH2-Z-Z8-244951840-62F,26-12-2024 16:57,Preliminary,6SR5802-5NC42-0BH2-Z,Z8-244951840-62F-0225-062,AQUATECH SYSTEMS (ASIA) P,"IN-Pune-Survey No.244/2, Rajiv Gandhi","PH GH180, air cooled"
IB-7351802-N5J7,6SR5502-5NC42-2BH2-Z-Z8-244551840-02B,26-12-2024 16:57,Verified,6SR5502-5NC42-2BH2-Z,Z8-244551840-02B,J. K. Cement Ltd.,"IN-Panna-Village Harduwaken, Tehsil Amanganj, Pin - 488441,  Distt. Panna (M.P.","PH GH180, air cooled"
IB-7352033-H9F4,6SR5502-5NE43-5BH2-Z-Z8-244451848-5B7,26-12-2024 16:57,Verified,6SR5502-5NE43-5BH2-Z,Z8-244451848-5B7,J. K. Cement Ltd.,"IN-Panna-Village Harduwaken, Tehsil Amanganj, Pin - 488441,  Distt. Panna (M.P.","PH GH180, air cooled"
IB-7352069-M9N0,6SR5502-5NE43-5BH2-Z-Z8-244451848-5B9,26-12-2024 16:57,Verified,6SR5502-5NE43-5BH2-Z,Z8-244451848-5B9,J. K. Cement Ltd.,"IN-Panna-Village Harduwaken, Tehsil Amanganj, Pin - 488441,  Distt. Panna (M.P.","PH GH180, air cooled"
IB-7352108-N2H3,6SR5502-5NE43-5BH2-Z-Z8-244451848-5BB,26-12-2024 16:57,Verified,6SR5502-5NE43-5BH2-Z,Z8-244451848-5BB,J. K. Cement Ltd.,"IN-Panna-Village Harduwaken, Tehsil Amanganj, Pin - 488441,  Distt. Panna (M.P.","PH GH180, air cooled"
IB-7352151-D8G0,6SR5502-5NE43-5BH2-Z-Z8-244551848-029,26-12-2024 16:57,Verified,6SR5502-5NE43-5BH2-Z,Z8-244551848-029,J. K. Cement Ltd.,"IN-Panna-Village Harduwaken, Tehsil Amanganj, Pin - 488441,  Distt. Panna (M.P.","PH GH180, air cooled"
IB-14830156-X4G8,,03-03-2025 11:22,Verified,6SR3802-6HF43-0BH0-Z,STB9J0318PHG33000,Steel Authority of India Ltd.,IN-Rourkela-Rourkela Steel Plant,"PH GH180, air cooled"
IB-7357121-R2F0,6SR5502-2HF42-0BH2-Z-Z8-242951552-0C1,26-12-2024 16:57,Verified,6SR5502-2HF42-0BH2-Z,Z8-242951552-0C1,Mangalore Refinery and Petrochemicals Ltd.,"IN-Mangalore-Mudapadav, Kuthethoor P.O, Via Katipalla","PH GH180, air cooled"
IB-7358260-Z3Q0,6SR5502-0CD41-0BH0-Z-Z8-242450345-001,26-12-2024 16:57,Active,6SR5502-0CD41-0BH0-Z,Z8-242450345-001,SULZER PUMPS INDIA PVT. L,"IN-Navi Mumbai-9 MIDC, Thane Belapur Rd., Digha","PH GH180, air cooled"
IB-7358322-Y7C6,6SR5502-0CD41-0BH0-Z-Z8-242450345-002,26-12-2024 16:57,Active,6SR5502-0CD41-0BH0-Z,Z8-242450345-002,SULZER PUMPS INDIA PVT. L,"IN-Navi Mumbai-9 MIDC, Thane Belapur Rd., Digha","PH GH180, air cooled"
IB-7359197-T4Q2,6SR5502-2NF43-0BH2-Z-Z8-2431515PI-4C5,26-12-2024 16:57,Active,6SR5502-2NF43-0BH2-Z,Z8-2431515PI-4C5,LLOYDS METALS AND ENERGY,"IN-Navi Mumbai-Plot No C-39,TTC Industrial Area,Pa","PH GH180, air cooled"
IB-7359668-D0X9,6SR5502-2HF42-7FH2-Z-Z8-244951552-0A5,26-12-2024 16:57,Preliminary,6SR5802-2HF42-7BH2-Z,Z8-244951552-0A5-0225-056,Prodair Air Products India Pvt. Ltd.,"IN-Mumbai-Pawane MIDC, Turbhe - Mahape Road","PH GH180, air cooled"
IB-7145086-B7Q7,1DQ5852-8DT09-Z-D0650233401,25-11-2024 20:47,Active,1DQ5852-8DT09-Z,D0650233401,Jindal Steel and Power Ltd,IN-Raigarh-Kharsia road,"Motors HV Milling Motors (sync., large)"
IB-7145533-J8T7,1DX2062-8CS02-Z-D1488525401,25-11-2024 20:47,Active,1DX2062-8CS02-Z,D1488525401,QGC Pty Ltd,IN - QGC Chinchilla,"Motors HV H-modyn (sync., cylindrical)"
IB-7313181-B1D2,1SG76344JR403EG0-Z-DVY/16703161001,26-12-2024 12:56,Active,1SG76344JR403EG0-Z,DVY/16703161001,Steel Authority of India Ltd.  Manager (Boria Stores),IN -Bhilai-Bhilai Steel Plant District,Motors HV Innomotics HV M (Ex)
IB-15487617-R7H3,6SR5502-2HC41-0BH2-Z-Z8-252151540-5A4,04-06-2025 13:42,Preliminary,6SR5802-2HC41-0BH2-Z,Z8-252151540-5A4-0625-108,INNOMOTICS INDIA PRIVATE,"IN-Navi Mumbai-Plot No C-39,TTC Industrial Area,Pa","PH GH180, air cooled"
IB-14830157-N5G1,,03-03-2025 11:48,Verified,6SR3802-6HF43-0BH0,STB9J0319PHG33000,Steel Authority of India Ltd.,IN-Rourkela-Rourkela Steel Plant,"PH GH180, air cooled"
IB-14830173-K4H1,,03-03-2025 12:44,Verified,6SR4802-2HA34-0FH1,STBDJ0356PHG4400,JINDAL STEEL LIMITED,"IN-Angul-At/P.O. Jindal Nagar, Nisa SH-63, Chhendipada Rd.","PH GH180, air cooled"
IB-9493867-J9K5,TYZ:AN_MOTOR_H_FA-672170-10-02,21-01-2025 18:12,Active,TYZ:AN_MOTOR_H_FA,672170-10-02,PRAXAIR ASIA INC,"IN-JHARKHAND-""L"" TOWN",Motors HV ANEMA
IB-7227159-M3Y6,1NB1502-2AA90-4CJ0-Z-N-SD5039539010001,24-12-2024 18:29,Active,1NB1502-2AA90-4CJ0-Z,N-SD5039539010001,Sulzer Pumps India Pvt. Ltd.,"IN-Thane-Plot No. 9, Moirvali - M I D C,",Motors HV Innomotics HV C (flameproof)
IB-7227179-K6N5,1NB1502-2AA90-4CJ0-Z-N-SD5039539020001,24-12-2024 18:29,Active,1NB1502-2AA90-4CJ0-Z,N-SD5039539020001,Sulzer Pumps India Pvt. Ltd.,"IN-Thane-Plot No. 9, Moirvali - M I D C,",Motors HV Innomotics HV C (flameproof)
IB-7227208-B9T7,1NB1502-2AA90-4CJ0-Z-N-SD5039539021001,24-12-2024 18:29,Active,1NB1502-2AA90-4CJ0-Z,N-SD5039539021001,Sulzer Pumps India Pvt. Ltd.,"IN-Thane-Plot No. 9, Moirvali - M I D C,",Motors HV Innomotics HV C (flameproof)
IB-7245554-J5X3,1NC1350-2AA74-4AA0-Z-N-S95039356010001,24-12-2024 18:31,Active,1NC1350-2AA74-4AA0-Z,N-S95039356010001,Indian Oil Corporation Ltd.  Refineries & Pipelines Division Hal,IN-Haldia-P.O. Haldia Oil Refinery,Motors HV Innomotics HV C (flameproof)
IB-7309013-M9V6,1SL65642HJ90-Z-DVY/16936031001,26-12-2024 12:56,To be verified,1SL65642HJ90-Z,DVY/16936031001,Nayara Energy Ltd.,"IN-Jamnagar-Khambhalia Post, District Devbhumi",Motors HV Innomotics HV M (Ex)
IB-7309257-C9N6,1SG65664JT70-Z-DVY/16887091001,26-12-2024 12:56,Active,1SG65664JT70-Z,DVY/16887091001,SIEMENS LARGE DRIVES INDIA PRIVATE LIMITED,"IN-Navi Mumbai-2 sector, plot no 2, Siemens Ltd,",Motors HV Innomotics HV M (Ex)
IB-7367375-M1G7,6SR5502-5NE43-2BH2-Z-Z8-244551848-02D,26-12-2024 16:58,Verified,6SR5502-5NE43-2BH2-Z,Z8-244551848-02D,J. K. Cement Ltd.,"IN-Panna-Village Harduwaken, Tehsil Amanganj, Pin - 488441,  Distt. Panna (M.P.","PH GH180, air cooled"
IB-7368740-G1M3,6SR5502-2HS45-0BH2-Z-Z8-2432515B8-054,26-12-2024 16:58,Verified,6SR5502-2HS45-0BH2-Z,Z8-2432515B8-054,Goodyear South Asia Tyres Pvt. Ltd.,"IN-Aurangabad-H-18, MIDC, Waluj","PH GH180, air cooled"
IB-15293106-F3C4,TYZ:AN_MOTOR_H_FA-3090014399-20,11-04-2025 16:13,Active,TYZ:AN_MOTOR_H_FA,3090014399-20,Innomotics India Private Limited,"IN-Mumbai-Pawane MIDC, Turbhe - Mahape Road",Motors HV ANEMA
IB-15532421-H2L4,6SR55022HD415BH2-Z-Z8-252251544-347,18-06-2025 13:57,Verified,6SR55022HD415BH2-Z,Z8-252251544-347,Arcelormittal Nippon Steel India Ltd.,"IN-Hazira-27Km, Surat Hazira Rd., Surat","PH GH180, air cooled"
IB-15532422-J1H0,6SR55022HD415BH2-Z-Z8-252251544-349,18-06-2025 13:57,Verified,6SR55022HD415BH2-Z,Z8-252251544-349,Arcelormittal Nippon Steel India Ltd.,"IN-Surat-27km, Surat Hazira Road, Hazira, Surat, Gujarat","PH GH180, air cooled"
IB-15532423-Q1C3,6SR55022HD415BH2-Z-Z8-252251544-34B,18-06-2025 13:57,Active,6SR55022HD415BH2-Z,Z8-252251544-34B,"AMNS STEEL LTD., INDIA","IN-Hazira-27Km, Surat Hazira Rd., Surat","PH GH180, air cooled"
IB-15532424-T6V6,6SR55022HD415BH2-Z-Z8-252251544-34D,18-06-2025 13:57,Verified,6SR55022HD415BH2-Z,Z8-252251544-34D,Arcelormittal Nippon Steel India Ltd.,"IN-Hazira-27Km, Surat Hazira Rd., Surat","PH GH180, air cooled"
IB-14847228-N6G7,6SR5502-2HA35-0BH2-Z-Z8-245351534-172,05-04-2025 00:01,Preliminary,6SR5802-2HA35-0BH2-Z,Z8-245351534-172-0325-073,YANTRA HARVEST ENERGY PVT,"IN-Pune-Office No.101-103, Bay Business,","PH GH180, air cooled"
IB-14847279-Y5Y6,6SR5502-2HB36-0BH2-Z-Z8-251051535-551,05-04-2025 00:01,Preliminary,6SR5802-2HB36-0BH2-Z,Z8-251051535-551-0525-091,YANTRA HARVEST ENERGY PVT,"IN-Pune-Office No.101-103, Bay Business,","PH GH180, air cooled"
IB-14847348-T5Z2,6SR5502-2HB38-7BH2-Z-Z8-245351535-174,05-04-2025 00:01,Preliminary,6SR5802-2HB38-7BH2-Z,Z8-245351534-174-0325-074,YANTRA HARVEST ENERGY PVT,"IN-Pune-Office No.101-103, Bay Business,","PH GH180, air cooled"
IB-14847372-W3G6,6SR5502-2HB38-7BH2-Z-Z8-245351535-178,05-04-2025 00:01,Active,6SR5502-2HB38-7BH2-Z,Z8-245351535-178,YANTRA HARVEST ENERGY PVT,"IN-Pune-Office No.101-103, Bay Business,","PH GH180, air cooled"
IB-14847461-G1C9,6SR5502-2HC41-2BH2-Z-Z8-251051540-00D,05-04-2025 00:01,Verified,6SR5502-2HC41-2BH2-Z,Z8-251051540-00D,Arcelormittal Nippon Steel India Ltd.,"IN-Hazira-27Km, Surat Hazira Rd., Surat","PH GH180, air cooled"
IB-14847488-J3H5,6SR5502-2HC41-2BH2-Z-Z8-251051540-00F,05-04-2025 00:01,Verified,6SR5502-2HC41-2BH2-Z,Z8-251051540-00F,Arcelormittal Nippon Steel,"IN-Hazira-27Km, Surat Hazira Rd., Surat","PH GH180, air cooled"
IB-14847513-Z3X0,6SR5502-2HC41-2BH2-Z-Z8-251051540-54F,05-04-2025 00:01,Preliminary,6SR5802-2HC41-2BH2-Z,Z8-251051540-54F-0525-092,YANTRA HARVEST ENERGY PVT,"IN-Pune-Office No.101-103, Bay Business,","PH GH180, air cooled"
IB-14847542-N1S6,6SR5502-2HD41-5BH2-Z-Z8-245251544-011,05-04-2025 00:01,Preliminary,6SR5802-2HD41-5BH2-Z,Z8-245251544-011-0325-069,YANTRA HARVEST ENERGY PVT,"IN-Pune-Office No.101-103, Bay Business,","PH GH180, air cooled"
IB-14847586-L5B2,6SR5502-2HD41-5BH2-Z-Z8-245251544-012,05-04-2025 00:01,Preliminary,6SR5802-2HD41-5BH2-Z,Z8-245251544-012-0325-070,YANTRA HARVEST ENERGY PVT,"IN-Pune-Office No.101-103, Bay Business,","PH GH180, air cooled"
IB-14847619-G2B5,6SR5502-2HD41-5BH2-Z-Z8-245251544-013,05-04-2025 00:01,Preliminary,6SR5802-2HD41-5BH2-Z,Z8-245251544-013-0325-071,YANTRA HARVEST ENERGY PVT,"IN-Pune-Office No.101-103, Bay Business,","PH GH180, air cooled"
IB-14847643-J6S9,6SR5502-2HD41-5BH2-Z-Z8-245351544-011,05-04-2025 00:01,Preliminary,6SR5802-2HD41-5BH2-Z,Z8-245351544-011-0325-072,YANTRA HARVEST ENERGY PVT,"IN-Pune-Office No.101-103, Bay Business,","PH GH180, air cooled"
IB-14847688-Y6G0,6SR5502-2HD41-5BH2-Z-Z8-250751544-197,05-04-2025 00:01,Preliminary,6SR5802-2HD41-5BH2-Z,Z8-250751544-197-0425-085,Navin Fluorine Advanced Sciences Lt,"IN-Mumbai-Pawane MIDC, Turbhe - Mahape Road","PH GH180, air cooled"
IB-14847711-G0R9,6SR5502-2HD41-5BH2-Z-Z8-250951544-062,05-04-2025 00:01,Preliminary,6SR5802-2HD41-5BH2-Z,Z8-250951544-062-0425-088,YANTRA HARVEST ENERGY PVT,"IN-Pune-Office No.101-103, Bay Business,","PH GH180, air cooled"
IB-14847748-S3Y8,6SR5502-2HD41-5BH2-Z-Z8-250951544-064,05-04-2025 00:01,Preliminary,6SR5802-2HD41-5BH2-Z,Z8-250951544-064-0425-089,YANTRA HARVEST ENERGY PVT,"IN-Pune-Office No.101-103, Bay Business,","PH GH180, air cooled"
IB-14847779-R5Q6,6SR5502-2HD41-5BH2-Z-Z8-251051544-54D,05-04-2025 00:01,Preliminary,6SR5802-2HD41-5BH2-Z,Z8-251051544-54D-0525-093,YANTRA HARVEST ENERGY PVT,"IN-Pune-Office No.101-103, Bay Business,","PH GH180, air cooled"
IB-14847802-B6R8,6SR5502-2HE42-2BH2-Z-Z8-250251548-193,05-04-2025 00:01,Preliminary,6SR5802-2HE42-2BH2-Z,Z8-250251548-193-0425-084,Orient Cement Ltd.,IN -Adilabad-P.O. Devapur Cement Works,"PH GH180, air cooled"
IB-14847836-L2L8,6SR5502-2HE42-2BH2-Z-Z8-250751548-195,05-04-2025 00:01,Preliminary,6SR5802-2HE42-2BH2-Z,Z8-250751548-195-0425-090,CHETTINAD CEMENT CORPORAT,"IN-Mumbai-Pawane MIDC, Turbhe - Mahape Road","PH GH180, air cooled"
IB-14847919-Z7G9,6SR5502-2HF42-7FH2-Z-Z8-250351552-2D5,05-04-2025 00:01,Preliminary,6SR5802-2HF42-7BH2-Z,Z8-250351552-2D5-0425-083,Prodair Air Products India Pvt. Ltd.,"IN-Mumbai-Pawane MIDC, Turbhe - Mahape Road","PH GH180, air cooled"
IB-14847952-P9C5,6SR5502-2HF43-0BH2-Z-Z8-245351552-176,05-04-2025 00:01,Preliminary,6SR5802-2HF43-0BH2-Z,Z8-245351552-176-0325-076,YANTRA HARVEST ENERGY PVT,"IN-Pune-Office No.101-103, Bay Business,","PH GH180, air cooled"
IB-16065363-B3D3,6SR5502-2HA35-0BH2-Z-Z8-260251534-463,21-01-2026 14:45,Active,6SR5502-2HA35-0BH2-Z,Z8-260251534-463,JINDAL STEEL LIMITED,"IN-Angul-Jindal Nagar, Village-Nisha, State","PH GH180, air cooled"
IB-16065364-F9Q0,6SR5502-2HA35-0BH2-Z-Z8-260251534-465,21-01-2026 14:45,Active,6SR5502-2HA35-0BH2-Z,Z8-260251534-465,JINDAL STEEL LIMITED,"IN-Angul-Jindal Nagar, Village-Nisha, State","PH GH180, air cooled"
IB-16065365-H8F1,6SR5502-2HA35-0BH2-Z-Z8-260251534-468,21-01-2026 14:45,Active,6SR5502-2HA35-0BH2-Z,Z8-260251534-468,JINDAL STEEL LIMITED,"IN-Angul-Jindal Nagar, Village-Nisha, State","PH GH180, air cooled"
IB-16065366-P7C4,6SR5502-2HB36-0BH2-Z-Z8-260251535-081,21-01-2026 14:45,Active,6SR5502-2HB36-0BH2-Z,Z8-260251535-081,JINDAL STEEL LIMITED,"IN-Angul-Jindal Nagar, Village-Nisha, State","PH GH180, air cooled"
IB-16065367-Z5P2,6SR5502-2HB36-0BH2-Z-Z8-260251535-083,21-01-2026 14:45,Active,6SR5502-2HB36-0BH2-Z,Z8-260251535-083,JINDAL STEEL LIMITED,"IN-Angul-Jindal Nagar, Village-Nisha, State","PH GH180, air cooled"
IB-16065368-X2H8,6SR5502-2HB36-0BH2-Z-Z8-260251535-260,21-01-2026 14:45,Active,6SR5502-2HB36-0BH2-Z,Z8-260251535-260,JINDAL STEEL LIMITED,"IN-Angul-Jindal Nagar, Village-Nisha, State","PH GH180, air cooled"
IB-16065369-X9F8,6SR5502-2HB36-0BH2-Z-Z8-260251535-262,21-01-2026 14:45,Active,6SR5502-2HB36-0BH2-Z,Z8-260251535-262,JINDAL STEEL LIMITED,"IN-Angul-Jindal Nagar, Village-Nisha, State","PH GH180, air cooled"
IB-16065370-Q4M3,6SR5502-2HD41-5BH2-Z-Z8-260251544-084,21-01-2026 14:45,Active,6SR5502-2HD41-5BH2-Z,Z8-260251544-084,INNOMOTICS INDIA PRIVATE,"IN-Navi Mumbai-Plot No C-39,TTC Industrial Area,Pa","PH GH180, air cooled"
IB-16110434-H3F6,6SR5502-2HC41-2BH2-Z-Z8-260451540-24B,08-02-2026 14:33,Active,6SR5502-2HC41-2BH2-Z,Z8-260451540-24B,THE INDIA CEMENTS LTD.,"IN-Tirunelveli-Sankarnagar Works, Sankarnagar P.O.","PH GH180, air cooled"
IB-16110441-Z2G9,6SR5502-2HE42-0BH2-Z-Z8-260451548-24D,08-02-2026 14:33,Active,6SR5502-2HE42-0BH2-Z,Z8-260451548-24D,THE INDIA CEMENTS LTD.,"IN-Tirunelveli-Sankarnagar Works, Sankarnagar P.O.","PH GH180, air cooled"
IB-16110442-G9D4,6SR5502-2NS45-0BH2-Z-Z8-2604515B8-246,08-02-2026 14:33,Active,6SR5502-2NS45-0BH2-Z,Z8-2604515B8-246,VADRAJ CEMENT LIMITED,"IN-Howrah-Nh 6, P. O. Mahishrekha, Madhabpur,","PH GH180, air cooled"
IB-16110443-F3P9,6SR5502-5NE43-7BH2-Z-Z8-260451848-24C,08-02-2026 14:33,Active,6SR5502-5NE43-7BH2-Z,Z8-260451848-24C,THE INDIA CEMENTS LTD.,"IN-Tirunelveli-Sankarnagar Works, Sankarnagar P.O.","PH GH180, air cooled"
IB-15895109-L5J5,6SR5502-2HG43-7BH2-Z-Z8-2542515PR-014,26-10-2025 14:43,Active,6SR5502-2HG43-7BH2-Z,Z8-2542515PR-014,INNOMOTICS INDIA PRIVATE,"IN-Navi Mumbai-Plot No C-39,TTC Industrial Area,Pa","PH GH180, air cooled"
IB-14830174-H4K3,,03-03-2025 14:43,To be verified,6SR4802-2HF43-0BH1,STBOJ0336PHG43000,Hindustan Zinc Ltd.,IN-Bhilwara-Rampura Agucha Mines,"PH GH180, air cooled"
IB-16037290-G0J7,6RN7030-1RH31-3AA0-Z Q6CN2854600000,12-01-2026 18:25,Preliminary,6RN7030-1RH31-3AA0,Q6CN2854600000,Inpex Operations Australia Pty Ltd,IN - Inpex Ichthys NT,Excitation Units
IB-16037294-R7G8,6RN7030-1RH31-3AA0  Q6CN2854600001,12-01-2026 18:47,Preliminary,6RN7030-1RH31-3AA0,Q6CN2854600001,Inpex Operations Australia Pty Ltd,IN - Inpex Ichthys NT,Excitation Units
IB-16139507-D4P2,31500720.01,09-04-2026 04:46,Active,6SR4902-0AF05-0AD0,31500720.01,Clermont Coal Operations Pty Ltd,IN - Clermont Coal Mine,"PH GH180, air cooled"
IB-16139311-L0J4,6SR55022HE422BH1-Z8-240851548-0A5,18-03-2026 15:14,To be verified,6SR55022HE422BH1-Z,Z8-240851548-0A5,Numaligarh Refinery Ltd.,"IN-Numaligarh-NRL Complex, Dist : Golaghat","PH GH180, air cooled"
IB-16139312-B1R7,6SR5502-2HD41-5BH1-Z8-240851544-0A3,18-03-2026 16:08,Preliminary,6SR5802-2HD41-5BH1-Z,Z8-240851544-0A3,Numaligarh Refinery Ltd.,"IN-Numaligarh-NRL Complex, Dist : Golaghat","PH GH180, air cooled"
IB-16139313-G9L3,6SR5502-2HB38-0BH1-Z8-243751535-3A3,18-03-2026 16:50,To be verified,6SR5502-2HB38-0BH1,Z8-243751535-3A3,HPCL-Mittal Energy Ltd.,IN-Bhatinda-Village Phulokhari Taluka Talwandi,"PH GH180, air cooled"
